issue_id,label,label_short,system_component,issue_type,severity,confidence,affected_engines,affected_years,onset_km_range,symptom,cause,fix,warning_signs,inspection_advice,mention_count,source_videos,source,data_quality,notes,source_video_id,source_title,source_bucket
dsg_mechatronics_unit_failure,DSG mechatronic unit failure causing drive loss or control issues,Mechatronic failure,gearbox,chronic_failure,high,high,"[""all""]",2008-2009,,"Gear indicator flashing on dash, car not moving, hard shifting, delayed gears, complete loss of forward drive","Short circuit in transmission control module circuit, often from old transmission oil with high sulfur content, or electronic/hydraulic failure","Replace mechatronics unit (often remanufactured) and use updated oil, ensure correct coding","[""Gear indicator flashing"", ""Burnt plastic smell"", ""Hard shifts"", ""Loss of drive""]","Check for blown fuses (e.g., F2 30A), service history for oil changes and TSB compliance, scan for transmission fault codes",3.0,"[{""video_id"": ""wxauAw_AuAo"", ""title"": ""DSG Gearbox Diagnosed explained Fixed"", ""bucket"": ""engine_issues""}, {""video_id"": ""BxW8Gu21pyU"", ""title"": ""The DSG Transmission Explained - How A DSG Transmission Works, Advantages, & Cars That Have Them"", ""bucket"": ""engine_issues""}, {""video_id"": ""ReWaJ5ZYZYY"", ""title"": ""DSG GEARBOX FAULT CAN I FIX IT???? IT'S A 50/50 CHANCE!!!! "", ""bucket"": ""engine_issues""}]",youtube,high,Recall issued for late 2000s models; control module is expensive; fuse F2 feeds the TCM; can involve hydraulic pump overheating or solenoid shorts,,,
dsg_flywheel_failure,DSG dual mass flywheel wear and vibration,Flywheel failure,gearbox,wear_item,high,high,"[""all""]",,,"Hard shifting, failure to engage gear when starting, vibration, eventual contact inside bell housing",Dual mass flywheel components wear out and go out of balance,"Replace flywheel, requires transmission removal","[""Hard shifts"", ""Delayed gear engagement"", ""Vibration""]",Check for vibration and harsh engagement during test drive,2.0,"[{""video_id"": ""BxW8Gu21pyU"", ""title"": ""The DSG Transmission Explained - How A DSG Transmission Works, Advantages, & Cars That Have Them"", ""bucket"": ""engine_issues""}, {""video_id"": ""wxauAw_AuAo"", ""title"": ""DSG Gearbox Diagnosed explained Fixed"", ""bucket"": ""engine_issues""}]",youtube,high,Described as the most common problem on DSG transmissions,,,
dsg_clutch_wear_and_filter_clogging,DSG clutch wear and filter clogging from neglected service,Clutch/filter wear,gearbox,wear_item,medium,high,"[""all""]",,150k-250k km,"Increased clutch wear, potential slippage or engagement issues, harsh shifting",Neglecting fluid and filter changes leads to contaminant buildup and friction material accumulation,"Replace fluid and filter regularly (every 35k-40k miles), may need clutch pack replacement if severely worn","[""Neglected service history"", ""Harsh shifting"", ""Missed service intervals""]","Verify DSG service records, inspect drained fluid for metal debris or excessive contamination",2.0,"[{""video_id"": ""BxW8Gu21pyU"", ""title"": ""The DSG Transmission Explained - How A DSG Transmission Works, Advantages, & Cars That Have Them"", ""bucket"": ""engine_issues""}, {""video_id"": ""ReWaJ5ZYZYY"", ""title"": ""DSG GEARBOX FAULT CAN I FIX IT???? IT'S A 50/50 CHANCE!!!! "", ""bucket"": ""engine_issues""}]",youtube,high,"With proper service, clutches can last well over 150,000 miles; fluid was found clean in one case indicating no major wear",,,
dsg_pressure_sensor_failure,DSG pressure sensor failure causing limp mode,Pressure sensor fault,gearbox,sensor_fault,high,high,"[""1.2_TSI"", ""1.4_TSI""]",,,"Car intermittently loses drive, recovers after restart; gearbox enters emergency/limp mode with warning",Pressure sensor in DSG gearbox fails,Replace faulty pressure sensors on mechatronics unit and reset adaptations,"[""Intermittent loss of drive"", ""Gearbox emergency mode warning"", ""Sudden loss of gear engagement""]",Check for fault codes related to clutch pressure sensors; monitor live data for pressure readings outside spec; test drive for intermittent limp mode,2.0,"[{""video_id"": ""ReWaJ5ZYZYY"", ""title"": ""DSG GEARBOX FAULT CAN I FIX IT???? IT'S A 50/50 CHANCE!!!! "", ""bucket"": ""engine_issues""}, {""video_id"": ""BxW8Gu21pyU"", ""title"": ""The DSG Transmission Explained - How A DSG Transmission Works, Advantages, & Cars That Have Them"", ""bucket"": ""engine_issues""}]",youtube,high,Issue specific to DQ200 (0AM) 7-speed dry DSG gearbox; sensors located under a metal plate on the mechatronics unit,,,
dsg_hard_or_soft_shifting,DSG hard or soft shifting characteristics,Shift quality issues,gearbox,intermittent_fault,low,high,"[""all""]",2018-2024,,"Occasional harsh or balky gear changes; or feels less sharp, more like a traditional automatic with slippy feel","Computer mispredicting driver input, rapid throttle changes, failing flywheel, or shift logic changed to vehicle speed based","More deliberate driving inputs, possible flywheel or mechatronic repair; TCU tuning can improve but may not match older feel","[""Jerky shifts during light throttle modulation"", ""Smooth but less responsive shifts""]",Test drive with varying throttle inputs to assess shift character preference,2.0,"[{""video_id"": ""BxW8Gu21pyU"", ""title"": ""The DSG Transmission Explained - How A DSG Transmission Works, Advantages, & Cars That Have Them"", ""bucket"": ""engine_issues""}, {""video_id"": ""wxauAw_AuAo"", ""title"": ""DSG Gearbox Diagnosed explained Fixed"", ""bucket"": ""engine_issues""}]",youtube,high,"Hard shifting common on older DSGs; soft shifting affects Golf R (2018+) and GTI (2019+) with DQ381, subjective disadvantage for performance",,,
water_pump_thermostat_housing_failure,Water pump and thermostat housing prone to early failure,Water pump failure,cooling,chronic_failure,high,high,"[""EA888"", ""all""]",,,"Coolant leak, potential engine overheating, coolant smell, low coolant","Poor plastic housing design, leak between housing and pump",Replacement of water pump and thermostat housing with updated kit,"[""Minor coolant leak"", ""Overheating"", ""Coolant smell under hood"", ""Wetness or residue around pump""]",Check for coolant leaks and overheating history; inspect under manifold for leaks,2.0,"[{""video_id"": ""Ud-hCsHR8I8"", ""title"": ""VW Golf 7 GTI used car Buyer's Guide - Common Problems, Parts Pricing, Used Car Pricing, Review"", ""bucket"": ""common_faults""}, {""video_id"": ""zoSbJVeqdnQ"", ""title"": ""Finding Problems on a Used MK7 | Inspection Video"", ""bucket"": ""common_faults""}]",youtube,high,Common across various Volkswagen group products; leak can worsen and lead to overheating,,,
ignition_coil_pack_failure,Ignition coil pack failures and revision needed,Coil pack failure,electrical,intermittent_fault,medium,medium,"[""EA888"", ""all""]",,,"Misfires, rough running, check engine light, possible running issues",Original coils may have updates,Coil pack replacement with updated coils if needed,"[""Misfires"", ""Rough idle"", ""Original coils still installed""]",Check for misfire codes or recent coil replacements; check if coils are original or updated,2.0,"[{""video_id"": ""Ud-hCsHR8I8"", ""title"": ""VW Golf 7 GTI used car Buyer's Guide - Common Problems, Parts Pricing, Used Car Pricing, Review"", ""bucket"": ""common_faults""}, {""video_id"": ""zoSbJVeqdnQ"", ""title"": ""Finding Problems on a Used MK7 | Inspection Video"", ""bucket"": ""common_faults""}]",youtube,medium,Listed as a fairly common problem; coils may have been revised; replacement depends on condition,,,
interior_creaks_rattles,Interior creaks and rattles,Interior rattles,body,noise,low,high,"[""all""]",,,Various creaks and rattles inside the cabin,Typical for Volkswagen build quality; mentioned as expected by owner,,"[""Rattles from dashboard or trim"", ""Creaks over bumps""]",Listen for interior noises during test drive on rough roads,2.0,"[{""video_id"": ""JOaWTEIZEgQ"", ""title"": ""Mk7 VW Golf Gti Ownership Review - How Does It Hold Up As A Daily?"", ""bucket"": ""reviews""}, {""video_id"": ""uWlJroGaFS0"", ""title"": ""Volkswagen Golf GTI, is the go-to hot hatch still any good? | ReDriven VW Golf GTI (Mk7/7.5) review."", ""bucket"": ""reviews""}]",youtube,high,Owner was forewarned about this issue; considered normal for the model,,,
battery_failure,Battery failure causing vehicle breakdown,Battery failure,electrical,wear_item,medium,high,"[""all""]",,,"Car won't start, electrical systems fail","Insufficient reserve capacity, especially with start/stop systems",Replace battery with one meeting reserve capacity requirements,"[""Dim headlights"", ""Slow cranking""]","Test battery for reserve capacity, not just cold cranking amps",1.0,"[{""video_id"": ""wxauAw_AuAo"", ""title"": ""DSG Gearbox Diagnosed explained Fixed"", ""bucket"": ""engine_issues""}]",youtube,high,Over 50% of breakdowns are battery or charging system related,,,
dsg_fluid_contamination,DSG hydraulic fluid leaking into gearbox oil,Fluid contamination,gearbox,fluid_leak,high,medium,"[""all""]",,,"Potential gearbox damage, shifting problems",Internal seal failure in mechatronics unit,Replace mechatronics unit and flush gearbox if contaminated,"[""Low hydraulic fluid"", ""Discolored gearbox oil""]",Check for proper fluid separation and levels,1.0,"[{""video_id"": ""wxauAw_AuAo"", ""title"": ""DSG Gearbox Diagnosed explained Fixed"", ""bucket"": ""engine_issues""}]",youtube,medium,Not observed in one case; unit held correct amount of fluid,,,
air_conditioning_fault,Air conditioning system fault,A/C fault,other,intermittent_fault,low,medium,"[""all""]",,,Not specified,,,[],,1.0,"[{""video_id"": ""ReWaJ5ZYZYY"", ""title"": ""DSG GEARBOX FAULT CAN I FIX IT???? IT'S A 50/50 CHANCE!!!! "", ""bucket"": ""engine_issues""}]",youtube,low,"Mentioned as another job in the workshop diary, not detailed",,,
wiring_faults,Various electrical wiring issues,Wiring faults,electrical,intermittent_fault,medium,medium,"[""all""]",,,Not specified,,,[],,1.0,"[{""video_id"": ""ReWaJ5ZYZYY"", ""title"": ""DSG GEARBOX FAULT CAN I FIX IT???? IT'S A 50/50 CHANCE!!!! "", ""bucket"": ""engine_issues""}]",youtube,low,"Mentioned as pending workshop jobs, no specifics given",,,
turbocharger_failure_early_models,Turbocharger sudden failure on early models,Turbo failure,engine,chronic_failure,high,high,"[""EA888""]",pre-2015 (first 1.5 years of production),,"Drastic loss of power, poor acceleration, exhaust smoke, whining noise",Early turbo design vulnerability,"Turbocharger replacement; later models have revised, more reliable turbos","[""Loss of power"", ""Exhaust smoke"", ""Whining noise""]",Listen for whining noises and check for smoke; verify if turbo is revised version,1.0,"[{""video_id"": ""Ud-hCsHR8I8"", ""title"": ""VW Golf 7 GTI used car Buyer's Guide - Common Problems, Parts Pricing, Used Car Pricing, Review"", ""bucket"": ""common_faults""}]",youtube,high,Turbo manufactured by IHI Corporation; design revisions rolled out early,,,
rear_suspension_knocking_noise,Knocking noise from rear suspension,Rear suspension knock,suspension,noise,medium,high,"[""all""]",,,"Knocking or rattling from rear of car, especially below 60 km/h",Suspension design; rear shock absorbers revised early but issue persisted,Possible shock absorber replacement,"[""Knocking noise from rear""]",Test drive at low speeds (<60 km/h) and listen for knocking/rattling from rear,1.0,"[{""video_id"": ""Ud-hCsHR8I8"", ""title"": ""VW Golf 7 GTI used car Buyer's Guide - Common Problems, Parts Pricing, Used Car Pricing, Review"", ""bucket"": ""common_faults""}]",youtube,high,Car sits 15mm lower than standard hatchback; issue continued into later model years,,,
fuel_suction_pump_malfunction,Malfunctioning fuel suction pumps on early models,Fuel pump failure,fuel,chronic_failure,medium,medium,"[""EA888""]",early versions (pre-facelift),,"Fuel delivery issues, engine stalling, poor starting",,Fuel pump replacement,"[""Engine stalling"", ""Poor starting""]",Check service history for fuel pump replacements,1.0,"[{""video_id"": ""Ud-hCsHR8I8"", ""title"": ""VW Golf 7 GTI used car Buyer's Guide - Common Problems, Parts Pricing, Used Car Pricing, Review"", ""bucket"": ""common_faults""}]",youtube,medium,Some early versions of the GTI badged Golf 7 suffered from this,,,
carbon_buildup_intake_valves,Excessive carbon buildup in intake valves,Carbon buildup,engine,wear_item,medium,medium,"[""EA888""]",,100k+ km,"Reduced performance, rough idle, misfires",Direct injection design,Intake valve cleaning,"[""Loss of power"", ""Rough idle""]",Consider intake inspection if high mileage,1.0,"[{""video_id"": ""Ud-hCsHR8I8"", ""title"": ""VW Golf 7 GTI used car Buyer's Guide - Common Problems, Parts Pricing, Used Car Pricing, Review"", ""bucket"": ""common_faults""}]",youtube,medium,Listed as a fairly common problem,,,
sunroof_creaking_leaking,Creaking and sometimes leaking sunroof,Sunroof issues,body,noise,low,medium,"[""all""]",,,"Creaking noises, water leaks",,Seal replacement or adjustment,"[""Creaking sounds"", ""Water stains""]",Check for water damage and operate sunroof to listen for creaks,1.0,"[{""video_id"": ""Ud-hCsHR8I8"", ""title"": ""VW Golf 7 GTI used car Buyer's Guide - Common Problems, Parts Pricing, Used Car Pricing, Review"", ""bucket"": ""common_faults""}]",youtube,medium,Listed as a fairly common problem; panoramic sunroof was popular in South Africa,,,
oil_cap_seal_leak,Oil mist around oil cap due to poor seal,Oil cap leak,engine,fluid_leak,low,high,"[""all""]",,,Oily residue around oil cap,Oil cap not sealing perfectly under certain conditions,Install updated oil cap,"[""Oil mist around cap""]",Check around oil cap for oil spray,1.0,"[{""video_id"": ""zoSbJVeqdnQ"", ""title"": ""Finding Problems on a Used MK7 | Inspection Video"", ""bucket"": ""common_faults""}]",youtube,high,Pretty common on these engines; updated part available,,,
incorrect_oil_used,Wrong or low-quality oil used by dealer,Incorrect oil,engine,other,medium,medium,"[""all""]",,,"None immediately, potential long-term engine wear","Dealers using cheapest oil, not meeting VW spec",Change oil to correct specification,"[""Oil change records from non-specialist shops""]",Check oil type and change immediately after purchase,1.0,"[{""video_id"": ""zoSbJVeqdnQ"", ""title"": ""Finding Problems on a Used MK7 | Inspection Video"", ""bucket"": ""common_faults""}]",youtube,medium,Risk with used cars from non-VW dealers; oil may not meet spec,,,
oil_drain_plug_leak,Oil leak from drain plug due to overuse,Drain plug leak,engine,fluid_leak,low,high,"[""all""]",,,"Oil leak under car, wet oil pan","Drain plug reused too many times, not replaced",Replace drain plug with new one,"[""Oil leak from drain area"", ""Markings on plug from oil change place""]",Inspect under engine for leaks around drain plug,1.0,"[{""video_id"": ""zoSbJVeqdnQ"", ""title"": ""Finding Problems on a Used MK7 | Inspection Video"", ""bucket"": ""common_faults""}]",youtube,high,Plug should be replaced every oil change,,,
front_brake_vibration,Vibration during braking due to warped rotors,Brake vibration,brakes,wear_item,medium,high,"[""all""]",,,Vibration in pedal and steering wheel when braking,Warped or scored front rotors,Machine or replace rotors and pads,"[""Brake vibration"", ""Scored rotor surfaces""]",Test drive and check for vibration; inspect rotor condition,1.0,"[{""video_id"": ""zoSbJVeqdnQ"", ""title"": ""Finding Problems on a Used MK7 | Inspection Video"", ""bucket"": ""common_faults""}]",youtube,high,Pads may still have life but rotors need attention,,,
tire_inner_edge_wear,Excessive inner tire tread wear,Inner tire wear,suspension,wear_item,medium,high,"[""all""]",,,"Uneven tire wear, reduced tire life","Alignment issue, possibly camber related",Check and adjust alignment,"[""Inner tire tread worn more than outer""]",Inspect tires for uneven wear patterns,1.0,"[{""video_id"": ""zoSbJVeqdnQ"", ""title"": ""Finding Problems on a Used MK7 | Inspection Video"", ""bucket"": ""common_faults""}]",youtube,high,Could indicate suspension or alignment problem,,,
databus_error_fuel_sensor_faults,Databus error and fuel sensor faults,Fuel sensor error,electrical,sensor_fault,low,medium,"[""all""]",,,"Fault codes stored, no drivability issues",Likely from dead battery,Clear codes and test drive; replace battery if needed,"[""OBD-II scan shows databus and fuel sensor faults""]",Scan for faults and check battery health,1.0,"[{""video_id"": ""zoSbJVeqdnQ"", ""title"": ""Finding Problems on a Used MK7 | Inspection Video"", ""bucket"": ""common_faults""}]",youtube,medium,Faults may clear and not return after battery replacement,,,
intake_air_system_leak_fault,Intake air system leak fault code,Intake leak fault,engine,sensor_fault,medium,medium,"[""all""]",,,"Fault code stored, possible running issues","Unknown, possibly related to other electrical faults",Clear codes and test drive; inspect intake system,"[""OBD-II scan shows intake leak fault""]",Scan for faults and check intake components,1.0,"[{""video_id"": ""zoSbJVeqdnQ"", ""title"": ""Finding Problems on a Used MK7 | Inspection Video"", ""bucket"": ""common_faults""}]",youtube,medium,Found during scan; may be intermittent,,,
battery_replacement_needed,Dead battery causing electrical faults,Dead battery,electrical,wear_item,low,high,"[""all""]",,,"Electrical faults, possible no-start",Battery end of life,Replace battery,"[""New non-original battery installed"", ""Multiple electrical faults""]",Check battery age and condition,1.0,"[{""video_id"": ""zoSbJVeqdnQ"", ""title"": ""Finding Problems on a Used MK7 | Inspection Video"", ""bucket"": ""common_faults""}]",youtube,high,Battery already replaced; faults likely related,,,
coolant_mixing_risk,Risk of mixed coolant types causing issues,Coolant mixing risk,cooling,other,high,medium,"[""all""]",,,"Coolant discoloration, potential cooling system damage",Mixing pink (G12/G13) with green coolant,Use only correct pink coolant,"[""Brownish coolant color""]",Inspect coolant color and condition,1.0,"[{""video_id"": ""zoSbJVeqdnQ"", ""title"": ""Finding Problems on a Used MK7 | Inspection Video"", ""bucket"": ""common_faults""}]",youtube,medium,Mixing coolant can cause extended damage,,,
body_damage_rock_panel_bumper,Damage to rocker panel and front bumper,Body damage,body,structural,low,high,"[""all""]",,,Visible flattening or scuffs on rocker panel; damage under front bumper,Improper lift arm placement or hitting animal carcass,Body repair or bumper replacement if desired,"[""Flattened or scuffed rocker panel"", ""Damage under front bumper"", ""Debris embedded""]",Inspect rocker panels and underside of front bumper for damage,1.0,"[{""video_id"": ""zoSbJVeqdnQ"", ""title"": ""Finding Problems on a Used MK7 | Inspection Video"", ""bucket"": ""common_faults""}]",youtube,high,"Cosmetic only, not structural; damage covered up but visible from below",,,
serpentine_belt_wear,Serpentine belt may need replacement due to age,Belt wear,engine,wear_item,medium,medium,"[""all""]",,,Cracking on belt ribs,Age and mileage,Replace serpentine belt,"[""Cracking on belt ribs""]",Inspect belt for cracking,1.0,"[{""video_id"": ""zoSbJVeqdnQ"", ""title"": ""Finding Problems on a Used MK7 | Inspection Video"", ""bucket"": ""common_faults""}]",youtube,medium,"Belt on this car looks new, but general advice for used cars",,,
spark_plugs_original,Original spark plugs may need replacement,Spark plugs original,engine,wear_item,low,high,"[""all""]",,,Potential misfires or poor performance,Age and mileage,Replace spark plugs,"[""Original plugs based on untouched ground nuts""]",Check if spark plugs have been replaced,1.0,"[{""video_id"": ""zoSbJVeqdnQ"", ""title"": ""Finding Problems on a Used MK7 | Inspection Video"", ""bucket"": ""common_faults""}]",youtube,high,Plugs likely original at this mileage,,,
clutch_wear_high_engagement,Clutch wear indicated by high engagement point,Clutch wear,gearbox,wear_item,medium,medium,"[""all""]",,,Clutch engages higher as it wears,Normal clutch wear,Replace clutch,"[""High clutch engagement point""]",Test drive and compare engagement to new car,1.0,"[{""video_id"": ""zoSbJVeqdnQ"", ""title"": ""Finding Problems on a Used MK7 | Inspection Video"", ""bucket"": ""common_faults""}]",youtube,medium,Specific to manual transmission cars,,,
suspension_noises_wear,Suspension noises over bumps and tie rod boot dry rot,Suspension wear,suspension,wear_item,low,high,"[""all""]",,,Squeaks or noises from suspension; potential for boot failure,Wear in suspension components; age and exposure,Inspect and replace worn parts; monitor and replace boots if cracked,"[""Noises over bumps or potholes"", ""Dry, stiff boots""]",Test drive over rough roads and listen for noises; inspect tie rod boots for cracks or damage,1.0,"[{""video_id"": ""zoSbJVeqdnQ"", ""title"": ""Finding Problems on a Used MK7 | Inspection Video"", ""bucket"": ""common_faults""}]",youtube,high,Common at higher mileage; boots are okay but should be watched,,,
fender_liner_debris_rust,Debris buildup in fender liners causing rust,Fender liner rust,body,structural,high,high,"[""all""]",2005-2024,,"Rust formation on quarter panels, rockers, and fenders","Dirt, rocks, salt, sand collecting behind fender liners, keeping metal moist","Clean out fender liners regularly, apply fluid film or undercoating","[""Visible rust at quarter panel/bumper joint"", ""Dust/debris accumulation behind liners""]","Check behind fender liners for debris and rust, especially in northern climates",1.0,"[{""video_id"": ""E-vn6KEqaJk"", ""title"": ""THE SECRET TO KEEP A VW RUST FREE (Cleaning the Fender Liners on a MK7 Golf)"", ""bucket"": ""common_faults""}]",youtube,high,Critical in areas where roads are salted; foam inserts in liners hold moisture,,,
water_pump_leak,Water pump leaking continuously,Water pump leak,cooling,fluid_leak,high,high,"[""all""]",,,Water pump leaking coolant,,Water pump replaced and cleaned,"[""Coolant leaks under car"", ""Overheating""]",Check for coolant leaks around water pump,1.0,"[{""video_id"": ""P4nQsN7zNcA"", ""title"": ""This Golf R Has A HUGE LIST OF PROBLEMS!"", ""bucket"": ""common_faults""}]",youtube,high,Described as a common issue; repair cost around £850,,,
disc_brakes_cracked,Front disc brakes cracked all around,Cracked brake discs,brakes,structural,high,high,"[""all""]",,,"Brake discs split and cracked, likely from overheating",Overheating from heavy use,New front and rear discs and pads fitted,"[""Cracks visible on brake discs"", ""Brakes getting very hot""]","Inspect brake discs for cracks, especially after hard use",1.0,"[{""video_id"": ""P4nQsN7zNcA"", ""title"": ""This Golf R Has A HUGE LIST OF PROBLEMS!"", ""bucket"": ""common_faults""}]",youtube,high,Front discs were cracked all around; rears were worn down to metal,,,
cam_magnets_faulty,Both cam magnets not controlling camshafts,Faulty cam magnets,engine,sensor_fault,high,high,"[""all""]",,,"Camshaft control issues, especially exhaust side",Faulty cam magnets and valves,Both cam magnets and valves replaced,"[""Engine performance issues"", ""Camshaft control faults""]",Check cam magnet operation with diagnostic scan,1.0,"[{""video_id"": ""P4nQsN7zNcA"", ""title"": ""This Golf R Has A HUGE LIST OF PROBLEMS!"", ""bucket"": ""common_faults""}]",youtube,high,Exhaust cam magnet was worse; both were replaced,,,
rear_damper_leak,Nearside rear damper leaked and lost fluid,Damper fluid leak,suspension,fluid_leak,medium,high,"[""all""]",,,"Damper had no fluid left, likely causing poor ride",Leak in damper,Replaced with second-hand low-mileage unit,"[""Damper leaking fluid"", ""Poor suspension performance""]",Check dampers for leaks and fluid loss,1.0,"[{""video_id"": ""P4nQsN7zNcA"", ""title"": ""This Golf R Has A HUGE LIST OF PROBLEMS!"", ""bucket"": ""common_faults""}]",youtube,high,"Volkswagen recommends replacing dampers in pairs, but a second-hand unit was used",,,
windscreen_chips,Windscreen covered in chips and cracks,Windscreen chips,body,structural,medium,high,"[""all""]",,,"Windscreen has multiple chips and cracks, possibly illegal",,Windscreen replacement booked,"[""Visible chips and cracks in windscreen""]","Check windscreen for chips and cracks, especially in swept area",1.0,"[{""video_id"": ""P4nQsN7zNcA"", ""title"": ""This Golf R Has A HUGE LIST OF PROBLEMS!"", ""bucket"": ""common_faults""}]",youtube,high,Mentioned as needing replacement for legality and appearance,,,
dvx_valve_fueling_issue,DVX adjustable dump valve causing fueling problems,DVX valve fueling issue,engine,intermittent_fault,medium,high,"[""all""]",,,"Fueling all over the place, poor engine performance","DVX valve dumping to air, messing with predicted MAF tables",DVX valve removed and stock DV valve reinstalled,"[""Erratic fueling"", ""Poor engine performance""]",Check for aftermarket dump valves and their compatibility,1.0,"[{""video_id"": ""P4nQsN7zNcA"", ""title"": ""This Golf R Has A HUGE LIST OF PROBLEMS!"", ""bucket"": ""common_faults""}]",youtube,high,DVX valve caused fueling issues because MAF tables are predicted for stock setup,,,
tune_hardware_mismatch,Engine tune not suitable for installed hardware,Tune mismatch,engine,intermittent_fault,medium,high,"[""all""]",,,"Engine performance anomalies, especially in fourth gear","Tune not matching hardware (e.g., missing intercooler, stock exhaust)",Correct hardware installed and latest tune applied by RacingLine,"[""Performance issues in specific gears"", ""Inconsistent power""]",Verify tune compatibility with all installed hardware,1.0,"[{""video_id"": ""P4nQsN7zNcA"", ""title"": ""This Golf R Has A HUGE LIST OF PROBLEMS!"", ""bucket"": ""common_faults""}]",youtube,high,Car was stage two but missing intercooler and had stock exhaust; tune updated,,,
clutch_wear_high_power,Clutch is weak link when making more power,Clutch wear,gearbox,wear_item,medium,high,"[""all""]",,,Clutch slipping under increased power,Increased torque from modifications,Clutch replacement,"[""Slipping under acceleration""]",Check clutch engagement if car is modified,1.0,"[{""video_id"": ""PwzmaKYijOc"", ""title"": ""Volkswagen MK7 Golf GTI Buyer's Guide - Models, Engines, & Options"", ""bucket"": ""common_faults""}]",youtube,high,Described as the 'fusible link' in manual transmission variants,,,
bolt_corrosion_suspension_components,Corrosion of suspension and brake component bolts,Bolt corrosion,suspension,wear_item,medium,high,"[""all""]",2005-2024,100k-200k km,Bolts seizing or rounding off during removal,"Exposure to road salt, moisture, and debris",Coat bolts with fluid film or anti-seize periodically,"[""Rusted end link bolts"", ""Corroded tie rod bolts""]",Check suspension and brake line bolts for corrosion,1.0,"[{""video_id"": ""E-vn6KEqaJk"", ""title"": ""THE SECRET TO KEEP A VW RUST FREE (Cleaning the Fender Liners on a MK7 Golf)"", ""bucket"": ""common_faults""}]",youtube,high,Preventative coating makes future repairs easier,,,
interior_trim_damage,Broken interior trim piece,Trim damage,body,structural,low,high,"[""all""]",,,Visible broken trim,Physical damage,Replace trim piece,"[""Broken trim in interior""]",Inspect interior for damage,1.0,"[{""video_id"": ""zoSbJVeqdnQ"", ""title"": ""Finding Problems on a Used MK7 | Inspection Video"", ""bucket"": ""common_faults""}]",youtube,high,Cosmetic issue only,,,
battery_blanket_missing,Missing battery blanket increasing no-start risk in cold,Missing battery blanket,electrical,other,low,medium,"[""all""]",,,Increased risk of no-start in cold weather,Battery blanket left off after battery replacement,Install battery blanket,"[""Battery blanket missing""]",Check for presence of battery blanket,1.0,"[{""video_id"": ""zoSbJVeqdnQ"", ""title"": ""Finding Problems on a Used MK7 | Inspection Video"", ""bucket"": ""common_faults""}]",youtube,medium,Affects cold weather starting,,,
exhaust_clamp_missing,Exhaust clamp missing and rotten,Missing exhaust clamp,exhaust,structural,low,high,"[""all""]",,,"Exhaust clamp missing, potential exhaust leak",Clamp rotten off,Brand new exhaust clamp fitted,"[""Exhaust noise"", ""Visible missing clamp""]",Inspect exhaust clamps for rust and integrity,1.0,"[{""video_id"": ""P4nQsN7zNcA"", ""title"": ""This Golf R Has A HUGE LIST OF PROBLEMS!"", ""bucket"": ""common_faults""}]",youtube,high,Part of Scorpion downpipe and res delete exhaust system,,,
wheel_arch_liner_screw_rub,Wheel arch liner screw causing tire rub with spacers,Arch liner screw rub,body,noise,low,high,"[""all""]",,,Scrubbing noise when cornering or with lowered suspension,Wheel arch liner screw contacting tire due to spacers,Screw removed to prevent rubbing,"[""Scrubbing noise from wheel arches"", ""Tire contact marks""]",Check for screw contact in wheel arches when spacers are fitted,1.0,"[{""video_id"": ""P4nQsN7zNcA"", ""title"": ""This Golf R Has A HUGE LIST OF PROBLEMS!"", ""bucket"": ""common_faults""}]",youtube,high,Screw removal prevents damage if car is lowered later,,,
rear_wiper_delete,Rear wiper delete installed,Rear wiper delete,body,other,low,high,"[""all""]",,,"No rear wiper, personal preference issue",Aftermarket modification,Not replaced due to cost and potential buyer preference,"[""Missing rear wiper""]",Check for missing rear wiper if functionality is desired,1.0,"[{""video_id"": ""P4nQsN7zNcA"", ""title"": ""This Golf R Has A HUGE LIST OF PROBLEMS!"", ""bucket"": ""common_faults""}]",youtube,high,"Mentioned as a personal preference, not a mechanical fault",,,
paddles_unpleasant,Aftermarket paddle shifters unpleasant to use,Unpleasant paddles,gearbox,other,low,high,"[""all""]",,,Paddle shifters not nice to use,Aftermarket paddles installed,Replaced with RacingLine paddles,"[""Poor paddle feel"", ""Aftermarket paddles installed""]",Check paddle shifter quality and feel,1.0,"[{""video_id"": ""P4nQsN7zNcA"", ""title"": ""This Golf R Has A HUGE LIST OF PROBLEMS!"", ""bucket"": ""common_faults""}]",youtube,high,Replaced as part of upgrades by RacingLine,,,
dsg_software_outdated,DSG gearbox software outdated,DSG software outdated,gearbox,intermittent_fault,low,high,"[""all""]",,,Potential gearbox performance issues,Outdated software version,Latest DSG software revision applied,"[""Gearbox shifting anomalies""]",Check DSG software version and updates,1.0,"[{""video_id"": ""P4nQsN7zNcA"", ""title"": ""This Golf R Has A HUGE LIST OF PROBLEMS!"", ""bucket"": ""common_faults""}]",youtube,high,Updated by RacingLine as part of tune correction,,,
paint_scratches_mud_flaps,Paint scratching from OEM mud flaps,Mud flap scratches,body,wear_item,low,high,"[""all""]",2005-2024,,Scratches on paint near mud flap mounting points,"Mud flaps rubbing against paint, especially when dirty","Remove or replace mud flaps, touch up paint","[""Paint wear around flaps"", ""Debris behind flaps""]",Look for paint damage around mud flap areas,1.0,"[{""video_id"": ""E-vn6KEqaJk"", ""title"": ""THE SECRET TO KEEP A VW RUST FREE (Cleaning the Fender Liners on a MK7 Golf)"", ""bucket"": ""common_faults""}]",youtube,high,OEM mud flaps criticized for causing damage,,,
fuel_neck_dirt_buildup,Dirt buildup behind fuel neck area,Fuel neck debris,fuel,other,low,medium,"[""all""]",2005-2024,,Dirt accumulation behind fuel filler neck,Debris collecting in cavity around fuel neck,Clean out debris during fender liner maintenance,"[""Visible dirt around fuel neck"", ""Surface rust in area""]",Check behind fuel neck for dirt buildup,1.0,"[{""video_id"": ""E-vn6KEqaJk"", ""title"": ""THE SECRET TO KEEP A VW RUST FREE (Cleaning the Fender Liners on a MK7 Golf)"", ""bucket"": ""common_faults""}]",youtube,medium,Minor issue but can promote rust if ignored,,,
sunroof_leak_squeak_crack,"Sunroof leaks, squeaks, squeals, and can crack roof",Sunroof faults,body,structural,medium,high,"[""all""]",,,"Water leaks, noise, and roof panel cracking",Sunroof mechanism movement and seal issues,,"[""Water stains"", ""Squeaking noises"", ""Visible cracks""]",Check for water damage and operate sunroof fully; avoid cars with sunroof if possible,1.0,"[{""video_id"": ""PwzmaKYijOc"", ""title"": ""Volkswagen MK7 Golf GTI Buyer's Guide - Models, Engines, & Options"", ""bucket"": ""common_faults""}]",youtube,high,Specifically mentioned for S models with sunroof; advice is to 'stay away from the sunroof if you can',,,
carbon_buildup_intake,Carbon buildup on intake valves causing misfire,Carbon buildup,engine,chronic_failure,medium,high,"[""all""]",,,"Misfire, especially on cold startup; check engine light",Direct injection design leads to carbon accumulation,Carbon cleaning service,"[""Misfire on cold startup""]","Check if carbon cleaning has been performed, especially at 80k-100k miles",1.0,"[{""video_id"": ""bBnY69Fzf1I"", ""title"": ""MK7 GTI Long Term Ownership Review"", ""bucket"": ""reviews""}]",youtube,high,Owner experienced misfire and check engine light after 4 years; budgets for cleaning,,,
water_pump_leak,Water pump leaking,Water pump leak,cooling,fluid_leak,medium,high,"[""all""]",,,Coolant leak,,,[],Check if water pump has been replaced or is leaking,1.0,"[{""video_id"": ""bBnY69Fzf1I"", ""title"": ""MK7 GTI Long Term Ownership Review"", ""bucket"": ""reviews""}]",youtube,high,Mentioned as a common issue to check before purchase,,,
dsg_fluid_service_required,DSG transmission fluid requires periodic draining,DSG fluid service,gearbox,wear_item,medium,high,"[""1.2_TSI"", ""1.4_TSI""]",,,Transmission may malfunction if fluid not changed,,Drain and replace DSG fluid periodically,[],Check DSG service history,1.0,"[{""video_id"": ""bBnY69Fzf1I"", ""title"": ""MK7 GTI Long Term Ownership Review"", ""bucket"": ""reviews""}]",youtube,high,Applies to DSG transmission models; owner has manual so not affected,,,
clutch_slip_low_torque,Clutch slip due to low-end torque,Clutch slip,gearbox,wear_item,medium,medium,"[""all""]",,,"Clutch slipping, especially under low-end torque",Low-end torque and clutch material,Clutch replacement,[],Check clutch condition during test drive,1.0,"[{""video_id"": ""bBnY69Fzf1I"", ""title"": ""MK7 GTI Long Term Ownership Review"", ""bucket"": ""reviews""}]",youtube,medium,Owner mentions clutch is 'made of paper' and low-end torque causes slip,,,
cable_shifter_feel,Cable shifter lacks mechanical feel and stiffness,Shifter feel,gearbox,other,low,high,"[""all""]",,,Shifter feels less stiff and not as mechanical,Cable shifter design vs mechanical linkage,Aftermarket short shifter or bushing upgrades,[],,1.0,"[{""video_id"": ""bBnY69Fzf1I"", ""title"": ""MK7 GTI Long Term Ownership Review"", ""bucket"": ""reviews""}]",youtube,high,Owner installed short shifter and bushings to improve feel,,,
rev_hang_dual_mass_flywheel,Rev hang due to dual mass flywheel,Rev hang,engine,other,low,medium,"[""all""]",,,Rev hang hinders smooth shifting between gears,Dual mass flywheel design,Replace with single mass flywheel during clutch job,[],,1.0,"[{""video_id"": ""bBnY69Fzf1I"", ""title"": ""MK7 GTI Long Term Ownership Review"", ""bucket"": ""reviews""}]",youtube,medium,Owner notes rev hang is severe but manageable,,,
fuel_line_rattle,Fuel line rattle at idle and specific RPMs,Fuel line rattle,fuel,noise,low,high,"[""all""]",,,"Audible rattle from fuel lines on passenger side, especially at idle, 1000 RPM, and 2000 RPM during acceleration and deceleration",Loose fuel lines or insufficient securing fasteners,Dealer may add foam to tighten tolerances; owner suggests using zip ties,"[""Rattling noise from dashboard/passenger side"", ""Noise persists with radio on""]",Listen for rattles at idle and during acceleration,1.0,"[{""video_id"": ""JOaWTEIZEgQ"", ""title"": ""Mk7 VW Golf Gti Ownership Review - How Does It Hold Up As A Daily?"", ""bucket"": ""reviews""}]",youtube,high,Dealer claimed it was within tolerance and normal for factory build,,,
vague_clutch_feel,Vague and inconsistent clutch pedal feel,Vague clutch,gearbox,intermittent_fault,medium,high,"[""all""]",,,Clutch feels different every day; no consistent feedback,Typical German design characteristic; may be exacerbated by cold weather,,"[""Inconsistent clutch engagement"", ""Poor feel in cold weather""]",Test drive in various temperatures to assess clutch feel,1.0,"[{""video_id"": ""JOaWTEIZEgQ"", ""title"": ""Mk7 VW Golf Gti Ownership Review - How Does It Hold Up As A Daily?"", ""bucket"": ""reviews""}]",youtube,high,Owner describes it as very German and vague,,,
cold_weather_shifting_issues,Difficult shifting in cold weather,Cold shifting,gearbox,intermittent_fault,medium,high,"[""all""]",,,Shifting feels like dragging through molasses when cold; persists even after warm-up,Cold weather affecting transmission fluid or synchros,,"[""Stiff shifter in cold mornings"", ""Difficulty engaging gears""]",Test drive in cold conditions to check shifting smoothness,1.0,"[{""video_id"": ""JOaWTEIZEgQ"", ""title"": ""Mk7 VW Golf Gti Ownership Review - How Does It Hold Up As A Daily?"", ""bucket"": ""reviews""}]",youtube,high,Common in manuals but particularly bad in this car,,,
gear_pop_out,Intermittent gear pop-out or rejection,Gear pop-out,gearbox,intermittent_fault,high,high,"[""all""]",,,"Gear pops out to neutral, especially from first; third gear may be rejected during shifts",Possible shifter misalignment; previous owner may have modified short shifter without proper adjustment,Investigate and adjust shifter linkage alignment,"[""Gear not staying engaged"", ""Difficulty shifting into specific gears""]",Check for aftermarket modifications and test all gears repeatedly,1.0,"[{""video_id"": ""JOaWTEIZEgQ"", ""title"": ""Mk7 VW Golf Gti Ownership Review - How Does It Hold Up As A Daily?"", ""bucket"": ""reviews""}]",youtube,high,"Occurred at 18,000 miles; may be due to prior modification",,,
handbrake_cable_stretch,Handbrake cable stretched causing lever to pop up,Handbrake cable,brakes,wear_item,medium,high,"[""all""]",,,Handbrake lever pops up while driving; warning light activates,"Stretched handbrake cables, possibly from aggressive use (e.g., handbrake turns)",Cables tightened under warranty,"[""Handbrake not staying down"", ""Warning light for handbrake while driving""]",Test handbrake engagement and check for slack in cables,1.0,"[{""video_id"": ""JOaWTEIZEgQ"", ""title"": ""Mk7 VW Golf Gti Ownership Review - How Does It Hold Up As A Daily?"", ""bucket"": ""reviews""}]",youtube,high,Fixed under warranty; occurred shortly after purchase of CPO vehicle,,,
engine_movement_firewall_contact,Excessive engine movement leading to firewall contact,Engine movement,engine,structural,high,high,"[""all""]",,,"Engine rocks excessively during aggressive shifts, potentially hitting firewall",Insufficient engine and transmission mounts; exacerbated by rev hang and quick shifting,Aftermarket dogbone mount or engine mounts to stiffen movement,"[""Engine noise during hard shifts"", ""Feeling of engine rocking""]",Check engine mounts for wear; test drive with aggressive shifts,1.0,"[{""video_id"": ""JOaWTEIZEgQ"", ""title"": ""Mk7 VW Golf Gti Ownership Review - How Does It Hold Up As A Daily?"", ""bucket"": ""reviews""}]",youtube,high,Common fix includes dogbone mount from companies like ECS Tuning or Unitronic,,,
sun_visor_clip_breakage,Sun visor clip breakage,Sun visor clip,body,wear_item,low,high,"[""all""]",,,Sun visor clip broken,,Repaired under warranty,"[""Sun visor not staying in place"", ""Visible damage to clip""]",Check sun visor operation and clip integrity,1.0,"[{""video_id"": ""JOaWTEIZEgQ"", ""title"": ""Mk7 VW Golf Gti Ownership Review - How Does It Hold Up As A Daily?"", ""bucket"": ""reviews""}]",youtube,high,Fixed under warranty; mentioned as a minor issue,,,
electronics_computer_problems,Electronics and computer system faults,Electrical faults,electrical,intermittent_fault,medium,high,"[""all""]",,,Various electrical gremlins,,,"[""Warning lights"", ""Erratic behavior""]",Scan for fault codes,1.0,"[{""video_id"": ""uWlJroGaFS0"", ""title"": ""Volkswagen Golf GTI, is the go-to hot hatch still any good? | ReDriven VW Golf GTI (Mk7/7.5) review."", ""bucket"": ""reviews""}]",youtube,high,Better than older models but still problematic,,,
interior_grab_handle_squeak,Interior grab handle squeak,Handle squeak,body,noise,low,high,"[""all""]",,,Squeaky noise from grab handle,,,"[""Squeaking when handle used""]",Test interior handles for noises,1.0,"[{""video_id"": ""uWlJroGaFS0"", ""title"": ""Volkswagen Golf GTI, is the go-to hot hatch still any good? | ReDriven VW Golf GTI (Mk7/7.5) review."", ""bucket"": ""reviews""}]",youtube,high,Minor annoyance mentioned,,,
engine_catastrophic_failure,Engine imploding or catastrophic failure,Engine failure,engine,chronic_failure,high,medium,"[""1.4_TSI"", ""2.0_TSI""]",,,Complete engine breakdown,,Engine rebuild or replacement,"[""Severe knocking"", ""Loss of oil pressure""]",Ensure thorough pre-purchase inspection including compression test,1.0,"[{""video_id"": ""uWlJroGaFS0"", ""title"": ""Volkswagen Golf GTI, is the go-to hot hatch still any good? | ReDriven VW Golf GTI (Mk7/7.5) review."", ""bucket"": ""reviews""}]",youtube,medium,"Horror stories mentioned, becoming almost common",,,
dsg_oil_change_required,"DSG transmission oil needs replacement after 40,000 miles",DSG oil change,gearbox,wear_item,medium,high,"[""all""]",null,"~64,000 km",Potential transmission wear or failure if not serviced,Regular maintenance requirement,Replace DSG transmission oil,"[""Unspecified transmission issues""]","Check service history for DSG oil changes at 40,000-mile intervals",,,,,Mentioned specifically for DSG transmissions,W1LG0o3K554,"Used Volkswagen Golf R (Mk7, 2014-2020) Buyer’s Guide",reviews
haldex_service_required,Haldex all-wheel drive system requires service every 3 years,Haldex service,other,wear_item,medium,high,"[""all""]",null,null,Potential AWD system malfunction if not serviced,Regular maintenance requirement,Service Haldex system every 3 years,"[""Reduced AWD performance""]",Verify Haldex service history every 3 years,,,,,Can be done at VW dealer or specialist; oil change possible,W1LG0o3K554,"Used Volkswagen Golf R (Mk7, 2014-2020) Buyer’s Guide",reviews
manual_clutch_wear,Manual clutch can be damaged by poor driving,Clutch wear,gearbox,wear_item,medium,high,"[""all""]",null,null,Clutch slippage or failure,Aggressive or poor driving,Clutch replacement with updated version (post-June 2018),"[""Clutch slippage"", ""Difficulty shifting""]",Test drive for clutch engagement and feel; check for updated clutch if replaced,,,,,Updated clutch version available from June 2018 for improved protection,W1LG0o3K554,"Used Volkswagen Golf R (Mk7, 2014-2020) Buyer’s Guide",reviews
expensive_led_headlights,LED headlight clusters can be expensive to replace,Expensive LED lights,electrical,other,low,medium,"[""all""]",null,null,High replacement cost if damaged,null,Replacement of LED cluster,"[""Damaged headlight housing""]",Inspect headlights for cracks or damage; consider repair costs,,,,,"Mentioned as something heard, not directly experienced",W1LG0o3K554,"Used Volkswagen Golf R (Mk7, 2014-2020) Buyer’s Guide",reviews
keyless_entry_security_risk,Keyless entry system poses security risk to hacking,Keyless security risk,electrical,other,medium,medium,"[""all""]",null,null,Potential vehicle theft via signal relay,Keyless entry technology vulnerability,Opt for car without keyless entry or use signal-blocking pouch,"[""Unauthorized access attempts""]",Consider cars without keyless entry for improved security,,,,,Presenter recommends avoiding keyless entry option,W1LG0o3K554,"Used Volkswagen Golf R (Mk7, 2014-2020) Buyer’s Guide",reviews
air_conditioning_recharge_needed,Air conditioning refrigerant may need recharge after long period,A/C recharge,cooling,wear_item,low,high,"[""all""]",null,null,Reduced cooling performance,Refrigerant depletion over time,Recharge A/C system,"[""Weak A/C cooling""]",Test A/C function during purchase inspection,,,,,Presenter recharged after 8 years,W1LG0o3K554,"Used Volkswagen Golf R (Mk7, 2014-2020) Buyer’s Guide",reviews
high_rpm_motorway_noise_manual,Manual gearbox has high RPM at motorway speeds causing noise,High RPM noise,gearbox,noise,low,high,"[""all""]",null,null,Increased engine noise at 70 mph (~2800 RPM),Short gearing in manual transmission,"Drive at lower speeds (e.g., 60 mph) for reduced noise","[""Excessive engine drone on highway""]",Test drive on highway to assess noise levels,,,,,Specific to manual transmission; DSG has lower RPM,W1LG0o3K554,"Used Volkswagen Golf R (Mk7, 2014-2020) Buyer’s Guide",reviews
sunroof_problems,Sunroof can be problematic in many cars,Sunroof issues,body,intermittent_fault,medium,medium,"[""all""]",null,null,Sunroof malfunctions or leaks,null,null,"[""Sunroof not operating smoothly"", ""Water leaks""]",Check sunroof operation and seals when buying used,,,,,Mentioned as a reason to avoid optional sunroof,XDUXPIOdOWw,The Crazy Reason Nobody Bought One Of VW's Best Cars: The Golf GTI Mk7.5,reviews
steering_feel_dcc_impact,DCC adaptive dampers can reduce steering feel,Steering feel degradation,suspension,intermittent_fault,low,medium,"[""all""]",null,null,Steering feel not as good as expected,Dynamic Chassis Control (DCC) adaptive dampers,Avoid DCC option if steering feel is a priority,"[""Numb steering feedback""]",Test drive with and without DCC to compare steering feel,,,,,Mentioned as a reason buyer avoided DCC option,XDUXPIOdOWw,The Crazy Reason Nobody Bought One Of VW's Best Cars: The Golf GTI Mk7.5,reviews
turbo_lag,Engine has some turbo lag,Turbo lag,engine,wear_item,low,high,"[""2.0_TSI""]",null,null,Delayed power delivery from turbo,null,null,"[""Throttle response delay""]",Test acceleration from low RPM,,,,,Mentioned in driving impressions of the GTI,XDUXPIOdOWw,The Crazy Reason Nobody Bought One Of VW's Best Cars: The Golf GTI Mk7.5,reviews
torque_steer,Torque steer under certain conditions,Torque steer,suspension,intermittent_fault,low,medium,"[""2.0_TSI""]",null,null,Steering pull under hard acceleration,Front-wheel drive with high torque,null,"[""Steering wheel tug during acceleration""]",Test acceleration in wet conditions,,,,,"Owner reported issues, but reviewer did not experience it during dry test",XDUXPIOdOWw,The Crazy Reason Nobody Bought One Of VW's Best Cars: The Golf GTI Mk7.5,reviews
golf_r_abuse_history,Used Golf R models often have hidden issues or poor history,Abused Golf R,other,structural,high,high,"[""2.0_TSI""]",null,null,"Poor condition, salvage history, hidden mechanical problems",Aggressive marketing leading to ownership by drivers who abuse performance,Thorough pre-purchase inspections and history checks,"[""Salvage title"", ""Poor maintenance records"", ""Visible wear inconsistent with mileage""]","Use services like Car Vertical for history checks, inspect thoroughly",,,,,Mentioned as a reason buyer chose a GTI over an R,XDUXPIOdOWw,The Crazy Reason Nobody Bought One Of VW's Best Cars: The Golf GTI Mk7.5,reviews
boot_handle_water_ingress,Boot handle water collection and drainage failure,Boot handle leak,body,fluid_leak,medium,high,"[""all""]",,,Water fills up in the boot,Deteriorating grommet in boot handle drainage hole,Replace grommet or clear drainage,"[""Water in boot"", ""Damp boot interior""]",Check boot for water damage and drainage hole condition,,,,,Easy fix but disappointing,uWlJroGaFS0,"Volkswagen Golf GTI, is the go-to hot hatch still any good? | ReDriven VW Golf GTI (Mk7/7.5) review.",reviews
bonnet_release_cable_failure,Bonnet release cable and handle deterioration,Bonnet release failure,body,wear_item,medium,high,"[""all""]",,,Bonnet release mechanism fails,Deterioration of cable and handle,Replace cable and handle,"[""Stiff bonnet release"", ""Handle breaking""]",Test bonnet release operation,,,,,Annoying and difficult to fix,uWlJroGaFS0,"Volkswagen Golf GTI, is the go-to hot hatch still any good? | ReDriven VW Golf GTI (Mk7/7.5) review.",reviews
sunroof_rain_gutter_cracking,Sunroof plastic rain gutters cracking,Sunroof leak,body,fluid_leak,high,high,"[""all""]",pre-2017,,Water leaks into car through sunroof,Cracked plastic rain gutters,"Replace gutters, requiring roof lining removal","[""Water stains on headliner"", ""Damp interior""]",Check sunroof area for leaks and cracks if equipped,,,,,"Fixed on later models, but early Mk7 with sunroofs affected",uWlJroGaFS0,"Volkswagen Golf GTI, is the go-to hot hatch still any good? | ReDriven VW Golf GTI (Mk7/7.5) review.",reviews
door_water_leak_speaker_grille,Water leaking into door cavities and footwells,Door water leak,body,fluid_leak,medium,high,"[""all""]",,,"Water comes out through speaker grille, filling footwell",Blocked or faulty door drainage,Clear door drainage holes,"[""Wet footwells"", ""Water from speaker area""]",Check door bottoms and footwells for moisture,,,,,Easily fixed but disappointing,uWlJroGaFS0,"Volkswagen Golf GTI, is the go-to hot hatch still any good? | ReDriven VW Golf GTI (Mk7/7.5) review.",reviews
door_lock_random_operation,Door locks locking and unlocking sporadically,Door lock fault,electrical,intermittent_fault,medium,medium,"[""all""]",,,Locks operate randomly on their own,,,"[""Random lock/unlock sounds"", ""Inconsistent locking""]",Test door locks multiple times,,,,,Reported issue but not universal,uWlJroGaFS0,"Volkswagen Golf GTI, is the go-to hot hatch still any good? | ReDriven VW Golf GTI (Mk7/7.5) review.",reviews
gauge_cluster_failure,Gauge cluster lighting or complete failure,Gauge cluster fault,electrical,intermittent_fault,high,medium,"[""all""]",,,Gauge lights turn on/off or cluster fails entirely,,,"[""Flickering gauges"", ""Cluster going blank""]",Check all instrument cluster functions during test drive,,,,,Reported issue but not universal,uWlJroGaFS0,"Volkswagen Golf GTI, is the go-to hot hatch still any good? | ReDriven VW Golf GTI (Mk7/7.5) review.",reviews
infotainment_system_failure,Entire infotainment system failure,Infotainment failure,electrical,intermittent_fault,medium,high,"[""all""]",,,Infotainment screen/system stops working,,,"[""Black screen"", ""Unresponsive controls""]",Test all infotainment functions thoroughly,,,,,Many reports mentioned,uWlJroGaFS0,"Volkswagen Golf GTI, is the go-to hot hatch still any good? | ReDriven VW Golf GTI (Mk7/7.5) review.",reviews
water_pump_premature_failure,"Water pump failing early (around 40,000-60,000 km)",Water pump failure,cooling,chronic_failure,high,high,"[""1.4_TSI"", ""2.0_TSI""]",,40k-60k km,Coolant leaks or overheating,Premature wear or design flaw,"Replace water pump, possibly with non-genuine part","[""Coolant loss"", ""Overheating warning""]",Check service history for replacement and coolant levels,,,,,Non-genuine parts may last longer than genuine,uWlJroGaFS0,"Volkswagen Golf GTI, is the go-to hot hatch still any good? | ReDriven VW Golf GTI (Mk7/7.5) review.",reviews
dsg_transmission_problems,DSG gearbox clunkiness and hesitation,DSG issues,gearbox,chronic_failure,medium,high,"[""1.4_TSI"", ""2.0_TSI""]",,,"Clunky, jittery shifts, especially at low speeds",DSG mechatronics or clutch wear,DSG service or repair,"[""Hesitation when pulling away"", ""Rough gear changes""]",Test drive in town for low-speed gearbox behavior,,,,,Later models have fewer problems but still occur,uWlJroGaFS0,"Volkswagen Golf GTI, is the go-to hot hatch still any good? | ReDriven VW Golf GTI (Mk7/7.5) review.",reviews
turbo_problems,Turbocharger failures,Turbo failure,engine,chronic_failure,high,high,"[""1.4_TSI"", ""2.0_TSI""]",,,"Loss of power, unusual noises",,Turbo replacement,"[""Whining noises"", ""Reduced boost""]",Check for turbo-related fault codes and performance,,,,,Common issue mentioned,uWlJroGaFS0,"Volkswagen Golf GTI, is the go-to hot hatch still any good? | ReDriven VW Golf GTI (Mk7/7.5) review.",reviews
inlet_track_problems,Inlet track issues,Inlet track fault,engine,other,medium,medium,"[""1.4_TSI"", ""2.0_TSI""]",,,,,,[],,,,,,Mentioned as a problem area,uWlJroGaFS0,"Volkswagen Golf GTI, is the go-to hot hatch still any good? | ReDriven VW Golf GTI (Mk7/7.5) review.",reviews
injector_problems,Fuel injector failures,Injector failure,fuel,chronic_failure,high,high,"[""1.4_TSI"", ""2.0_TSI""]",,,"Misfires, rough running, poor fuel economy",,Injector replacement,"[""Engine misfire codes"", ""Rough idle""]",Check for injector-related fault codes,,,,,Mentioned as a common problem,uWlJroGaFS0,"Volkswagen Golf GTI, is the go-to hot hatch still any good? | ReDriven VW Golf GTI (Mk7/7.5) review.",reviews
engine_bay_plastics_fragility,Feeble engine bay plastics that don't last,Engine bay plastics,engine,wear_item,low,high,"[""all""]",,,Cracking or breaking plastic components,Poor material quality,Replace with aftermarket or genuine parts,"[""Visible cracks"", ""Broken clips""]",Inspect engine bay for broken or mismatched plastics,,,,,General durability issue,uWlJroGaFS0,"Volkswagen Golf GTI, is the go-to hot hatch still any good? | ReDriven VW Golf GTI (Mk7/7.5) review.",reviews
