issue_id,label,system_component,affected_engines,affected_years,symptom,cause,fix,confidence,data_quality,source_videos,topic_id,topic_size,topic_top_terms,source,mention_count,distinct_channel_count,corroboration_count,model_scope,trim_evidence,distinct_trim_count,dominant_trim,cross_trim_corroboration_count,trim_scope_warning,affected_years_evidence,affected_years_triangulated,video_type_category,warning_signs,severity,merged_from_issue_ids,affected_engines_original,_scope_notes
crank_no_start_air_fuel_spark_sensor_issues,"Crank no start, air/fuel/spark/sensor faults",engine,[],,"Engine cranks but fails to start, or experiences hesitation, rough idle, and poor acceleration.","Multiple potential causes including faulty sensors (MAF, MAP, crankshaft, camshaft), fuel delivery issues (pump, filter, injector), ignition problems (coils, plugs), air intake restrictions, vacuum leaks, timing issues, or clogged EGR valve.","Diagnose with OBD2 scanner, check fuel pressure, perform spark test, inspect sensors and wiring, clean or replace faulty components (e.g., MAF sensor, throttle body).",high,high,"[{""video_id"": ""aFAQ5l3Jk74"", ""title"": ""Bad Ignition Coil Symptoms: 7 Common Signs"", ""channel"": ""Honest Mechanic Colorado"", ""video_type_category"": ""organic"", ""trim"": ""base""}, {""video_id"": ""yS2oTOMUxrE"", ""title"": ""Symptoms of a Failing Turbo: 9 Bad Turbocharger Signs"", ""channel"": ""Honest Mechanic Colorado"", ""video_type_category"": ""organic"", ""trim"": ""base""}, {""video_id"": ""3nFnEN6bxKU"", ""title"": ""Crank No Start (The Most Common Causes)"", ""channel"": ""EasyAutoFix"", ""video_type_category"": ""organic"", ""trim"": ""base""}, {""video_id"": ""VMmcARsAsbA"", ""title"": ""Car Losing Power Loss Of Acceleration - Easy Fix!"", ""channel"": ""proclaimliberty2000"", ""video_type_category"": ""organic"", ""trim"": ""base""}, {""video_id"": ""lCizL9ms6xY"", ""title"": ""How To Tell If Your EGR Is Faulty - Common EGR Symptoms & Problems."", ""channel"": ""TorqueCars"", ""video_type_category"": ""organic"", ""trim"": ""base""}, {""video_id"": ""t0T03mSW9-o"", ""title"": ""Most Common Symptoms Of Bad EGR Valve | Signs of failing EGR"", ""channel"": ""Daily Hands DIY"", ""video_type_category"": ""organic"", ""trim"": ""base""}, {""video_id"": ""2K6mkzb3WRA"", ""title"": ""11 Bad MAF Sensor Symptoms | Car Mass Air flow Sensor Problems"", ""channel"": ""Car Care Clues"", ""video_type_category"": ""organic"", ""trim"": ""base""}, {""video_id"": ""cnCcRSfWC_c"", ""title"": ""5 Signs of Bad Spark Plugs"", ""channel"": ""haile car care"", ""video_type_category"": ""organic"", ""trim"": ""base""}, {""video_id"": ""BAiNzjrWUEA"", ""title"": ""Bad Throttle Body Symptoms-Some Sure Signs Of The Problem"", ""channel"": ""Despair Repair"", ""video_type_category"": ""organic"", ""trim"": ""base""}, {""video_id"": ""Jrk5GubtdqE"", ""title"": ""Reasons For Petrol Engine Having a Hard Start | Petrol Car Long Cranking Before Start - Explained"", ""channel"": ""Auto Info Guy"", ""video_type_category"": ""organic"", ""trim"": ""base""}, {""video_id"": ""g8Qjz085pQI"", ""title"": ""6 Things That Keep Your DPF Alive"", ""channel"": ""velovista and VistaExtra"", ""video_type_category"": ""organic"", ""trim"": ""base""}]",3,14,"[""engine"", ""sensor"", ""fuel"", ""air"", ""faulty"", ""egr"", ""check engine"", ""ignition"", ""engine light"", ""light""]",youtube,11,10,11,"[""all_renault_clio_mk4""]","{""base"": 11}",1,base,0,False,"{""from_llm_year_phrase"": null, ""from_llm_year_parsed"": [], ""from_transcript_context"": [], ""from_source_video_titles"": [], ""from_engine_production_windows"": [], ""from_model_scope_window"": [""2013-2019""], ""window_source"": ""model_window"", ""content_combine_rule"": ""no_content"", ""confidence"": ""low"", ""fallback_window"": ""2013-2019"", ""fallback_window_source"": ""model_window""}",,,,,,,
airbag_service_light_fault,Airbag and service light faults,electrical,[],,Airbag warning light and service light remain illuminated on the dashboard.,"Faulty side impact sensor, poor connections under seats, or faulty seatbelt pretensioner connectors.","Diagnose with OBD scanner to identify faulty sensor (often side impact sensor), check and clean connectors under seats, or replace faulty sensor.",high,high,"[{""video_id"": ""QycnbLJuV0s"", ""title"": ""Renault Clio hatchback 2013 review - CarBuyer"", ""channel"": ""Carbuyer"", ""video_type_category"": ""organic"", ""trim"": ""base""}, {""video_id"": ""uNaJuRVF8m8"", ""title"": ""Check Injection System Renault: Causes & Fix"", ""channel"": ""Honest Mechanic Colorado"", ""video_type_category"": ""organic"", ""trim"": ""base""}, {""video_id"": ""xCj4akEF9KE"", ""title"": ""Used Car Review: Renault Clio"", ""channel"": ""CarGurus UK"", ""video_type_category"": ""organic"", ""trim"": ""base""}, {""video_id"": ""vFVYN8VBBYk"", ""title"": ""Renault Clio RS: Worthy of the hype, or just another French flop?  | ReDriven"", ""channel"": ""ReDriven"", ""video_type_category"": ""organic"", ""trim"": ""base""}, {""video_id"": ""Xsh3AZ8Jh3M"", ""title"": ""Buying a Used 4th Gen Clio? Problems"", ""channel"": ""Pit-Stop"", ""video_type_category"": ""organic"", ""trim"": ""base""}, {""video_id"": ""u4sR-EGP4LU"", ""title"": ""Renault Clio 2021 review: is it better than a Peugeot 208?"", ""channel"": ""carwow"", ""video_type_category"": ""organic"", ""trim"": ""base""}, {""video_id"": ""86zMFaU2ZH4"", ""title"": ""How To: Update the Renault MediaNav - Renault UK"", ""channel"": ""Renault UK"", ""video_type_category"": ""organic"", ""trim"": ""base""}, {""video_id"": ""JVqGAmFN8So"", ""title"": ""0.9 Tce Fuses & Relays location ( box diagram ) RENAULT Clio 4"", ""channel"": ""doit_vehicles"", ""video_type_category"": ""organic"", ""trim"": ""base""}, {""video_id"": ""1t2FLp23JdQ"", ""title"": ""Renault Clio 1.2 Airbag And Service Light On [Causes And Fixes]"", ""channel"": ""retrorestore"", ""video_type_category"": ""organic"", ""trim"": ""base""}, {""video_id"": ""IRRWHyZwO3w"", ""title"": ""Renault's Biggest Mistake? Is The Clio RS200 EDC Really That Bad?"", ""channel"": ""JayEmm on Cars"", ""video_type_category"": ""organic"", ""trim"": ""base""}]",2,18,"[""clio"", ""like"", ""just"", ""look"", ""car"", ""seat"", ""renault"", ""weve"", ""fuse"", ""youre""]",youtube,10,10,10,"[""all_renault_clio_mk4""]","{""base"": 10}",1,base,0,False,"{""from_llm_year_phrase"": null, ""from_llm_year_parsed"": [], ""from_transcript_context"": [], ""from_source_video_titles"": [""2013""], ""from_engine_production_windows"": [], ""from_model_scope_window"": [""2013-2019""], ""window_source"": ""model_window"", ""content_combine_rule"": ""title_only"", ""confidence"": ""medium"", ""triangulated"": ""2013""}",2013,,,,,,
dpf_egr_clogging,DPF and EGR system clogging issues,exhaust,"[""1.5_DCI""]",,"DPF filter becomes clogged with soot and ash, leading to regeneration problems and potential failure.","Poor combustion from bad fuel injectors, clogged EGR valves, air intake leaks, oil consumption, or using incorrect engine oil.","Use low SAPS oil, fix engine problems promptly, use fuel system cleaners, and avoid aggressive ECU remaps.",high,high,"[{""video_id"": ""THLOInExD7Y"", ""title"": ""AVOID These Car ENGINES!"", ""channel"": ""Scottish Car Clan"", ""video_type_category"": ""organic"", ""trim"": ""base""}, {""video_id"": ""kVxIuLbuGZs"", ""title"": ""RELIABLE Car Engines You SHOULD Buy"", ""channel"": ""Scottish Car Clan"", ""video_type_category"": ""organic"", ""trim"": ""base""}, {""video_id"": ""VMmcARsAsbA"", ""title"": ""Car Losing Power Loss Of Acceleration - Easy Fix!"", ""channel"": ""proclaimliberty2000"", ""video_type_category"": ""organic"", ""trim"": ""base""}, {""video_id"": ""lCizL9ms6xY"", ""title"": ""How To Tell If Your EGR Is Faulty - Common EGR Symptoms & Problems."", ""channel"": ""TorqueCars"", ""video_type_category"": ""organic"", ""trim"": ""base""}, {""video_id"": ""t0T03mSW9-o"", ""title"": ""Most Common Symptoms Of Bad EGR Valve | Signs of failing EGR"", ""channel"": ""Daily Hands DIY"", ""video_type_category"": ""organic"", ""trim"": ""base""}, {""video_id"": ""g8Qjz085pQI"", ""title"": ""6 Things That Keep Your DPF Alive"", ""channel"": ""velovista and VistaExtra"", ""video_type_category"": ""organic"", ""trim"": ""base""}, {""video_id"": ""54GrVq8_KqE"", ""title"": ""How Do You Know a DPF Regen Is Really Happening & How To Tell When A DPF Regeneration Is Running?"", ""channel"": ""TorqueCars"", ""video_type_category"": ""organic"", ""trim"": ""base""}]",2003,34,"[""dpf"", ""diesel particulate"", ""egr valve"", ""egr cooler"", ""adblue"", ""nox sensor""]",youtube,7,5,7,"[""all_renault_clio_mk4""]","{""base"": 7}",1,base,0,False,"{""from_llm_year_phrase"": null, ""from_llm_year_parsed"": [], ""from_transcript_context"": [], ""from_source_video_titles"": [], ""from_engine_production_windows"": [""2013-2019""], ""from_model_scope_window"": [""2013-2019""], ""window_source"": ""engine"", ""content_combine_rule"": ""no_content"", ""confidence"": ""low"", ""fallback_window"": ""2013-2019"", ""fallback_window_source"": ""engine""}",,,,,,,
timing_chain_stretch_rattle,Timing chain stretch and rattle,engine,"[""0.9_TCE"", ""1.2_TCE""]",,"Engine hesitation during acceleration, jerking sensation, or rattling noise from timing chain area.","Timing chain stretch, faulty tensioner, or worn chain guides.","Replace timing chain, tensioner, and guides; ensure proper oil specification and service intervals.",high,high,"[{""video_id"": ""THLOInExD7Y"", ""title"": ""AVOID These Car ENGINES!"", ""channel"": ""Scottish Car Clan"", ""video_type_category"": ""organic"", ""trim"": ""base""}, {""video_id"": ""ka0l5G3tqaE"", ""title"": ""We Stripped Ford's WORST Modern Engine To See Why It Keeps Exploding"", ""channel"": ""DRIVETRIBE"", ""video_type_category"": ""organic"", ""trim"": ""base""}, {""video_id"": ""3nFnEN6bxKU"", ""title"": ""Crank No Start (The Most Common Causes)"", ""channel"": ""EasyAutoFix"", ""video_type_category"": ""organic"", ""trim"": ""base""}, {""video_id"": ""vFVYN8VBBYk"", ""title"": ""Renault Clio RS: Worthy of the hype, or just another French flop?  | ReDriven"", ""channel"": ""ReDriven"", ""video_type_category"": ""organic"", ""trim"": ""base""}, {""video_id"": ""VMmcARsAsbA"", ""title"": ""Car Losing Power Loss Of Acceleration - Easy Fix!"", ""channel"": ""proclaimliberty2000"", ""video_type_category"": ""organic"", ""trim"": ""base""}]",2001,5,"[""timing chain"", ""chain stretch"", ""chain tensioner"", ""chain rattle"", ""chain guide""]",youtube,5,5,5,"[""all_renault_clio_mk4""]","{""base"": 5}",1,base,0,False,"{""from_llm_year_phrase"": null, ""from_llm_year_parsed"": [], ""from_transcript_context"": [], ""from_source_video_titles"": [], ""from_engine_production_windows"": [""2013-2019""], ""from_model_scope_window"": [""2013-2019""], ""window_source"": ""engine"", ""content_combine_rule"": ""no_content"", ""confidence"": ""low"", ""fallback_window"": ""2013-2019"", ""fallback_window_source"": ""engine""}",,,,,,,
clutch_master_cylinder_failure,Clutch master cylinder failure symptoms,gearbox,[],,"Soft/spongy clutch pedal, pedal sticking to floor, difficulty shifting gears with grinding noises, and leaking brake fluid around transmission area.","Clutch master cylinder internal seal failure allowing air ingress and fluid leaks, or internal blockages preventing proper hydraulic pressure.","Replace clutch master cylinder, flush hydraulic system, and check slave cylinder for damage.",high,high,"[{""video_id"": ""0Cf8mJ83buo"", ""title"": ""Soft Brakes? Pedal to the Floor? 5 Common Car Brake Problems to Check!"", ""channel"": ""1A Auto: Repair Tips & Secrets Only Mechanics Know"", ""video_type_category"": ""organic"", ""trim"": ""base""}, {""video_id"": ""m3lKyd5qb_g"", ""title"": ""Bad Clutch Master Cylinder Symptoms (Common Signs)"", ""channel"": ""Honest Mechanic Colorado"", ""video_type_category"": ""organic"", ""trim"": ""base""}, {""video_id"": ""6nVnPNlyTQ0"", ""title"": ""7 Signs of a Bad Flywheel: Clear Symptoms to Notice"", ""channel"": ""Student Lesson"", ""video_type_category"": ""organic"", ""trim"": ""base""}, {""video_id"": ""BAiNzjrWUEA"", ""title"": ""Bad Throttle Body Symptoms-Some Sure Signs Of The Problem"", ""channel"": ""Despair Repair"", ""video_type_category"": ""organic"", ""trim"": ""base""}]",13,4,"[""clutch"", ""fluid"", ""pedal"", ""cylinder"", ""brake"", ""symptoms"", ""gears"", ""caliper"", ""make sure"", ""sure""]",youtube,4,4,4,"[""all_renault_clio_mk4""]","{""base"": 4}",1,base,0,False,"{""from_llm_year_phrase"": null, ""from_llm_year_parsed"": [], ""from_transcript_context"": [], ""from_source_video_titles"": [], ""from_engine_production_windows"": [], ""from_model_scope_window"": [""2013-2019""], ""window_source"": ""model_window"", ""content_combine_rule"": ""no_content"", ""confidence"": ""low"", ""fallback_window"": ""2013-2019"", ""fallback_window_source"": ""model_window""}",,,,,,,
edc_gearbox_sport_mode_lack_of_bite,EDC gearbox lacks bite in sport mode,gearbox,"[""1.2_TCE"", ""1.5_DCI""]",,"In sport mode, the dual-clutch gearbox lacks the snappy, aggressive shift feel that drivers expect, feeling less responsive.",Software calibration in sport mode may prioritize smoothness over aggression.,"Switch to race mode for sharper, more responsive gear changes.",high,medium,"[{""video_id"": ""QycnbLJuV0s"", ""title"": ""Renault Clio hatchback 2013 review - CarBuyer"", ""channel"": ""Carbuyer"", ""video_type_category"": ""organic"", ""trim"": ""base""}, {""video_id"": ""vFVYN8VBBYk"", ""title"": ""Renault Clio RS: Worthy of the hype, or just another French flop?  | ReDriven"", ""channel"": ""ReDriven"", ""video_type_category"": ""organic"", ""trim"": ""base""}, {""video_id"": ""HAfxcAmgnr8"", ""title"": ""Stiff Gear Shift? Stuck Manual Gear Stick? Common Problem Fixed in 30 Secs. It's Not Your Gearbox"", ""channel"": ""Rick The Spud"", ""video_type_category"": ""organic"", ""trim"": ""base""}, {""video_id"": ""IRRWHyZwO3w"", ""title"": ""Renault's Biggest Mistake? Is The Clio RS200 EDC Really That Bad?"", ""channel"": ""JayEmm on Cars"", ""video_type_category"": ""organic"", ""trim"": ""base""}]",8,7,"[""mode"", ""race"", ""im"", ""bit"", ""like"", ""really"", ""thats"", ""gear"", ""gearbox"", ""im going""]",youtube,4,4,4,"[""auto_only""]","{""base"": 4}",1,base,0,False,"{""from_llm_year_phrase"": null, ""from_llm_year_parsed"": [], ""from_transcript_context"": [], ""from_source_video_titles"": [""2013""], ""from_engine_production_windows"": [""2013-2019""], ""from_model_scope_window"": [""2013-2019""], ""window_source"": ""engine"", ""content_combine_rule"": ""title_only"", ""confidence"": ""medium"", ""triangulated"": ""2013""}",2013,,,,,,
brake_caliper_corrosion_failure,brake caliper corrosion and sticking,brakes,[],,"Soft or squishy brake pedal, uneven brake pad wear, or stuck caliper guide pins.","Corrosion of caliper pistons, bores, brackets, and guide pins due to damaged dust boots allowing water/debris ingress.",Replace corroded calipers and inspect/replace damaged brake hoses.,high,high,"[{""video_id"": ""0Cf8mJ83buo"", ""title"": ""Soft Brakes? Pedal to the Floor? 5 Common Car Brake Problems to Check!"", ""channel"": ""1A Auto: Repair Tips & Secrets Only Mechanics Know"", ""video_type_category"": ""organic"", ""trim"": ""base""}, {""video_id"": ""ikIhsy89te0"", ""title"": ""Top 5 reasons why the suspension knocks | AUTODOC tips"", ""channel"": ""autodoc.co.uk"", ""video_type_category"": ""organic"", ""trim"": ""base""}, {""video_id"": ""_DkKWvkOc1o"", ""title"": ""4 signs a caliper needs replaced | 4 Tips"", ""channel"": ""Babcox Media"", ""video_type_category"": ""organic"", ""trim"": ""base""}]",1003,3,"[""caliper"", ""brake"", ""pads"", ""number"", ""brake hose"", ""calipers"", ""bracket"", ""hose"", ""piston"", ""corrosion""]",youtube,3,3,3,"[""all_renault_clio_mk4""]","{""base"": 3}",1,base,0,False,"{""from_llm_year_phrase"": null, ""from_llm_year_parsed"": [], ""from_transcript_context"": [], ""from_source_video_titles"": [], ""from_engine_production_windows"": [], ""from_model_scope_window"": [""2013-2019""], ""window_source"": ""model_window"", ""content_combine_rule"": ""no_content"", ""confidence"": ""low"", ""fallback_window"": ""2013-2019"", ""fallback_window_source"": ""model_window""}",,,,,,,
oil_consumption_1_2_tce,1.2 TCE engine oil consumption,engine,"[""1.2_TCE""]",,Engine burns oil requiring frequent top-ups between oil changes.,,,high,high,"[{""video_id"": ""yS2oTOMUxrE"", ""title"": ""Symptoms of a Failing Turbo: 9 Bad Turbocharger Signs"", ""channel"": ""Honest Mechanic Colorado"", ""video_type_category"": ""organic"", ""trim"": ""base""}, {""video_id"": ""Xsh3AZ8Jh3M"", ""title"": ""Buying a Used 4th Gen Clio? Problems"", ""channel"": ""Pit-Stop"", ""video_type_category"": ""organic"", ""trim"": ""base""}, {""video_id"": ""g8Qjz085pQI"", ""title"": ""6 Things That Keep Your DPF Alive"", ""channel"": ""velovista and VistaExtra"", ""video_type_category"": ""organic"", ""trim"": ""base""}]",2000,3,"[""oil consumption"", ""burning oil"", ""burns oil"", ""consumes oil"", ""quart of oil"", ""litre of oil"", ""liter of oil"", ""top up oil"", ""topping up oil"", ""oil level drops""]",youtube,3,3,3,"[""all_renault_clio_mk4""]","{""base"": 3}",1,base,0,False,"{""from_llm_year_phrase"": null, ""from_llm_year_parsed"": [], ""from_transcript_context"": [], ""from_source_video_titles"": [], ""from_engine_production_windows"": [""2013-2018""], ""from_model_scope_window"": [""2013-2018""], ""window_source"": ""engine"", ""content_combine_rule"": ""no_content"", ""confidence"": ""low"", ""fallback_window"": ""2013-2018"", ""fallback_window_source"": ""engine""}",,,,,,,
battery_terminal_corrosion_voltage_drop,battery terminal corrosion causes voltage drop,electrical,[],,"Vehicle shows low charging voltage at battery terminals despite alternator working correctly, leading to poor electrical system performance.",Oxidation and corrosion buildup between battery terminals and cable connections creating significant resistance.,"Thoroughly clean all battery terminals and cable connections, ensure proper tightening, and check for aftermarket wing nuts that may not provide adequate contact.",high,high,"[{""video_id"": ""Le02JX9helk"", ""title"": ""Low Voltage Issue FIXED easy! NOT Alternator!!"", ""channel"": ""Budget Mechanic"", ""video_type_category"": ""organic"", ""trim"": ""base""}, {""video_id"": ""xBVmbYBxMyo"", ""title"": ""Car Battery Drains Overnight Or After Days Of No Use! PARASITIC DRAIN"", ""channel"": ""electronicsNmore"", ""video_type_category"": ""organic"", ""trim"": ""base""}]",27,3,"[""battery"", ""going"", ""current"", ""youre going"", ""youre"", ""post"", ""alternator"", ""flowing"", ""terminals"", ""vehicle""]",youtube,2,2,2,"[""all_renault_clio_mk4""]","{""base"": 2}",1,base,0,False,"{""from_llm_year_phrase"": null, ""from_llm_year_parsed"": [], ""from_transcript_context"": [], ""from_source_video_titles"": [], ""from_engine_production_windows"": [], ""from_model_scope_window"": [""2013-2019""], ""window_source"": ""model_window"", ""content_combine_rule"": ""no_content"", ""confidence"": ""low"", ""fallback_window"": ""2013-2019"", ""fallback_window_source"": ""model_window""}",,,,,,,
coolant_flange_gasket_failure,brittle coolant flanges and gasket leaks,cooling,[],,Coolant leaks from brittle flanges and failing gaskets.,Brittle coolant flanges and poor gasket quality leading to failure.,Replace coolant flanges and gaskets with updated parts.,high,low,"[{""video_id"": ""kVxIuLbuGZs"", ""title"": ""RELIABLE Car Engines You SHOULD Buy"", ""channel"": ""Scottish Car Clan"", ""video_type_category"": ""organic"", ""trim"": ""base""}, {""video_id"": ""ka0l5G3tqaE"", ""title"": ""We Stripped Ford's WORST Modern Engine To See Why It Keeps Exploding"", ""channel"": ""DRIVETRIBE"", ""video_type_category"": ""organic"", ""trim"": ""base""}]",18,3,"[""gaskets"", ""gas"", ""wrong"", ""going yeah"", ""brittle"", ""day"", ""theyve got"", ""okay"", ""eventually"", ""23""]",youtube,2,2,2,"[""all_renault_clio_mk4""]","{""base"": 2}",1,base,0,False,"{""from_llm_year_phrase"": null, ""from_llm_year_parsed"": [], ""from_transcript_context"": [], ""from_source_video_titles"": [], ""from_engine_production_windows"": [], ""from_model_scope_window"": [""2013-2019""], ""window_source"": ""model_window"", ""content_combine_rule"": ""no_content"", ""confidence"": ""low"", ""fallback_window"": ""2013-2019"", ""fallback_window_source"": ""model_window""}",,,,,,,
coolant_intrusion_combustion_chamber,coolant leaking into combustion chamber,cooling,[],,Engine runs rough and may have catastrophic failure due to coolant entering the combustion chamber.,,,high,low,"[{""video_id"": ""kVxIuLbuGZs"", ""title"": ""RELIABLE Car Engines You SHOULD Buy"", ""channel"": ""Scottish Car Clan"", ""video_type_category"": ""organic"", ""trim"": ""base""}, {""video_id"": ""ka0l5G3tqaE"", ""title"": ""We Stripped Ford's WORST Modern Engine To See Why It Keeps Exploding"", ""channel"": ""DRIVETRIBE"", ""video_type_category"": ""organic"", ""trim"": ""base""}]",17,3,"[""bad"", ""cracking"", ""generally catastrophic"", ""open engine"", ""things"", ""initially"", ""dont worry"", ""dig"", ""little things"", ""terrible""]",youtube,2,2,2,"[""all_renault_clio_mk4""]","{""base"": 2}",1,base,0,False,"{""from_llm_year_phrase"": null, ""from_llm_year_parsed"": [], ""from_transcript_context"": [], ""from_source_video_titles"": [], ""from_engine_production_windows"": [], ""from_model_scope_window"": [""2013-2019""], ""window_source"": ""model_window"", ""content_combine_rule"": ""no_content"", ""confidence"": ""low"", ""fallback_window"": ""2013-2019"", ""fallback_window_source"": ""model_window""}",,,,,,,
dpf_clogging_regeneration_failure,DPF clogging and regeneration failure,exhaust,"[""1.5_DCI""]",,"Poor fuel economy, higher idle RPM, engine running hotter, cooling fans running excessively, and potential check engine light due to DPF regeneration issues.","Short-trip driving preventing proper regeneration, oil consumption creating permanent ash buildup, faulty sensors (DPF pressure, exhaust temp), clogged EGR valves, bad fuel injectors, or air intake leaks.","Ensure regular longer drives for complete regenerations, use low-ash engine oil, fix underlying engine problems promptly, use quality fuel with additives, and avoid interrupting regeneration cycles.",high,high,"[{""video_id"": ""g8Qjz085pQI"", ""title"": ""6 Things That Keep Your DPF Alive"", ""channel"": ""velovista and VistaExtra"", ""video_type_category"": ""organic"", ""trim"": ""base""}, {""video_id"": ""54GrVq8_KqE"", ""title"": ""How Do You Know a DPF Regen Is Really Happening & How To Tell When A DPF Regeneration Is Running?"", ""channel"": ""TorqueCars"", ""video_type_category"": ""organic"", ""trim"": ""base""}]",0,37,"[""dpf"", ""regeneration"", ""soot"", ""ash"", ""diesel"", ""filter"", ""fuel"", ""heres"", ""oil"", ""engine""]",youtube,2,2,2,"[""all_renault_clio_mk4""]","{""base"": 2}",1,base,0,False,"{""from_llm_year_phrase"": null, ""from_llm_year_parsed"": [], ""from_transcript_context"": [], ""from_source_video_titles"": [], ""from_engine_production_windows"": [""2013-2019""], ""from_model_scope_window"": [""2013-2019""], ""window_source"": ""engine"", ""content_combine_rule"": ""no_content"", ""confidence"": ""low"", ""fallback_window"": ""2013-2019"", ""fallback_window_source"": ""engine""}",,,,,,,
engine_bearing_failure,spun engine bearing metal contamination,engine,"[""0.9_TCE"", ""1.2_TCE"", ""1.2_NA"", ""1.5_DCI""]",,Engine makes knocking noises and loses power due to bearing failure.,Worn or spun engine bearings releasing metal particles into oil system.,Engine rebuild or replacement with new bearings and thorough oil system cleaning.,high,medium,"[{""video_id"": ""ka0l5G3tqaE"", ""title"": ""We Stripped Ford's WORST Modern Engine To See Why It Keeps Exploding"", ""channel"": ""DRIVETRIBE"", ""video_type_category"": ""organic"", ""trim"": ""base""}, {""video_id"": ""HAfxcAmgnr8"", ""title"": ""Stiff Gear Shift? Stuck Manual Gear Stick? Common Problem Fixed in 30 Secs. It's Not Your Gearbox"", ""channel"": ""Rick The Spud"", ""video_type_category"": ""organic"", ""trim"": ""base""}]",24,3,"[""oh"", ""grease"", ""bearing"", ""shouldnt"", ""yeah"", ""nice"", ""going"", ""colored"", ""oh god"", ""thats better""]",youtube,2,2,2,"[""all_renault_clio_mk4""]","{""base"": 2}",1,base,0,False,"{""from_llm_year_phrase"": null, ""from_llm_year_parsed"": [], ""from_transcript_context"": [], ""from_source_video_titles"": [], ""from_engine_production_windows"": [""2013-2019""], ""from_model_scope_window"": [""2013-2019""], ""window_source"": ""engine"", ""content_combine_rule"": ""no_content"", ""confidence"": ""low"", ""fallback_window"": ""2013-2019"", ""fallback_window_source"": ""engine""}",,,,,,,
engine_seizure_rod_bearing_failure,rod bearing failure leading to engine seizure,engine,[],,"Engine starts knocking from bottom end, potentially leading to complete engine seizure if not addressed quickly.",Oil starvation causing rod bearing failure that progresses upward through the engine,Replace rod bearings and inspect entire engine for damage; may require full engine replacement if seizure occurs,high,low,"[{""video_id"": ""ka0l5G3tqaE"", ""title"": ""We Stripped Ford's WORST Modern Engine To See Why It Keeps Exploding"", ""channel"": ""DRIVETRIBE"", ""video_type_category"": ""organic"", ""trim"": ""base""}, {""video_id"": ""g8Qjz085pQI"", ""title"": ""6 Things That Keep Your DPF Alive"", ""channel"": ""velovista and VistaExtra"", ""video_type_category"": ""organic"", ""trim"": ""base""}]",19,3,"[""compress"", ""engine dont"", ""way engine"", ""seize"", ""starts end"", ""rod bearings"", ""oven"", ""entire engine"", ""catch"", ""really like""]",youtube,2,2,2,"[""all_renault_clio_mk4""]","{""base"": 2}",1,base,0,False,"{""from_llm_year_phrase"": null, ""from_llm_year_parsed"": [], ""from_transcript_context"": [], ""from_source_video_titles"": [], ""from_engine_production_windows"": [], ""from_model_scope_window"": [""2013-2019""], ""window_source"": ""model_window"", ""content_combine_rule"": ""no_content"", ""confidence"": ""low"", ""fallback_window"": ""2013-2019"", ""fallback_window_source"": ""model_window""}",,,,,,,
oil_pump_starvation_soot_clogging,Oil pump starvation from soot clogging,engine,"[""0.9_TCE"", ""1.2_TCE"", ""1.5_DCI""]",,"Engine suffers from oil starvation leading to potential bottom-end damage, particularly affecting cylinder furthest from oil pump.","Soot and ash accumulation choking the oil system, preventing oil from reaching the oil pump.","Address oil leaks, smoke, or warning lights immediately; regular maintenance to prevent soot buildup.",high,medium,"[{""video_id"": ""ka0l5G3tqaE"", ""title"": ""We Stripped Ford's WORST Modern Engine To See Why It Keeps Exploding"", ""channel"": ""DRIVETRIBE"", ""video_type_category"": ""organic"", ""trim"": ""base""}, {""video_id"": ""g8Qjz085pQI"", ""title"": ""6 Things That Keep Your DPF Alive"", ""channel"": ""velovista and VistaExtra"", ""video_type_category"": ""organic"", ""trim"": ""base""}]",1002,4,"[""oil"", ""oil pump"", ""pump"", ""away reason"", ""choke"", ""best itll"", ""choke soot"", ""bad just"", ""cylinders particularly"", ""cylinder furthest""]",youtube,2,2,2,"[""all_renault_clio_mk4""]","{""base"": 2}",1,base,0,False,"{""from_llm_year_phrase"": null, ""from_llm_year_parsed"": [], ""from_transcript_context"": [], ""from_source_video_titles"": [], ""from_engine_production_windows"": [""2013-2019""], ""from_model_scope_window"": [""2013-2019""], ""window_source"": ""engine"", ""content_combine_rule"": ""no_content"", ""confidence"": ""low"", ""fallback_window"": ""2013-2019"", ""fallback_window_source"": ""engine""}",,,,,,,
suspension_knocking_play,suspension knocking and play issues,suspension,[],,"Knocking and creaking sounds when driving over bumps or maneuvering, accompanied by steering wheel vibration and uneven tire wear.","Wear and failure of suspension components including tie rods, tie rod ends, sway bar links, ball joints, bushings, and shock absorber mounts, resulting in play and loss of structural rigidity.","Replace faulty components (tie rods, tie rod ends, sway bar links, ball joints, bushings, shock absorber mounts) as they are not repairable, then perform wheel alignment.",high,high,"[{""video_id"": ""ikIhsy89te0"", ""title"": ""Top 5 reasons why the suspension knocks | AUTODOC tips"", ""channel"": ""autodoc.co.uk"", ""video_type_category"": ""organic"", ""trim"": ""base""}, {""video_id"": ""HAfxcAmgnr8"", ""title"": ""Stiff Gear Shift? Stuck Manual Gear Stick? Common Problem Fixed in 30 Secs. It's Not Your Gearbox"", ""channel"": ""Rick The Spud"", ""video_type_category"": ""organic"", ""trim"": ""base""}]",1,20,"[""music"", ""wheel"", ""steering"", ""tie"", ""bar"", ""suspension"", ""parts"", ""rubber"", ""play"", ""knocking""]",youtube,2,2,2,"[""all_renault_clio_mk4""]","{""base"": 2}",1,base,0,False,"{""from_llm_year_phrase"": null, ""from_llm_year_parsed"": [], ""from_transcript_context"": [], ""from_source_video_titles"": [], ""from_engine_production_windows"": [], ""from_model_scope_window"": [""2013-2019""], ""window_source"": ""model_window"", ""content_combine_rule"": ""no_content"", ""confidence"": ""low"", ""fallback_window"": ""2013-2019"", ""fallback_window_source"": ""model_window""}",,,,,,,
dpf_emissions_system_failures,DPF and emissions system problems,exhaust,"[""1.5_DCI""]",,"The driver experiences problems with the diesel particulate filter (DPF) and other emissions components, which can reduce reliability.","Complex modern diesel emissions equipment, including DPFs, which are prone to issues.",,medium,medium,"[{""video_id"": ""kVxIuLbuGZs"", ""title"": ""RELIABLE Car Engines You SHOULD Buy"", ""channel"": ""Scottish Car Clan"", ""video_type_category"": ""organic"", ""trim"": ""base""}]",16,3,"[""diesel"", ""reputation"", ""emission"", ""modern"", ""reliability"", ""ones"", ""issues"", ""bags"", ""different variations"", ""mighty""]",youtube,1,1,1,"[""diesel_only""]","{""base"": 1}",1,base,0,False,"{""from_llm_year_phrase"": null, ""from_llm_year_parsed"": [], ""from_transcript_context"": [], ""from_source_video_titles"": [], ""from_engine_production_windows"": [""2013-2019""], ""from_model_scope_window"": [""2013-2019""], ""window_source"": ""engine"", ""content_combine_rule"": ""no_content"", ""confidence"": ""low"", ""fallback_window"": ""2013-2019"", ""fallback_window_source"": ""engine""}",,,,,,,
egr_system_carbon_buildup,EGR system carbon buildup,engine,"[""0.9_TCE"", ""1.2_TCE"", ""1.5_DCI""]",,"EGR flow becomes restricted, causing the system to effectively not work.",,,,,"[{""video_id"": ""lCizL9ms6xY"", ""title"": ""How To Tell If Your EGR Is Faulty - Common EGR Symptoms & Problems."", ""channel"": ""TorqueCars"", ""video_type_category"": ""organic"", ""trim"": ""base""}]",enum_augment,1,[],youtube,1,1,1,"[""all_renault_clio_mk4""]","{""base"": 1}",1,base,0,False,"{""from_llm_year_phrase"": null, ""from_llm_year_parsed"": [], ""from_transcript_context"": [], ""from_source_video_titles"": [], ""from_engine_production_windows"": [""2013-2019""], ""from_model_scope_window"": [""2013-2019""], ""window_source"": ""engine"", ""content_combine_rule"": ""no_content"", ""confidence"": ""low"", ""fallback_window"": ""2013-2019"", ""fallback_window_source"": ""engine""}",,organic,,,,,
egr_valve_stuck_open,EGR valve stuck closed,engine,"[""0.9_TCE"", ""1.2_TCE"", ""1.5_DCI""]",,Engine experiences pinking or pinging (detonation).,,,low,,"[{""video_id"": ""lCizL9ms6xY"", ""title"": ""How To Tell If Your EGR Is Faulty - Common EGR Symptoms & Problems."", ""channel"": ""TorqueCars"", ""video_type_category"": ""organic"", ""trim"": ""base""}]",enum_augment,1,[],youtube,1,1,1,"[""all_renault_clio_mk4""]","{""base"": 1}",1,base,0,False,"{""from_llm_year_phrase"": null, ""from_llm_year_parsed"": [], ""from_transcript_context"": [], ""from_source_video_titles"": [], ""from_engine_production_windows"": [""2013-2019""], ""from_model_scope_window"": [""2013-2019""], ""window_source"": ""engine"", ""content_combine_rule"": ""no_content"", ""confidence"": ""low"", ""fallback_window"": ""2013-2019"", ""fallback_window_source"": ""engine""}",,organic,[],low,"[""egr_valve_stuck_closed"", ""egr_valve_stuck_open""]",,
engine_mount_grounding_fault,engine mount grounding strap fault,electrical,[],,Voltage drop detected at engine mount grounding point during electrical system testing.,Faulty ground strap connection at engine mount.,Test grounding points with multimeter and repair/replace faulty ground strap.,high,high,"[{""video_id"": ""Swz_LSU4-pk"", ""title"": ""How to Test Your Car for Ground Faults - QUICK & EASY!"", ""channel"": ""You Wrench"", ""video_type_category"": ""organic"", ""trim"": ""base""}]",28,3,"[""grounding"", ""engine mount"", ""grounding point"", ""issue"", ""running"", ""mount"", ""particular"", ""reading"", ""repeat"", ""volts""]",youtube,1,1,1,"[""all_renault_clio_mk4""]","{""base"": 1}",1,base,0,False,"{""from_llm_year_phrase"": null, ""from_llm_year_parsed"": [], ""from_transcript_context"": [], ""from_source_video_titles"": [], ""from_engine_production_windows"": [], ""from_model_scope_window"": [""2013-2019""], ""window_source"": ""model_window"", ""content_combine_rule"": ""no_content"", ""confidence"": ""low"", ""fallback_window"": ""2013-2019"", ""fallback_window_source"": ""model_window""}",,,,,,,
folded_seat_step_limits_cargo,Big step when seats folded,body,[],,"When the rear seats are folded, they leave a big step in the floor, limiting options for carrying larger items.",,,,,"[{""video_id"": ""xCj4akEF9KE"", ""title"": ""Used Car Review: Renault Clio"", ""channel"": ""CarGurus UK"", ""video_type_category"": ""organic"", ""trim"": ""base""}]",enum_augment,1,[],youtube,1,1,1,"[""all_renault_clio_mk4""]","{""base"": 1}",1,base,0,False,"{""from_llm_year_phrase"": null, ""from_llm_year_parsed"": [], ""from_transcript_context"": [], ""from_source_video_titles"": [], ""from_engine_production_windows"": [""2013-2019""], ""from_model_scope_window"": [""2013-2019""], ""window_source"": ""engine"", ""content_combine_rule"": ""no_content"", ""confidence"": ""low"", ""fallback_window"": ""2013-2019"", ""fallback_window_source"": ""engine""}",,organic,,,,"[""0.9_TCE"", ""1.2_NA"", ""1.2_TCE"", ""1.5_DCI""]","[""system_component=body is not engine-scoped; cleared affected_engines (original preserved in affected_engines_original).""]"
fuel_gauge_inaccuracy,Inaccurate fuel level gauge,fuel,[],,"Fuel gauge shows incorrect level, often dropping suddenly and stranding the driver.",,,,,"[{""video_id"": ""Xsh3AZ8Jh3M"", ""title"": ""Buying a Used 4th Gen Clio? Problems"", ""channel"": ""Pit-Stop"", ""video_type_category"": ""organic"", ""trim"": ""base""}]",enum_augment,1,[],youtube,1,1,1,"[""all_renault_clio_mk4""]","{""base"": 1}",1,base,0,False,"{""from_llm_year_phrase"": null, ""from_llm_year_parsed"": [], ""from_transcript_context"": [], ""from_source_video_titles"": [], ""from_engine_production_windows"": [], ""from_model_scope_window"": [""2013-2019""], ""window_source"": ""model_window"", ""content_combine_rule"": ""no_content"", ""confidence"": ""low"", ""fallback_window"": ""2013-2019"", ""fallback_window_source"": ""model_window""}",,organic,,,,,
head_gasket_failure_detonation,Head gasket failure from low-speed detonation,engine,[],,"Head gasket failure leading to coolant loss, interior heating issues, sweet exhaust smell, and potential cylinder misfiring.",Low-speed detonation caused by stock ECU calibration at certain parameters leading to multiple knock events and piston fatigue.,"Upgraded head gasket (multiple variations exist, with recall versions being more reliable).",high,high,"[{""video_id"": ""ka0l5G3tqaE"", ""title"": ""We Stripped Ford's WORST Modern Engine To See Why It Keeps Exploding"", ""channel"": ""DRIVETRIBE"", ""video_type_category"": ""organic"", ""trim"": ""base""}]",14,4,"[""gasket"", ""head gasket"", ""head"", ""detonation"", ""um"", ""coolant"", ""know dont"", ""happened"", ""dont know"", ""dont""]",youtube,1,1,1,"[""all_renault_clio_mk4""]","{""base"": 1}",1,base,0,False,"{""from_llm_year_phrase"": null, ""from_llm_year_parsed"": [], ""from_transcript_context"": [], ""from_source_video_titles"": [], ""from_engine_production_windows"": [], ""from_model_scope_window"": [""2013-2019""], ""window_source"": ""model_window"", ""content_combine_rule"": ""no_content"", ""confidence"": ""low"", ""fallback_window"": ""2013-2019"", ""fallback_window_source"": ""model_window""}",,,,,,,
jittery_low_speed_ride,Jittery ride at low speeds,suspension,[],,"At lower speeds, the ride can feel a bit jittery.",,,,,"[{""video_id"": ""xCj4akEF9KE"", ""title"": ""Used Car Review: Renault Clio"", ""channel"": ""CarGurus UK"", ""video_type_category"": ""organic"", ""trim"": ""base""}]",enum_augment,1,[],youtube,1,1,1,"[""all_renault_clio_mk4""]","{""base"": 1}",1,base,0,False,"{""from_llm_year_phrase"": null, ""from_llm_year_parsed"": [], ""from_transcript_context"": [], ""from_source_video_titles"": [], ""from_engine_production_windows"": [""2013-2019""], ""from_model_scope_window"": [""2013-2019""], ""window_source"": ""engine"", ""content_combine_rule"": ""no_content"", ""confidence"": ""low"", ""fallback_window"": ""2013-2019"", ""fallback_window_source"": ""engine""}",,organic,,,,"[""0.9_TCE"", ""1.2_NA"", ""1.2_TCE"", ""1.5_DCI""]","[""system_component=suspension is not engine-scoped; cleared affected_engines (original preserved in affected_engines_original).""]"
maf_sensor_failure,MAF sensor failure or contamination,engine,"[""0.9_TCE"", ""1.2_NA"", ""1.2_TCE"", ""1.5_DCI""]",,"Engine misfires, rough idle, sluggish acceleration, stalling, or black smoke from exhaust.",,,,,"[{""video_id"": ""2K6mkzb3WRA"", ""title"": ""11 Bad MAF Sensor Symptoms | Car Mass Air flow Sensor Problems"", ""channel"": ""Car Care Clues"", ""video_type_category"": ""organic"", ""trim"": ""base""}]",enum_augment,1,[],youtube,1,1,1,"[""all_renault_clio_mk4""]","{""base"": 1}",1,base,0,False,"{""from_llm_year_phrase"": null, ""from_llm_year_parsed"": [], ""from_transcript_context"": [], ""from_source_video_titles"": [], ""from_engine_production_windows"": [""2013-2019""], ""from_model_scope_window"": [""2013-2019""], ""window_source"": ""engine"", ""content_combine_rule"": ""no_content"", ""confidence"": ""low"", ""fallback_window"": ""2013-2019"", ""fallback_window_source"": ""engine""}",,organic,,,,,
oil_consumption,High oil consumption leading to failure,engine,"[""1.2_TCE""]",,"Engine consumes excessive oil, which can lead to catastrophic engine failure.",,,,,"[{""video_id"": ""Xsh3AZ8Jh3M"", ""title"": ""Buying a Used 4th Gen Clio? Problems"", ""channel"": ""Pit-Stop"", ""video_type_category"": ""organic"", ""trim"": ""base""}]",enum_augment,1,[],youtube,1,1,1,"[""all_renault_clio_mk4""]","{""base"": 1}",1,base,0,False,"{""from_llm_year_phrase"": null, ""from_llm_year_parsed"": [], ""from_transcript_context"": [], ""from_source_video_titles"": [], ""from_engine_production_windows"": [""2013-2018""], ""from_model_scope_window"": [""2013-2018""], ""window_source"": ""engine"", ""content_combine_rule"": ""no_content"", ""confidence"": ""low"", ""fallback_window"": ""2013-2018"", ""fallback_window_source"": ""engine""}",,organic,,,,,
oil_dilution_dpf_regeneration,Oil dilution from aborted DPF regen,engine,[],up to 2019,"Engine oil loses protective properties, potentially leading to catastrophic engine failure.",,,,,"[{""video_id"": ""THLOInExD7Y"", ""title"": ""AVOID These Car ENGINES!"", ""channel"": ""Scottish Car Clan"", ""video_type_category"": ""organic"", ""trim"": ""base""}]",enum_augment,1,[],youtube,1,1,1,"[""all_renault_clio_mk4""]","{""base"": 1}",1,base,0,False,"{""from_llm_year_phrase"": ""up to 2019"", ""from_llm_year_parsed"": [""2013-2019""], ""from_transcript_context"": [], ""from_source_video_titles"": [], ""from_engine_production_windows"": [], ""from_model_scope_window"": [""2013-2019""], ""window_source"": ""model_window"", ""content_combine_rule"": ""llm_phrase_only"", ""confidence"": ""medium"", ""triangulated"": ""2013-2019""}",2013-2019,organic,,,,,
oil_pickup_clogging_engine_failure,oil pickup clogging leads to engine failure,engine,[],,"Engine failure due to debris in the oil pickup, often noticed after oil changes or under high stress.","Debris accumulation in the oil pickup screen, potentially from wear or lack of maintenance, leading to oil starvation.","Regular oil changes, inspecting the oil pickup for debris, and more frequent servicing than recommended intervals.",medium,low,"[{""video_id"": ""ka0l5G3tqaE"", ""title"": ""We Stripped Ford's WORST Modern Engine To See Why It Keeps Exploding"", ""channel"": ""DRIVETRIBE"", ""video_type_category"": ""organic"", ""trim"": ""base""}]",26,3,"[""just make"", ""just"", ""want"", ""make"", ""say"", ""service"", ""people"", ""cut losses"", ""just cut"", ""going far""]",youtube,1,1,1,"[""all_renault_clio_mk4""]","{""base"": 1}",1,base,0,False,"{""from_llm_year_phrase"": null, ""from_llm_year_parsed"": [], ""from_transcript_context"": [], ""from_source_video_titles"": [], ""from_engine_production_windows"": [], ""from_model_scope_window"": [""2013-2019""], ""window_source"": ""model_window"", ""content_combine_rule"": ""no_content"", ""confidence"": ""low"", ""fallback_window"": ""2013-2019"", ""fallback_window_source"": ""model_window""}",,,,,,,
pedal_offset,Pedals offset to the right,other,[],,"The pedals are slightly offset to the right, affecting driving position.",,,,,"[{""video_id"": ""xCj4akEF9KE"", ""title"": ""Used Car Review: Renault Clio"", ""channel"": ""CarGurus UK"", ""video_type_category"": ""organic"", ""trim"": ""base""}]",enum_augment,1,[],youtube,1,1,1,"[""all_renault_clio_mk4""]","{""base"": 1}",1,base,0,False,"{""from_llm_year_phrase"": null, ""from_llm_year_parsed"": [], ""from_transcript_context"": [], ""from_source_video_titles"": [], ""from_engine_production_windows"": [""2013-2019""], ""from_model_scope_window"": [""2013-2019""], ""window_source"": ""engine"", ""content_combine_rule"": ""no_content"", ""confidence"": ""low"", ""fallback_window"": ""2013-2019"", ""fallback_window_source"": ""engine""}",,organic,,,,"[""0.9_TCE"", ""1.2_NA"", ""1.2_TCE"", ""1.5_DCI""]","[""system_component=other is not engine-scoped; cleared affected_engines (original preserved in affected_engines_original).""]"
r_link_system_bugs,R-Link infotainment system bugs,electrical,[],,"Infotainment system is slow, crashes, or prevents use of climate controls.",,,,,"[{""video_id"": ""Xsh3AZ8Jh3M"", ""title"": ""Buying a Used 4th Gen Clio? Problems"", ""channel"": ""Pit-Stop"", ""video_type_category"": ""organic"", ""trim"": ""base""}]",enum_augment,1,[],youtube,1,1,1,"[""all_renault_clio_mk4""]","{""base"": 1}",1,base,0,False,"{""from_llm_year_phrase"": null, ""from_llm_year_parsed"": [], ""from_transcript_context"": [], ""from_source_video_titles"": [], ""from_engine_production_windows"": [], ""from_model_scope_window"": [""2013-2019""], ""window_source"": ""model_window"", ""content_combine_rule"": ""no_content"", ""confidence"": ""low"", ""fallback_window"": ""2013-2019"", ""fallback_window_source"": ""model_window""}",,organic,,,,,
rear_visibility_obstructed,Seriously limited rear visibility,body,[],,The view over your shoulder is seriously limited due to thick rear pillars.,,,,,"[{""video_id"": ""xCj4akEF9KE"", ""title"": ""Used Car Review: Renault Clio"", ""channel"": ""CarGurus UK"", ""video_type_category"": ""organic"", ""trim"": ""base""}]",enum_augment,1,[],youtube,1,1,1,"[""all_renault_clio_mk4""]","{""base"": 1}",1,base,0,False,"{""from_llm_year_phrase"": null, ""from_llm_year_parsed"": [], ""from_transcript_context"": [], ""from_source_video_titles"": [], ""from_engine_production_windows"": [""2013-2019""], ""from_model_scope_window"": [""2013-2019""], ""window_source"": ""engine"", ""content_combine_rule"": ""no_content"", ""confidence"": ""low"", ""fallback_window"": ""2013-2019"", ""fallback_window_source"": ""engine""}",,organic,,,,"[""0.9_TCE"", ""1.2_NA"", ""1.2_TCE"", ""1.5_DCI""]","[""system_component=body is not engine-scoped; cleared affected_engines (original preserved in affected_engines_original).""]"
rod_bearing_failure_oil_starvation,Rod bearing failure from oil starvation,engine,[],,Engine failure with damaged rod bearings and conrod damage due to oil starvation.,Oil starvation leading to bearing failure and conrod damage.,Replace rod bearings and potentially conrods; address oil delivery system issues.,high,medium,"[{""video_id"": ""ka0l5G3tqaE"", ""title"": ""We Stripped Ford's WORST Modern Engine To See Why It Keeps Exploding"", ""channel"": ""DRIVETRIBE"", ""video_type_category"": ""organic"", ""trim"": ""base""}]",25,3,"[""bearings"", ""theyre"", ""yeah"", ""oil"", ""rod bearings"", ""oil yeah"", ""raw"", ""little thing"", ""theyre just"", ""conrod""]",youtube,1,1,1,"[""all_renault_clio_mk4""]","{""base"": 1}",1,base,0,False,"{""from_llm_year_phrase"": null, ""from_llm_year_parsed"": [], ""from_transcript_context"": [], ""from_source_video_titles"": [], ""from_engine_production_windows"": [], ""from_model_scope_window"": [""2013-2019""], ""window_source"": ""model_window"", ""content_combine_rule"": ""no_content"", ""confidence"": ""low"", ""fallback_window"": ""2013-2019"", ""fallback_window_source"": ""model_window""}",,,,,,,
start_stop_battery_drain,Start-stop system drains battery,electrical,[],,"Start-stop system causes excessive battery drain, leading to dead batteries.",,,,,"[{""video_id"": ""Xsh3AZ8Jh3M"", ""title"": ""Buying a Used 4th Gen Clio? Problems"", ""channel"": ""Pit-Stop"", ""video_type_category"": ""organic"", ""trim"": ""base""}]",enum_augment,1,[],youtube,1,1,1,"[""all_renault_clio_mk4""]","{""base"": 1}",1,base,0,False,"{""from_llm_year_phrase"": null, ""from_llm_year_parsed"": [], ""from_transcript_context"": [], ""from_source_video_titles"": [], ""from_engine_production_windows"": [], ""from_model_scope_window"": [""2013-2019""], ""window_source"": ""model_window"", ""content_combine_rule"": ""no_content"", ""confidence"": ""low"", ""fallback_window"": ""2013-2019"", ""fallback_window_source"": ""model_window""}",,organic,,,,,
starter_motor_water_ingress,Starter motor water ingress and freezing,electrical,[],,"Water seeps into the starter motor, freezes overnight, and prevents the car from starting.",,,,,"[{""video_id"": ""Xsh3AZ8Jh3M"", ""title"": ""Buying a Used 4th Gen Clio? Problems"", ""channel"": ""Pit-Stop"", ""video_type_category"": ""organic"", ""trim"": ""base""}]",enum_augment,1,[],youtube,1,1,1,"[""all_renault_clio_mk4""]","{""base"": 1}",1,base,0,False,"{""from_llm_year_phrase"": null, ""from_llm_year_parsed"": [], ""from_transcript_context"": [], ""from_source_video_titles"": [], ""from_engine_production_windows"": [], ""from_model_scope_window"": [""2013-2019""], ""window_source"": ""model_window"", ""content_combine_rule"": ""no_content"", ""confidence"": ""low"", ""fallback_window"": ""2013-2019"", ""fallback_window_source"": ""model_window""}",,organic,,,,,
suspension_noise,Excessive noise from suspension,suspension,[],,"Noticeable noise when driving, especially on damaged roads.",,,,,"[{""video_id"": ""Xsh3AZ8Jh3M"", ""title"": ""Buying a Used 4th Gen Clio? Problems"", ""channel"": ""Pit-Stop"", ""video_type_category"": ""organic"", ""trim"": ""base""}]",enum_augment,1,[],youtube,1,1,1,"[""all_renault_clio_mk4""]","{""base"": 1}",1,base,0,False,"{""from_llm_year_phrase"": null, ""from_llm_year_parsed"": [], ""from_transcript_context"": [], ""from_source_video_titles"": [], ""from_engine_production_windows"": [], ""from_model_scope_window"": [""2013-2019""], ""window_source"": ""model_window"", ""content_combine_rule"": ""no_content"", ""confidence"": ""low"", ""fallback_window"": ""2013-2019"", ""fallback_window_source"": ""model_window""}",,organic,,,,,
timing_belt_degradation_rubber_contamination,Timing belt disintegration contaminating oil,engine,"[""1.2_NA"", ""1.5_DCI""]",,Oil filter clogged with rubber particles from disintegrating timing belt.,Timing belt material degradation causing rubber fragments to contaminate oil system.,Replace timing belt and flush oil system to remove contamination.,high,medium,"[{""video_id"": ""ka0l5G3tqaE"", ""title"": ""We Stripped Ford's WORST Modern Engine To See Why It Keeps Exploding"", ""channel"": ""DRIVETRIBE"", ""video_type_category"": ""organic"", ""trim"": ""base""}]",21,3,"[""amazing"", ""belt"", ""theres"", ""seep"", ""music applause"", ""just yeah"", ""youre just"", ""really"", ""managed"", ""like really""]",youtube,1,1,1,"[""all_renault_clio_mk4""]","{""base"": 1}",1,base,0,False,"{""from_llm_year_phrase"": null, ""from_llm_year_parsed"": [], ""from_transcript_context"": [], ""from_source_video_titles"": [], ""from_engine_production_windows"": [""2013-2019""], ""from_model_scope_window"": [""2013-2019""], ""window_source"": ""engine"", ""content_combine_rule"": ""no_content"", ""confidence"": ""low"", ""fallback_window"": ""2013-2019"", ""fallback_window_source"": ""engine""}",,,,,,,
timing_chain_tensioner_failure,Timing chain stretch and tensioner failure,engine,[],up to 2019,"Timing chain stretches and plastic tensioner parts break off, causing oil feed blockages and engine damage.",,,,,"[{""video_id"": ""THLOInExD7Y"", ""title"": ""AVOID These Car ENGINES!"", ""channel"": ""Scottish Car Clan"", ""video_type_category"": ""organic"", ""trim"": ""base""}]",enum_augment,1,[],youtube,1,1,1,"[""all_renault_clio_mk4""]","{""base"": 1}",1,base,0,False,"{""from_llm_year_phrase"": ""up to 2019"", ""from_llm_year_parsed"": [""2013-2019""], ""from_transcript_context"": [], ""from_source_video_titles"": [], ""from_engine_production_windows"": [], ""from_model_scope_window"": [""2013-2019""], ""window_source"": ""model_window"", ""content_combine_rule"": ""llm_phrase_only"", ""confidence"": ""medium"", ""triangulated"": ""2013-2019""}",2013-2019,organic,,,,,
vent_plastic_breakage,Fragile air vent plastics,body,[],,Air vents break easily if handled aggressively.,,,,,"[{""video_id"": ""Xsh3AZ8Jh3M"", ""title"": ""Buying a Used 4th Gen Clio? Problems"", ""channel"": ""Pit-Stop"", ""video_type_category"": ""organic"", ""trim"": ""base""}]",enum_augment,1,[],youtube,1,1,1,"[""all_renault_clio_mk4""]","{""base"": 1}",1,base,0,False,"{""from_llm_year_phrase"": null, ""from_llm_year_parsed"": [], ""from_transcript_context"": [], ""from_source_video_titles"": [], ""from_engine_production_windows"": [], ""from_model_scope_window"": [""2013-2019""], ""window_source"": ""model_window"", ""content_combine_rule"": ""no_content"", ""confidence"": ""low"", ""fallback_window"": ""2013-2019"", ""fallback_window_source"": ""model_window""}",,organic,,,,,
wet_belt_degradation_oil_pickup_clog,"wet belt degrades, clogs oil pickup",engine,"[""1.2_TCE""]",,"Oil pickup gets completely clogged, leading to oil starvation and engine failure.","The wet belt sits in oil, degrades over time, and debris ends up in the oil pickup.",Replace degraded wet belt and clean or replace clogged oil pickup/oil pump.,high,high,"[{""video_id"": ""ka0l5G3tqaE"", ""title"": ""We Stripped Ford's WORST Modern Engine To See Why It Keeps Exploding"", ""channel"": ""DRIVETRIBE"", ""video_type_category"": ""organic"", ""trim"": ""base""}]",20,3,"[""oil"", ""fresh"", ""cam"", ""oil pickup"", ""oil pump"", ""pickup"", ""havent"", ""pump"", ""degrade"", ""going lot""]",youtube,1,1,1,"[""all_renault_clio_mk4""]","{""base"": 1}",1,base,0,False,"{""from_llm_year_phrase"": null, ""from_llm_year_parsed"": [], ""from_transcript_context"": [], ""from_source_video_titles"": [], ""from_engine_production_windows"": [""2013-2018""], ""from_model_scope_window"": [""2013-2018""], ""window_source"": ""engine"", ""content_combine_rule"": ""no_content"", ""confidence"": ""low"", ""fallback_window"": ""2013-2018"", ""fallback_window_source"": ""engine""}",,,,,,,
wet_belt_oil_pump_failure,Wet belt oil pump failure,engine,[],,"Wet belt driving the oil pump can degrade, though less problematic than the earlier timing belt issue.",,,,,"[{""video_id"": ""THLOInExD7Y"", ""title"": ""AVOID These Car ENGINES!"", ""channel"": ""Scottish Car Clan"", ""video_type_category"": ""organic"", ""trim"": ""base""}]",enum_augment,1,[],youtube,1,1,1,"[""all_renault_clio_mk4""]","{""base"": 1}",1,base,0,False,"{""from_llm_year_phrase"": null, ""from_llm_year_parsed"": [], ""from_transcript_context"": [], ""from_source_video_titles"": [], ""from_engine_production_windows"": [], ""from_model_scope_window"": [""2013-2019""], ""window_source"": ""model_window"", ""content_combine_rule"": ""no_content"", ""confidence"": ""low"", ""fallback_window"": ""2013-2019"", ""fallback_window_source"": ""model_window""}",,organic,,,,,
wet_timing_belt_degradation,Wet timing belt degradation in oil,engine,[],Pre-2019,"Rubber timing belt breaks up in hot engine oil, blocking oil pickups and causing oil starvation.",,,,,"[{""video_id"": ""THLOInExD7Y"", ""title"": ""AVOID These Car ENGINES!"", ""channel"": ""Scottish Car Clan"", ""video_type_category"": ""organic"", ""trim"": ""base""}]",enum_augment,1,[],youtube,1,1,1,"[""all_renault_clio_mk4""]","{""base"": 1}",1,base,0,False,"{""from_llm_year_phrase"": ""Pre-2019"", ""from_llm_year_parsed"": [""2013-2019""], ""from_transcript_context"": [], ""from_source_video_titles"": [], ""from_engine_production_windows"": [], ""from_model_scope_window"": [""2013-2019""], ""window_source"": ""model_window"", ""content_combine_rule"": ""llm_phrase_only"", ""confidence"": ""medium"", ""triangulated"": ""2013-2019""}",2013-2019,organic,,,,,
wiper_motor_failure,Front and rear wiper motor failure,electrical,[],,"Wiper motors fail permanently, causing wipers to stop working.",,,,,"[{""video_id"": ""Xsh3AZ8Jh3M"", ""title"": ""Buying a Used 4th Gen Clio? Problems"", ""channel"": ""Pit-Stop"", ""video_type_category"": ""organic"", ""trim"": ""base""}]",enum_augment,1,[],youtube,1,1,1,"[""all_renault_clio_mk4""]","{""base"": 1}",1,base,0,False,"{""from_llm_year_phrase"": null, ""from_llm_year_parsed"": [], ""from_transcript_context"": [], ""from_source_video_titles"": [], ""from_engine_production_windows"": [], ""from_model_scope_window"": [""2013-2019""], ""window_source"": ""model_window"", ""content_combine_rule"": ""no_content"", ""confidence"": ""low"", ""fallback_window"": ""2013-2019"", ""fallback_window_source"": ""model_window""}",,organic,,,,,
