issue_id,label,label_short,system_component,issue_type,severity,confidence,affected_engines,affected_years,onset_km_range,symptom,cause,fix,warning_signs,inspection_advice,mention_count,distinct_channel_count,source_videos,source,data_quality,notes,corroboration_count,model_scope,trim_evidence,distinct_trim_count,dominant_trim,cross_trim_corroboration_count,trim_scope_warning,affected_years_evidence,affected_years_triangulated,merged_from_issue_ids,affected_engines_original,_scope_notes
timing_chain_tensioner_failure,Timing chain tensioner failure causing engine damage,Timing chain failure,engine,chronic_failure,high,high,"[""1.2_TSI"", ""1.4"", ""1.4_TSI"", ""1.8_TSI"", ""2.0_TSI""]",,before 100k km,"Potential for catastrophic engine damage due to timing chain or tensioner failure. Rattle when starting with a cold engine, risking serious engine damage.",Tensioner relies on proper oil level and pressure; design prone to failure.,Requires staying on top of timing chain service as a critical maintenance item to prevent failure.,"[""Engine rattling or noise on startup"", ""Timing chain noise under acceleration"", ""Rattle when starting with a cold engine"", ""Timing chain rattle, especially on startup""]",Check service history for timing chain replacement; listen for rattling on cold start.,7,2,"[{""video_id"": ""V3O6BHi2-pg"", ""title"": ""..."", ""channel"": ""..."", ""video_type_category"": ""..."", ""trim"": ""base""}, {""video_id"": ""waG3i3Hon5Q"", ""title"": ""..."", ""channel"": ""..."", ""video_type_category"": ""..."", ""trim"": ""base""}, {""video_id"": ""wdMEFFNou3Y"", ""title"": ""..."", ""channel"": ""..."", ""video_type_category"": ""..."", ""trim"": ""base""}, {""video_id"": ""CzWxijTPkHY"", ""title"": ""..."", ""channel"": ""..."", ""video_type_category"": ""..."", ""trim"": ""base""}, {""video_id"": ""LFed8YNxj2M"", ""title"": ""..."", ""channel"": ""..."", ""video_type_category"": ""..."", ""trim"": ""base""}, {""video_id"": ""ADUK5PFB4k4"", ""title"": ""..."", ""channel"": ""..."", ""video_type_category"": ""..."", ""trim"": ""base""}, {""video_id"": ""SWyKL-IK9Ww"", ""title"": ""VW Golf MK6 Issues of the Petrol Engines 2008-2013"", ""channel"": ""different car review"", ""video_type_category"": ""organic"", ""trim"": ""base""}]",youtube,high,Merged from 'timing_belt_rattle_failure' (specific to 2.0_TSI_R) and broader timing chain issues on EA888 engines. Note: EA113 (belt) vs EA888/EA111 (chain) distinction.,7,"[""all_vw_golf_mk6""]","{""base"": 7}",1,base,0,False,"{""from_llm_year_phrase"": null, ""from_llm_year_parsed"": [], ""from_transcript_context"": [], ""from_source_video_titles"": [""2008-2013""], ""from_engine_production_windows"": [""2008-2013""], ""from_model_scope_window"": [""2008-2013""], ""window_source"": ""engine"", ""content_combine_rule"": ""title_only"", ""confidence"": ""medium"", ""triangulated"": ""2008-2013""}",2008-2013,,,
carbon_buildup_intake_valves,Intake valve carbon buildup from direct injection,Carbon buildup,engine,wear_item,medium,high,"[""1.2_TSI"", ""1.4_TSI"", ""1.8_TSI"", ""2.0_TSI"", ""2.0_TSI_R""]",,80k-150k km,"Rough idle, misfires, and loss of power due to carbon deposits on direct injection engine intake valves.",Direct injection design leads to carbon accumulation on intake valves.,Walnut blasting or chemical cleaning of intake valves.,"[""Rough idle"", ""Loss of power"", ""Poor fuel economy"", ""Misfires"", ""Reduced power""]",Consider a borescope inspection of intake valves if high mileage and symptoms present.,4,3,"[{""video_id"": ""V3O6BHi2-pg"", ""title"": ""..."", ""channel"": ""..."", ""video_type_category"": ""..."", ""trim"": ""base""}, {""video_id"": ""EonkR-ss2bs"", ""title"": ""Why We Went With A MK6 Volkswagen GTI"", ""channel"": ""The Parking Lot Mechanic"", ""video_type_category"": ""organic"", ""trim"": ""GTI""}, {""video_id"": ""ADUK5PFB4k4"", ""title"": ""..."", ""channel"": ""..."", ""video_type_category"": ""..."", ""trim"": ""base""}, {""video_id"": ""SWyKL-IK9Ww"", ""title"": ""VW Golf MK6 Issues of the Petrol Engines 2008-2013"", ""channel"": ""different car review"", ""video_type_category"": ""organic"", ""trim"": ""base""}]",youtube,medium,Common issue on many direct injection petrol engines.,4,"[""all_vw_golf_mk6""]","{""GTI"": 1, ""base"": 3}",2,base,1,False,"{""from_llm_year_phrase"": null, ""from_llm_year_parsed"": [], ""from_transcript_context"": [], ""from_source_video_titles"": [""2008-2013""], ""from_engine_production_windows"": [""2008-2013""], ""from_model_scope_window"": [""2008-2013""], ""window_source"": ""engine"", ""content_combine_rule"": ""title_only"", ""confidence"": ""medium"", ""triangulated"": ""2008-2013""}",2008-2013,"[""carbon_buildup_intake_valves"", ""intake_valve_carbon_buildup""]",,
dpf_clogging,Diesel particulate filter problems requiring replacement,DPF failure,exhaust,chronic_failure,high,high,"[""1.6_TDI"", ""2.0_TDI""]",,120k-200k km,"Vehicle lacks power, warning light for DPF, exhaust smell in engine bay, and rattling exhaust due to excessive back pressure. Can clog if long journeys are not regularly undertaken.",Insufficient regeneration cycles from short journeys.,DPF replacement or forced regeneration,"[""DPF warning light"", ""loss of power"", ""exhaust smell in cabin"", ""Warning light"", ""Reduced power"", ""Increased fuel consumption""]",Check service history for DPF regenerations or replacements. Look for DPF warning lights or fault codes.,3,2,"[{""video_id"": ""vGDO9iC6Mfk"", ""title"": ""..."", ""channel"": ""..."", ""video_type_category"": ""list_format"", ""trim"": ""base""}, {""video_id"": ""75buEMYS0wc"", ""title"": ""..."", ""channel"": ""..."", ""video_type_category"": ""organic"", ""trim"": ""base""}, {""video_id"": ""pSXXj2fgMwc"", ""title"": ""5 Things I LOVE About My VW Golf TDI (Mk6)"", ""channel"": ""AJ LoDato"", ""video_type_category"": ""organic"", ""trim"": ""TDI""}]",youtube,high,"Common issue on diesel vehicles, especially with urban driving.",3,"[""diesel_only""]","{""TDI"": 1, ""base"": 2}",2,base,1,False,"{""from_llm_year_phrase"": null, ""from_llm_year_parsed"": [], ""from_transcript_context"": [], ""from_source_video_titles"": [], ""from_engine_production_windows"": [""2008-2013""], ""from_model_scope_window"": [""2008-2013""], ""window_source"": ""engine"", ""content_combine_rule"": ""no_content"", ""confidence"": ""low"", ""fallback_window"": ""2008-2013"", ""fallback_window_source"": ""engine""}",,"[""dpf_clogging"", ""dpf_failure""]",,
dual_mass_flywheel_failure,Dual mass flywheel failure on TDI,DMF failure,gearbox,wear_item,high,high,"[""1.6_TDI"", ""2.0_TDI"", ""2.0_TSI_R""]",,,"Excessive vibration, rattling noises from the clutch area, especially at idle.","Wear and tear, especially with high torque or stop-start driving.",Replacement of the dual mass flywheel and often the clutch.,"[""clunking noise at idle"", ""vibration through clutch pedal"", ""rattling when engine is off"", ""Vibration"", ""Rattling at idle""]","Listen for rattling or clunking at idle, especially with clutch depressed.",3,2,"[{""video_id"": ""vGDO9iC6Mfk"", ""title"": ""..."", ""channel"": ""..."", ""video_type_category"": ""list_format"", ""trim"": ""base""}, {""video_id"": ""CzWxijTPkHY"", ""title"": ""..."", ""channel"": ""..."", ""video_type_category"": ""..."", ""trim"": ""base""}, {""video_id"": ""Vz1j3JU8E6M"", ""title"": ""None"", ""channel"": ""None"", ""video_type_category"": ""None"", ""trim"": ""base""}]",youtube,medium,Common on diesel engines due to higher torque.,3,"[""diesel_only""]","{""base"": 3}",1,base,0,False,"{""from_llm_year_phrase"": null, ""from_llm_year_parsed"": [], ""from_transcript_context"": [], ""from_source_video_titles"": [""2008-2009"", ""2013""], ""from_engine_production_windows"": [""2008-2013""], ""from_model_scope_window"": [""2008-2013""], ""window_source"": ""engine"", ""content_combine_rule"": ""title_only"", ""confidence"": ""medium"", ""triangulated"": ""2008-2013""}",2008-2013,"[""dual_mass_flywheel_failure"", ""dual_mass_flywheel_failure_tdi""]",,
fuel_injector_failure,Fuel injector failure,Injector failure,fuel,chronic_failure,high,high,"[""1.2_TSI"", ""1.4_TSI"", ""1.6_TDI"", ""1.8_TSI"", ""2.0_TDI"", ""2.0_TSI"", ""2.0_TSI_R""]",,200000 km,"Faulty injectors can occur, requiring testing or replacement, especially around 200,000 km.",Design or manufacturing fault leading to premature wear.,Test and replace faulty injectors,"[""Misfires"", ""Poor running"", ""Increased fuel consumption"", ""Rough idle"", ""Misfire"", ""Poor fuel economy"", ""Rough running""]",Check for fault codes related to injectors; inquire about replacement history.,3,3,"[{""video_id"": ""waG3i3Hon5Q"", ""title"": ""..."", ""channel"": ""..."", ""video_type_category"": ""..."", ""trim"": ""base""}, {""video_id"": ""4isZJFleo9g"", ""title"": ""None"", ""channel"": ""None"", ""video_type_category"": ""organic"", ""trim"": ""base""}, {""video_id"": ""SWyKL-IK9Ww"", ""title"": ""VW Golf MK6 Issues of the Petrol Engines 2008-2013"", ""channel"": ""different car review"", ""video_type_category"": ""organic"", ""trim"": ""base""}]",youtube,medium,Higher mileage concern.,3,"[""all_vw_golf_mk6""]","{""base"": 3}",1,base,0,False,"{""from_llm_year_phrase"": null, ""from_llm_year_parsed"": [], ""from_transcript_context"": [], ""from_source_video_titles"": [""2008-2013""], ""from_engine_production_windows"": [""2008-2013""], ""from_model_scope_window"": [""2008-2013""], ""window_source"": ""engine"", ""content_combine_rule"": ""title_only"", ""confidence"": ""medium"", ""triangulated"": ""2008-2013""}",2008-2013,,,
pcv_system_failure,PCV valve or crankcase ventilation system failure,PCV failure,engine,chronic_failure,medium,high,"[""1.4_TSI"", ""1.8_TSI"", ""2.0_TSI"", ""2.0_TSI_R""]",,128000 km,"Engine may exhibit oil consumption, rough idle, or check engine light. System is a weaker part, especially when tuning the engine.",Weak crankcase ventilation design,Replace PCV valve and rear main seal if needed,"[""Oil consumption"", ""Rough idle"", ""Check engine light"", ""Oil leaks"", ""Excessive crankcase pressure""]",Check PCV valve function and for oil leaks at rear of engine.,3,3,"[{""video_id"": ""CzWxijTPkHY"", ""title"": ""..."", ""channel"": ""..."", ""video_type_category"": ""..."", ""trim"": ""base""}, {""video_id"": ""ADUK5PFB4k4"", ""title"": ""None"", ""channel"": ""None"", ""video_type_category"": ""None"", ""trim"": ""base""}, {""video_id"": ""SWyKL-IK9Ww"", ""title"": ""VW Golf MK6 Issues of the Petrol Engines 2008-2013"", ""channel"": ""different car review"", ""video_type_category"": ""organic"", ""trim"": ""base""}]",youtube,medium,Merged 'crankcase_ventilation_weakness' and 'pcv_failure' as they describe the same system.,3,"[""all_vw_golf_mk6""]","{""base"": 3}",1,base,0,False,"{""from_llm_year_phrase"": null, ""from_llm_year_parsed"": [], ""from_transcript_context"": [], ""from_source_video_titles"": [""2008-2013""], ""from_engine_production_windows"": [""2008-2013""], ""from_model_scope_window"": [""2008-2013""], ""window_source"": ""engine"", ""content_combine_rule"": ""title_only"", ""confidence"": ""medium"", ""triangulated"": ""2008-2013""}",2008-2013,"[""pcv_failure"", ""pcv_system_failure"", ""pcv_valve_failure_blows_seal""]",,
body_rust_and_trim_issues,"Body rust, brittle clips, and interior rattles",Body Issues,body,structural,medium,high,[],,,"Multiple body and interior issues including rust, brittle plastics, and sagging headliner.",,Regular cleaning of drainage holes,"[""Rust around tailgate"", ""Brittle bumper clips"", ""Sagging headliner"", ""Rattling interior"", ""Water accumulation in door""]","Check for rust around tailgate badge/lights, inspect bumper clips, listen for interior rattles, examine headliner, and check door drainage holes for blockages.",2,2,"[{""video_id"": ""CzWxijTPkHY"", ""title"": ""..."", ""channel"": ""..."", ""video_type_category"": ""..."", ""trim"": ""base""}, {""video_id"": ""55rbRo6ZUHs"", ""title"": ""None"", ""channel"": ""None"", ""video_type_category"": ""None"", ""trim"": ""base""}]",youtube,medium,"Consolidated multiple body-related issues (bumper clips, door drains, wheel arch foam, tailgate rust, headlining sag, interior plastic brittleness) from source videos.",2,"[""all_vw_golf_mk6""]","{""base"": 2}",1,base,0,False,"{""from_llm_year_phrase"": null, ""from_llm_year_parsed"": [], ""from_transcript_context"": [], ""from_source_video_titles"": [""2009"", ""2013""], ""from_engine_production_windows"": [""2009-2013""], ""from_model_scope_window"": [""2009-2013""], ""window_source"": ""engine"", ""content_combine_rule"": ""title_only"", ""confidence"": ""medium"", ""triangulated"": ""2009-2013""}",2009-2013,,"[""2.0_TSI_R""]","[""system_component=body is not engine-scoped; cleared affected_engines (original preserved in affected_engines_original).""]"
cp4_high_pressure_fuel_pump_failure,High pressure fuel pump (CP4) failure,CP4 pump failure,fuel,chronic_failure,high,high,"[""1.6_TDI"", ""2.0_TDI""]",2008-2013,,"Pump failure can contaminate the fuel system with metal particles, potentially requiring a new engine or very expensive repair.",Pump mechanical failure,Replace high-pressure fuel pump and clean/repair fuel system,[],Check service history for pump replacement; consider preventive replacement on high-mileage examples.,2,1,"[{""video_id"": ""c4X_Kigzg4M"", ""title"": ""None"", ""channel"": ""None"", ""video_type_category"": ""list_format"", ""trim"": ""base""}, {""video_id"": ""4isZJFleo9g"", ""title"": ""None"", ""channel"": ""None"", ""video_type_category"": ""organic"", ""trim"": ""base""}]",youtube,medium,Referenced as 'high pressure fuel pump failure' and 'CP4 fuel pump failure'.,2,"[""all_vw_golf_mk6""]","{""base"": 2}",1,base,0,False,"{""from_llm_year_phrase"": ""2008-2013"", ""from_llm_year_parsed"": [""2008-2013""], ""from_transcript_context"": [], ""from_source_video_titles"": [""2008-2013""], ""from_engine_production_windows"": [""2008-2013""], ""from_model_scope_window"": [""2008-2013""], ""window_source"": ""engine"", ""content_combine_rule"": ""intersect(llm_phrase, title)"", ""confidence"": ""high"", ""triangulated"": ""2008-2013""}",2008-2013,,,
egr_valve_failure,EGR valve problems,EGR valve,exhaust,chronic_failure,medium,high,"[""1.6_TDI"", ""2.0_TDI""]",2008-2013,,There can be problems with the exhaust gas recirculation valve.,Carbon buildup from exhaust gases.,Cleaning or replacement of the EGR valve.,"[""loss of power"", ""rough idle"", ""check engine light""]",Check for fault codes related to EGR flow.,2,2,"[{""video_id"": ""4isZJFleo9g"", ""title"": ""None"", ""channel"": ""None"", ""video_type_category"": ""organic"", ""trim"": ""base""}, {""video_id"": ""vGDO9iC6Mfk"", ""title"": ""..."", ""channel"": ""..."", ""video_type_category"": ""list_format"", ""trim"": ""base""}]",youtube,medium,Often related to DPF clogging in diesel engines.,2,"[""all_vw_golf_mk6""]","{""base"": 2}",1,base,0,False,"{""from_llm_year_phrase"": ""2008-2013"", ""from_llm_year_parsed"": [""2008-2013""], ""from_transcript_context"": [], ""from_source_video_titles"": [""2008-2013""], ""from_engine_production_windows"": [""2008-2013""], ""from_model_scope_window"": [""2008-2013""], ""window_source"": ""engine"", ""content_combine_rule"": ""intersect(llm_phrase, title)"", ""confidence"": ""high"", ""triangulated"": ""2008-2013""}",2008-2013,"[""egr_valve_failure"", ""egr_valve_problems""]",,
timing_chain_premature_wear,Premature timing chain wear on early EA111 engines,Timing chain wear,engine,chronic_failure,high,high,"[""1.2_TSI"", ""1.4"", ""1.4_TSI"", ""2.0_TSI""]",cars made to 2011,20k-100k km,"Timing chain mechanism can wear before 100,000 km, sometimes requiring replacement as early as 20,000-30,000 km.",Premature wear of timing chain components.,"Replace timing chain, tensioner, and guides.","[""Timing chain rattle on startup"", ""Whining noise on cold start""]",Check service history for timing chain replacement; listen for startup rattle.,2,2,"[{""video_id"": ""SWyKL-IK9Ww"", ""title"": ""VW Golf MK6 Issues of the Petrol Engines 2008-2013"", ""channel"": ""different car review"", ""video_type_category"": ""organic"", ""trim"": ""base""}, {""video_id"": ""Vz1j3JU8E6M"", ""title"": ""None"", ""channel"": ""None"", ""video_type_category"": ""None"", ""trim"": ""base""}]",youtube,medium,Affects EA111 chain-driven petrol engines up to 2011.,2,"[""all_vw_golf_mk6""]","{""base"": 2}",1,base,0,False,"{""from_llm_year_phrase"": ""cars made to 2011"", ""from_llm_year_parsed"": [""2008-2011""], ""from_transcript_context"": [], ""from_source_video_titles"": [""2008-2013""], ""from_engine_production_windows"": [""2008-2013""], ""from_model_scope_window"": [""2008-2013""], ""window_source"": ""engine"", ""content_combine_rule"": ""intersect(llm_phrase, title)"", ""confidence"": ""high"", ""triangulated"": ""2008-2011""}",2008-2011,"[""timing_chain_premature_wear"", ""timing_chain_wear_fsi""]",,
wheel_bearing_hub_failure,Wheel bearing and hub failure,Wheel hub,suspension,wear_item,medium,high,[],,,"Wheel bearings are a known issue, causing noise. The wheel hubs tend to be bad on these cars.",Premature wear or contamination.,Replace faulty wheel bearing or hub assembly.,"[""Humming or grinding noise from wheels"", ""Noise changes with speed"", ""Growling or humming noise from wheels"", ""Play in the wheel""]",Listen for bearing noise during test drive; check for play.,2,2,"[{""video_id"": ""waG3i3Hon5Q"", ""title"": ""..."", ""channel"": ""..."", ""video_type_category"": ""..."", ""trim"": ""base""}, {""video_id"": ""c4X_Kigzg4M"", ""title"": ""None"", ""channel"": ""None"", ""video_type_category"": ""list_format"", ""trim"": ""base""}]",youtube,medium,Merged wheel bearing and wheel hub issues as related suspension wear items.,2,"[""all_vw_golf_mk6""]","{""base"": 2}",1,base,0,False,"{""from_llm_year_phrase"": null, ""from_llm_year_parsed"": [], ""from_transcript_context"": [], ""from_source_video_titles"": [], ""from_engine_production_windows"": [""2008-2013""], ""from_model_scope_window"": [""2008-2013""], ""window_source"": ""engine"", ""content_combine_rule"": ""no_content"", ""confidence"": ""low"", ""fallback_window"": ""2008-2013"", ""fallback_window_source"": ""engine""}",,"[""wheel_bearing_failure"", ""wheel_bearing_hub_failure"", ""wheel_hub_failure""]","[""1.6_TDI"", ""2.0_TDI""]","[""system_component=suspension is not engine-scoped; cleared affected_engines (original preserved in affected_engines_original).""]"
abs_esp_sensor_failure,ABS or ESP wheel speed sensor failure,ABS Sensor,electrical,sensor_fault,medium,high,[],,,ABS or ESP warning lights may illuminate.,Sensor failure or damaged wiring.,Replace faulty wheel speed sensor.,"[""ABS/ESP warning light"", ""Traction control errors""]",Scan for fault codes related to wheel speed sensors.,1,1,"[{""video_id"": ""Vz1j3JU8E6M"", ""title"": ""None"", ""channel"": ""None"", ""video_type_category"": ""None"", ""trim"": ""base""}]",youtube,medium,,1,"[""all_vw_golf_mk6""]","{""base"": 1}",1,base,0,False,"{""from_llm_year_phrase"": null, ""from_llm_year_parsed"": [], ""from_transcript_context"": [], ""from_source_video_titles"": [""2008""], ""from_engine_production_windows"": [], ""from_model_scope_window"": [""2008-2013""], ""window_source"": ""model_window"", ""content_combine_rule"": ""title_only"", ""confidence"": ""medium"", ""triangulated"": ""2008""}",2008,,"[""all""]","[""system_component=electrical is not engine-scoped; cleared affected_engines (original preserved in affected_engines_original).""]"
ac_system_failure,Air conditioning system problems,AC Failure,cooling,intermittent_fault,low,high,"[""all""]",,,Air conditioning may not cool effectively or may fail.,"Refrigerant leak, compressor failure, or condenser damage.","Diagnose leak, recharge system, or replace faulty components.","[""Reduced cooling"", ""Unusual noises from compressor""]",Test AC cooling performance before purchase.,1,1,"[{""video_id"": ""Vz1j3JU8E6M"", ""title"": ""None"", ""channel"": ""None"", ""video_type_category"": ""None"", ""trim"": ""base""}]",youtube,medium,,1,"[""all_vw_golf_mk6""]","{""base"": 1}",1,base,0,False,"{""from_llm_year_phrase"": null, ""from_llm_year_parsed"": [], ""from_transcript_context"": [], ""from_source_video_titles"": [""2008""], ""from_engine_production_windows"": [], ""from_model_scope_window"": [""2008-2013""], ""window_source"": ""model_window"", ""content_combine_rule"": ""title_only"", ""confidence"": ""medium"", ""triangulated"": ""2008""}",2008,,,
air_conditioning_failure,Air conditioning system failure,AC failure,other,chronic_failure,medium,high,[],,,Air conditioning does not work and likely needs a re-gas.,,,[],,1,1,"[{""video_id"": ""gjEg96qtZcM"", ""title"": ""None"", ""channel"": ""None"", ""video_type_category"": ""None"", ""trim"": ""base""}]",youtube,medium,,1,"[""all_vw_golf_mk6""]","{""base"": 1}",1,base,0,False,"{""from_llm_year_phrase"": null, ""from_llm_year_parsed"": [], ""from_transcript_context"": [], ""from_source_video_titles"": [], ""from_engine_production_windows"": [""2008-2012""], ""from_model_scope_window"": [""2008-2012""], ""window_source"": ""engine"", ""content_combine_rule"": ""no_content"", ""confidence"": ""low"", ""fallback_window"": ""2008-2012"", ""fallback_window_source"": ""engine""}",,,"[""1.6""]","[""system_component=other is not engine-scoped; cleared affected_engines (original preserved in affected_engines_original).""]"
body_rust_and_water_ingress,"Body rust, water leaks, and interior trim issues",Body & Water Leaks,body,structural,medium,high,[],,,"Multiple body and interior issues including rust, brittle plastics, sagging headliner, and water leaks into cabin through various seals.",Failed or degraded seals.,Inspect and replace affected seals; clear drainage channels.,"[""Rust around tailgate"", ""Brittle bumper clips"", ""Sagging headliner"", ""Rattling interior"", ""Damp carpets, musty smell, water stains""]","Check for rust around tailgate badge/lights, inspect bumper clips, listen for interior rattles, examine headliner. Check interior carpets and footwells for dampness or water stains, especially after rain.",1,2,"[{""video_id"": ""55rbRo6ZUHs"", ""title"": ""None"", ""channel"": ""None"", ""video_type_category"": ""None"", ""trim"": ""base""}, {""video_id"": ""55rbRo6ZUHs"", ""title"": ""USED Volkswagen Mk6 Golf R - Common problems and should you buy one?"", ""channel"": ""ReDriven"", ""video_type_category"": ""organic"", ""trim"": ""R""}]",youtube,medium,"Consolidated multiple body-related issues (bumper clips, door drains, wheel arch foam, tailgate rust, headlining sag, interior plastic brittleness) from a single source video. Common in Golf MK6, particularly on R models.",1,"[""all_vw_golf_mk6""]","{""R"": 1, ""base"": 1}",2,mixed,1,False,"{""from_llm_year_phrase"": null, ""from_llm_year_parsed"": [], ""from_transcript_context"": [], ""from_source_video_titles"": [], ""from_engine_production_windows"": [""2009-2013""], ""from_model_scope_window"": [""2009-2013""], ""window_source"": ""engine"", ""content_combine_rule"": ""no_content"", ""confidence"": ""low"", ""fallback_window"": ""2009-2013"", ""fallback_window_source"": ""engine""}",,,"[""2.0_TSI_R""]","[""system_component=body is not engine-scoped; cleared affected_engines (original preserved in affected_engines_original).""]"
brake_light_switch_failure,Brake light switch failure,Brake Switch,electrical,sensor_fault,medium,high,[],,,"Brake lights may not function, potentially causing other electrical issues.",Switch mechanism wear or failure.,Replace brake light switch.,"[""Brake lights inoperative"", ""Cruise control issues""]",Verify brake light operation.,1,1,"[{""video_id"": ""Vz1j3JU8E6M"", ""title"": ""None"", ""channel"": ""None"", ""video_type_category"": ""None"", ""trim"": ""base""}]",youtube,medium,,1,"[""all_vw_golf_mk6""]","{""base"": 1}",1,base,0,False,"{""from_llm_year_phrase"": null, ""from_llm_year_parsed"": [], ""from_transcript_context"": [], ""from_source_video_titles"": [""2008""], ""from_engine_production_windows"": [], ""from_model_scope_window"": [""2008-2013""], ""window_source"": ""model_window"", ""content_combine_rule"": ""title_only"", ""confidence"": ""medium"", ""triangulated"": ""2008""}",2008,,"[""all""]","[""system_component=electrical is not engine-scoped; cleared affected_engines (original preserved in affected_engines_original).""]"
camshaft_bridge_screen_fallout,Camshaft bridge screen fallout causing oil starvation,Camshaft screen fallout,engine,chronic_failure,high,medium,"[""2.0_TSI""]",cars made to 2009 are more prone,,"A small screen in the camshaft bridge can fall out, leading to oil starvation and damage in the cylinder head.",Screen becoming dislodged from its housing.,Inspect and secure or replace the camshaft bridge/screen.,"[""Low oil pressure warning, engine noise from top end""]",Check oil pressure; inspect camshaft bridge if accessible during service.,1,1,"[{""video_id"": ""SWyKL-IK9Ww"", ""title"": ""VW Golf MK6 Issues of the Petrol Engines 2008-2013"", ""channel"": ""different car review"", ""video_type_category"": ""organic"", ""trim"": ""base""}]",youtube,medium,Primarily an early production issue on EA888 engines.,1,"[""all_vw_golf_mk6""]","{""base"": 1}",1,base,0,False,"{""from_llm_year_phrase"": ""cars made to 2009 are more prone"", ""from_llm_year_parsed"": [""2009""], ""from_transcript_context"": [], ""from_source_video_titles"": [""2008-2013""], ""from_engine_production_windows"": [""2009-2013""], ""from_model_scope_window"": [""2009-2013""], ""window_source"": ""engine"", ""content_combine_rule"": ""intersect(llm_phrase, title)"", ""confidence"": ""high"", ""triangulated"": ""2009""}",2009,,,
camshaft_cradle_sealant_leak,Camshaft cradle sealant oil leak,Camshaft leak,engine,fluid_leak,low,high,"[""1.2_TSI"", ""1.4_TSI"", ""1.8_TSI"", ""2.0_TSI"", ""2.0_TSI_R""]",,,"The sealant for the metallic camshaft cradle (cylinder head cover) can degrade with age, causing oil leaks.",Sealant degradation with age,Reseal or replace camshaft cradle,"[""Oil spots under engine"", ""Burning oil smell""]",Check for oil leaks around the cylinder head cover.,1,1,"[{""video_id"": ""SWyKL-IK9Ww"", ""title"": ""VW Golf MK6 Issues of the Petrol Engines 2008-2013"", ""channel"": ""different car review"", ""video_type_category"": ""organic"", ""trim"": ""base""}]",youtube,medium,"Age-related failure, not mileage-specific.",1,"[""all_vw_golf_mk6""]","{""base"": 1}",1,base,0,False,"{""from_llm_year_phrase"": null, ""from_llm_year_parsed"": [], ""from_transcript_context"": [], ""from_source_video_titles"": [""2008-2013""], ""from_engine_production_windows"": [""2008-2013""], ""from_model_scope_window"": [""2008-2013""], ""window_source"": ""engine"", ""content_combine_rule"": ""title_only"", ""confidence"": ""medium"", ""triangulated"": ""2008-2013""}",2008-2013,,,
carbon_buildup_fsi,Carbon buildup on FSI intake valves,Carbon Buildup,engine,chronic_failure,medium,high,"[""1.4"", ""1.6"", ""2.0_TSI""]",,,"Rough idle, loss of power, and misfires due to intake valve deposits.",Direct injection fuel system design leading to deposit accumulation.,Intake valve cleaning (walnut blasting or chemical).,"[""Rough idle"", ""Reduced power"", ""Misfire codes""]",Check for misfire history or consider a compression/leak-down test if symptoms are present.,1,1,"[{""video_id"": ""Vz1j3JU8E6M"", ""title"": ""None"", ""channel"": ""None"", ""video_type_category"": ""None"", ""trim"": ""base""}]",youtube,medium,Common in direct injection petrol engines without port fuel injection.,1,"[""all_vw_golf_mk6""]","{""base"": 1}",1,base,0,False,"{""from_llm_year_phrase"": null, ""from_llm_year_parsed"": [], ""from_transcript_context"": [], ""from_source_video_titles"": [""2008""], ""from_engine_production_windows"": [""2008-2013""], ""from_model_scope_window"": [""2008-2013""], ""window_source"": ""engine"", ""content_combine_rule"": ""title_only"", ""confidence"": ""medium"", ""triangulated"": ""2008""}",2008,,,
center_locking_system_failure,Center locking system problems,Central locking,electrical,intermittent_fault,low,medium,[],,,Issues with the central locking system.,,Diagnose and repair locking mechanism or control unit,"[""Locks not responding"", ""Intermittent operation""]",Test all locks with key fob and interior switches.,1,1,"[{""video_id"": ""Vz1j3JU8E6M"", ""title"": ""Buying a used VW Golf Mk 5 - 2003-2008, Common Issues, Buying advice / guide"", ""channel"": ""different car review"", ""video_type_category"": ""organic"", ""trim"": ""base""}]",youtube,low,"General electrical issue, not engine-specific.",1,"[""all_vw_golf_mk6""]","{""base"": 1}",1,base,0,False,"{""from_llm_year_phrase"": null, ""from_llm_year_parsed"": [], ""from_transcript_context"": [], ""from_source_video_titles"": [""2008""], ""from_engine_production_windows"": [], ""from_model_scope_window"": [""2008-2013""], ""window_source"": ""model_window"", ""content_combine_rule"": ""title_only"", ""confidence"": ""medium"", ""triangulated"": ""2008""}",2008,,,
charge_cooler_oil_leak,Charge cooler hose oil leak,Boost leak,engine,fluid_leak,medium,high,"[""2.0_TDI""]",,,"Oil leak observed from the charge cooler hose connection, potentially causing a boost leak.",Failed seal or loose connection at charge cooler hose.,Replace seal or tighten/replace hose connection.,"[""oil residue around charge cooler"", ""loss of boost pressure"", ""reduced performance""]",Inspect charge cooler and intercooler hoses for oil leaks and secure connections.,1,1,"[{""video_id"": ""75buEMYS0wc"", ""title"": ""..."", ""channel"": ""..."", ""video_type_category"": ""organic"", ""trim"": ""base""}]",youtube,high,Common on turbocharged diesel engines.,1,"[""all_vw_golf_mk6""]","{""base"": 1}",1,base,0,False,"{""from_llm_year_phrase"": null, ""from_llm_year_parsed"": [], ""from_transcript_context"": [], ""from_source_video_titles"": [], ""from_engine_production_windows"": [""2008-2013""], ""from_model_scope_window"": [""2008-2013""], ""window_source"": ""engine"", ""content_combine_rule"": ""no_content"", ""confidence"": ""low"", ""fallback_window"": ""2008-2013"", ""fallback_window_source"": ""engine""}",,,,
compressor_failure_1_4_tsi_twincharger,Supercharger compressor failure,Supercharger failure,engine,chronic_failure,high,high,"[""1.4_TSI""]",,,Loss of boost and power from the supercharger component of the twincharger system.,,,"[""Loss of boost""]",,1,1,"[{""video_id"": ""Vz1j3JU8E6M"", ""title"": ""None"", ""channel"": ""None"", ""video_type_category"": ""None"", ""trim"": ""base""}]",youtube,medium,Specific to twincharger 1.4 TSI engines.,1,"[""all_vw_golf_mk6""]","{""base"": 1}",1,base,0,False,"{""from_llm_year_phrase"": null, ""from_llm_year_parsed"": [], ""from_transcript_context"": [], ""from_source_video_titles"": [""2008""], ""from_engine_production_windows"": [""2008-2013""], ""from_model_scope_window"": [""2008-2013""], ""window_source"": ""engine"", ""content_combine_rule"": ""title_only"", ""confidence"": ""medium"", ""triangulated"": ""2008""}",2008,,,
compressor_magnetic_clutch_failure,Supercharger magnetic clutch failure on 1.4 TSI,Supercharger clutch,engine,chronic_failure,medium,medium,"[""1.4_TSI""]",,before 100k km,"Magnetic clutch of the supercharger (compressor) can fail, causing it to disengage and resulting in weak engine performance.",Failure of the magnetic clutch mechanism.,Replace the supercharger magnetic clutch or related components.,"[""Loss of low-end power, whining noise from supercharger area""]",Test supercharger engagement; listen for unusual noises or check for related fault codes.,1,1,"[{""video_id"": ""SWyKL-IK9Ww"", ""title"": ""VW Golf MK6 Issues of the Petrol Engines 2008-2013"", ""channel"": ""different car review"", ""video_type_category"": ""organic"", ""trim"": ""base""}]",youtube,medium,Affects 1.4 TSI twincharger (supercharged and turbocharged) engines.,1,"[""all_vw_golf_mk6""]","{""base"": 1}",1,base,0,False,"{""from_llm_year_phrase"": null, ""from_llm_year_parsed"": [], ""from_transcript_context"": [], ""from_source_video_titles"": [""2008-2013""], ""from_engine_production_windows"": [""2008-2013""], ""from_model_scope_window"": [""2008-2013""], ""window_source"": ""engine"", ""content_combine_rule"": ""title_only"", ""confidence"": ""medium"", ""triangulated"": ""2008-2013""}",2008-2013,,,
coolant_level_sensor_fault,Coolant level sensor fault,Coolant sensor fault,cooling,sensor_fault,low,high,"[""1.6""]",,,"Check coolant warning light is flashing, suspected dodgy sensor.",,,[],,1,1,"[{""video_id"": ""gjEg96qtZcM"", ""title"": ""None"", ""channel"": ""None"", ""video_type_category"": ""None"", ""trim"": ""base""}]",youtube,medium,,1,"[""all_vw_golf_mk6""]","{""base"": 1}",1,base,0,False,"{""from_llm_year_phrase"": null, ""from_llm_year_parsed"": [], ""from_transcript_context"": [], ""from_source_video_titles"": [], ""from_engine_production_windows"": [""2008-2012""], ""from_model_scope_window"": [""2008-2012""], ""window_source"": ""engine"", ""content_combine_rule"": ""no_content"", ""confidence"": ""low"", ""fallback_window"": ""2008-2012"", ""fallback_window_source"": ""engine""}",,,,
cracked_cylinder_head_2_0_tdi,Cracked cylinder head on 2.0 TDI,Cracked head,engine,structural,high,high,"[""2.0_TDI""]",,,"Coolant loss, overheating, and coolant/oil mixing.",,,"[""Coolant loss"", ""Overheating"", ""Oil/coolant mixing""]",Check coolant level and for oil contamination.,1,1,"[{""video_id"": ""Vz1j3JU8E6M"", ""title"": ""None"", ""channel"": ""None"", ""video_type_category"": ""None"", ""trim"": ""base""}]",youtube,medium,,1,"[""diesel_only""]","{""base"": 1}",1,base,0,False,"{""from_llm_year_phrase"": null, ""from_llm_year_parsed"": [], ""from_transcript_context"": [], ""from_source_video_titles"": [""2008""], ""from_engine_production_windows"": [""2008-2013""], ""from_model_scope_window"": [""2008-2013""], ""window_source"": ""engine"", ""content_combine_rule"": ""title_only"", ""confidence"": ""medium"", ""triangulated"": ""2008""}",2008,,,
diesel_emissions_recall,Volkswagen diesel emissions recall,Emissions recall,exhaust,other,low,high,"[""1.6_TDI"", ""2.0_TDI""]",between 2008 and 2012,,Vehicle was part of a manufacturer recall for emissions compliance.,Manufacturer recall,Software update and possible hardware modification performed by dealer,[],Verify recall work was completed through VW dealer records.,1,1,"[{""video_id"": ""vGDO9iC6Mfk"", ""title"": ""None"", ""channel"": ""None"", ""video_type_category"": ""organic"", ""trim"": ""base""}]",youtube,high,"Not a mechanical failure, but a mandatory service action.",1,"[""diesel_only""]","{""base"": 1}",1,base,0,False,"{""from_llm_year_phrase"": ""between 2008 and 2012"", ""from_llm_year_parsed"": [""2008"", ""2012""], ""from_transcript_context"": [], ""from_source_video_titles"": [], ""from_engine_production_windows"": [""2008-2013""], ""from_model_scope_window"": [""2008-2013""], ""window_source"": ""engine"", ""content_combine_rule"": ""llm_phrase_only"", ""confidence"": ""medium"", ""triangulated"": ""2008-2012""}",2008-2012,,,
diesel_particulate_filter_sensor_fault,DPF pressure sensor fault,DPF sensor fault,engine,sensor_fault,medium,high,"[""1.6""]",,,OBD scan shows a particulate filter pressure sensor A fault.,,,[],,1,1,"[{""video_id"": ""gjEg96qtZcM"", ""title"": ""None"", ""channel"": ""None"", ""video_type_category"": ""None"", ""trim"": ""base""}]",youtube,medium,,1,"[""diesel_only""]","{""base"": 1}",1,base,0,False,"{""from_llm_year_phrase"": null, ""from_llm_year_parsed"": [], ""from_transcript_context"": [], ""from_source_video_titles"": [], ""from_engine_production_windows"": [""2008-2012""], ""from_model_scope_window"": [""2008-2012""], ""window_source"": ""engine"", ""content_combine_rule"": ""no_content"", ""confidence"": ""low"", ""fallback_window"": ""2008-2012"", ""fallback_window_source"": ""engine""}",,,,
door_drainage_clogging,Door drainage clogging,Drain clog,body,wear_item,low,medium,[],,,"Drainage holes can become blocked by leaves and dirt, preventing water drainage.",Blockage of drainage holes,Regular cleaning of drainage holes,"[""Water accumulation in door""]",Check door drainage holes for blockages.,1,1,"[{""video_id"": ""CzWxijTPkHY"", ""title"": ""..."", ""channel"": ""..."", ""video_type_category"": ""..."", ""trim"": ""base""}]",youtube,medium,,1,"[""all_vw_golf_mk6""]","{""base"": 1}",1,base,0,False,"{""from_llm_year_phrase"": null, ""from_llm_year_parsed"": [], ""from_transcript_context"": [], ""from_source_video_titles"": [""2009"", ""2013""], ""from_engine_production_windows"": [""2009-2013""], ""from_model_scope_window"": [""2009-2013""], ""window_source"": ""engine"", ""content_combine_rule"": ""title_only"", ""confidence"": ""medium"", ""triangulated"": ""2009-2013""}",2009-2013,,"[""2.0_TSI_R""]","[""system_component=body is not engine-scoped; cleared affected_engines (original preserved in affected_engines_original).""]"
dpf_system_failure,DPF system failure,DPF failure,exhaust,chronic_failure,high,high,"[""1.6_TDI"", ""2.0_TDI""]",,,"Diesel Particulate Filter system fails, leading to warning lights and reduced performance.",Clogging from short journeys preventing regeneration.,"Forced regeneration, cleaning, or replacement.","[""DPF warning light"", ""Loss of power"", ""Increased fuel consumption""]",Check for DPF warning lights and ask about driving patterns.,1,1,"[{""video_id"": ""c4X_Kigzg4M"", ""title"": ""..."", ""channel"": ""..."", ""video_type_category"": ""..."", ""trim"": ""base""}]",youtube,medium,,1,"[""diesel_only""]","{""base"": 1}",1,base,0,False,"{""from_llm_year_phrase"": null, ""from_llm_year_parsed"": [], ""from_transcript_context"": [], ""from_source_video_titles"": [], ""from_engine_production_windows"": [""2008-2013""], ""from_model_scope_window"": [""2008-2013""], ""window_source"": ""engine"", ""content_combine_rule"": ""no_content"", ""confidence"": ""low"", ""fallback_window"": ""2008-2013"", ""fallback_window_source"": ""engine""}",,,,
dsg_gearbox_failure,DSG dual-clutch gearbox failure,DSG failure,gearbox,chronic_failure,high,high,"[""1.2_TSI"", ""1.4_TSI"", ""1.6_TDI"", ""2.0_TDI"", ""2.0_TSI""]",,,The DSG dual-clutch automatic gearbox has been known to go wrong.,"Mechatronic unit failure, clutch wear, or software issues.","Mechatronic unit replacement, clutch pack replacement, or software update.","[""jerky shifts"", ""delayed engagement"", ""gearbox warning light""]","Test drive for smooth shifts, check for fault codes, and review service history for DSG fluid changes.",1,1,"[{""video_id"": ""vGDO9iC6Mfk"", ""title"": ""..."", ""channel"": ""..."", ""video_type_category"": ""list_format"", ""trim"": ""base""}]",youtube,medium,Affects both dry (DQ200) and wet (DQ250) clutch DSG units.,1,"[""auto_only""]","{""base"": 1}",1,base,0,False,"{""from_llm_year_phrase"": null, ""from_llm_year_parsed"": [], ""from_transcript_context"": [], ""from_source_video_titles"": [], ""from_engine_production_windows"": [""2008-2013""], ""from_model_scope_window"": [""2008-2013""], ""window_source"": ""engine"", ""content_combine_rule"": ""no_content"", ""confidence"": ""low"", ""fallback_window"": ""2008-2013"", ""fallback_window_source"": ""engine""}",,,,
dsg_gearbox_problems,DSG automatic gearbox problems,DSG problems,gearbox,chronic_failure,high,high,"[""all""]",,,"Erratic shifting, hesitation, jerking, or electronic/mechanical failure.",,,"[""Erratic shifting"", ""Hesitation"", ""Jerking""]",Test drive for smooth shifting and check service history for DSG fluid changes.,1,1,"[{""video_id"": ""Vz1j3JU8E6M"", ""title"": ""None"", ""channel"": ""None"", ""video_type_category"": ""None"", ""trim"": ""base""}]",youtube,medium,Applies to DQ200 and DQ250 DSG transmissions.,1,"[""auto_only""]","{""base"": 1}",1,base,0,False,"{""from_llm_year_phrase"": null, ""from_llm_year_parsed"": [], ""from_transcript_context"": [], ""from_source_video_titles"": [""2008""], ""from_engine_production_windows"": [], ""from_model_scope_window"": [""2008-2013""], ""window_source"": ""model_window"", ""content_combine_rule"": ""title_only"", ""confidence"": ""medium"", ""triangulated"": ""2008""}",2008,,,
early_turbo_failure,Early generation turbocharger failure,Turbo Failure,engine,chronic_failure,high,medium,"[""2.0_TSI"", ""2.0_TSI_R""]",early Mark 7,,"Turbocharger fails, leading to loss of power or engine warning lights.",,,"[""Loss of power"", ""Engine warning lights""]",,1,1,"[{""video_id"": ""ADUK5PFB4k4"", ""title"": ""None"", ""channel"": ""None"", ""video_type_category"": ""None"", ""trim"": ""base""}]",youtube,low,"Note: Raw issue specifies 'early Mark 7' years, which may not align with the provided MK6 corpus years.",1,"[""all_vw_golf_mk6""]","{""base"": 1}",1,base,0,False,"{""from_llm_year_phrase"": ""early Mark 7"", ""from_llm_year_parsed"": [], ""from_transcript_context"": [], ""from_source_video_titles"": [], ""from_engine_production_windows"": [""2009-2013""], ""from_model_scope_window"": [""2009-2013""], ""window_source"": ""engine"", ""content_combine_rule"": ""no_content"", ""confidence"": ""low"", ""fallback_window"": ""2009-2013"", ""fallback_window_source"": ""engine""}",,,,
electrical_body_issues_compilation,Various electrical and body fitment issues,Electrical/body issues,electrical,intermittent_fault,low,medium,[],,,"Multiple minor issues: auto light sensor not working, mirror cap clips break easily, rear badge difficult to remove, steering wheel button trim incompatibility, climate control panel uses non-standard fastener.","Design flaws, fragile clips, compatibility issues","Sensor replacement, careful part handling, part compatibility verification, proper tool use","[""Lights not auto-activating"", ""Broken mirror clips"", ""Fitment issues with upgrades""]","Test auto light function, inspect mirror caps for damage, check for aftermarket modifications.",1,1,"[{""video_id"": ""OnmGcPvVR3g"", ""title"": ""5 MUST HAVE mods for your MK6 Golf!!"", ""channel"": ""DSG Demons"", ""video_type_category"": ""organic"", ""trim"": ""base""}]",youtube,medium,Compilation of minor issues from a single source video; may not be widespread.,1,"[""all_vw_golf_mk6""]","{""base"": 1}",1,base,0,False,"{""from_llm_year_phrase"": null, ""from_llm_year_parsed"": [], ""from_transcript_context"": [], ""from_source_video_titles"": [], ""from_engine_production_windows"": [], ""from_model_scope_window"": [""2008-2013""], ""window_source"": ""model_window"", ""content_combine_rule"": ""no_content"", ""confidence"": ""low"", ""fallback_window"": ""2008-2013"", ""fallback_window_source"": ""model_window""}",,,,
engine_harness_damage,Damaged engine cable harness,Wiring Harness,electrical,intermittent_fault,high,medium,[],,,Various electrical faults due to damaged wiring in the engine bay.,"Heat, vibration, or rodent damage to wiring.",Inspect and repair or replace damaged harness sections.,"[""Intermittent electrical faults"", ""Unexpected warning lights""]",Visually inspect engine bay wiring for damage or chafing.,1,1,"[{""video_id"": ""Vz1j3JU8E6M"", ""title"": ""None"", ""channel"": ""None"", ""video_type_category"": ""None"", ""trim"": ""base""}]",youtube,medium,,1,"[""all_vw_golf_mk6""]","{""base"": 1}",1,base,0,False,"{""from_llm_year_phrase"": null, ""from_llm_year_parsed"": [], ""from_transcript_context"": [], ""from_source_video_titles"": [""2008""], ""from_engine_production_windows"": [], ""from_model_scope_window"": [""2008-2013""], ""window_source"": ""model_window"", ""content_combine_rule"": ""title_only"", ""confidence"": ""medium"", ""triangulated"": ""2008""}",2008,,"[""all""]","[""system_component=electrical is not engine-scoped; cleared affected_engines (original preserved in affected_engines_original).""]"
excessive_oil_consumption_piston_rings,Excessive oil consumption from piston rings,Oil consumption,engine,chronic_failure,high,high,"[""1.8_TSI""]",,,The engine has a very high chance of excessive oil consumption due to undersized pistons and piston rings.,Undersized pistons and piston rings,"Piston and ring replacement, engine rebuild","[""Low oil between changes"", ""Blue exhaust smoke""]",Check oil level history and for signs of oil burning.,1,1,"[{""video_id"": ""SWyKL-IK9Ww"", ""title"": ""VW Golf MK6 Issues of the Petrol Engines 2008-2013"", ""channel"": ""different car review"", ""video_type_category"": ""organic"", ""trim"": ""base""}]",youtube,medium,Specifically noted for the 1.8 TSI engine.,1,"[""all_vw_golf_mk6""]","{""base"": 1}",1,base,0,False,"{""from_llm_year_phrase"": null, ""from_llm_year_parsed"": [], ""from_transcript_context"": [], ""from_source_video_titles"": [""2008-2013""], ""from_engine_production_windows"": [""2009-2013""], ""from_model_scope_window"": [""2009-2013""], ""window_source"": ""engine"", ""content_combine_rule"": ""title_only"", ""confidence"": ""medium"", ""triangulated"": ""2009-2013""}",2009-2013,,,
exhaust_flap_failure,Exhaust flap failure,Exhaust flap,exhaust,sensor_fault,low,medium,"[""1.6_TDI"", ""2.0_TDI""]",,,The exhaust flaps are a known problem on these cars.,,Replace or repair exhaust flap mechanism,"[""Fault code for exhaust flap"", ""Reduced performance""]",Check for related fault codes.,1,1,"[{""video_id"": ""c4X_Kigzg4M"", ""title"": ""None"", ""channel"": ""None"", ""video_type_category"": ""list_format"", ""trim"": ""base""}]",youtube,low,Symptom description is generic.,1,"[""all_vw_golf_mk6""]","{""base"": 1}",1,base,0,False,"{""from_llm_year_phrase"": null, ""from_llm_year_parsed"": [], ""from_transcript_context"": [], ""from_source_video_titles"": [], ""from_engine_production_windows"": [""2008-2013""], ""from_model_scope_window"": [""2008-2013""], ""window_source"": ""engine"", ""content_combine_rule"": ""no_content"", ""confidence"": ""low"", ""fallback_window"": ""2008-2013"", ""fallback_window_source"": ""engine""}",,,,
exhaust_mount_failure,Exhaust system mounts broken,Exhaust mounts broken,exhaust,structural,medium,high,"[""2.0_TDI""]",,,"The entire exhaust system is hanging loose due to broken mounts, causing a rattling noise.",Corrosion or fatigue of rubber/metal mounts.,Replacement of broken exhaust hangers or mounts.,"[""rattling from undercarriage"", ""exhaust visibly hanging low""]",Visually inspect exhaust hangers and mounts for breaks or excessive corrosion.,1,1,"[{""video_id"": ""75buEMYS0wc"", ""title"": ""..."", ""channel"": ""..."", ""video_type_category"": ""organic"", ""trim"": ""base""}]",youtube,high,,1,"[""all_vw_golf_mk6""]","{""base"": 1}",1,base,0,False,"{""from_llm_year_phrase"": null, ""from_llm_year_parsed"": [], ""from_transcript_context"": [], ""from_source_video_titles"": [], ""from_engine_production_windows"": [""2008-2013""], ""from_model_scope_window"": [""2008-2013""], ""window_source"": ""engine"", ""content_combine_rule"": ""no_content"", ""confidence"": ""low"", ""fallback_window"": ""2008-2013"", ""fallback_window_source"": ""engine""}",,,,
exhaust_pipe_minor_leak,Exhaust pipe minor gas leak,Exhaust leak,exhaust,fluid_leak,low,high,"[""1.6""]",,,Exhaust pipe has a minor leak of gases.,,,[],,1,1,"[{""video_id"": ""gjEg96qtZcM"", ""title"": ""None"", ""channel"": ""None"", ""video_type_category"": ""None"", ""trim"": ""base""}]",youtube,medium,,1,"[""all_vw_golf_mk6""]","{""base"": 1}",1,base,0,False,"{""from_llm_year_phrase"": null, ""from_llm_year_parsed"": [], ""from_transcript_context"": [], ""from_source_video_titles"": [], ""from_engine_production_windows"": [""2008-2012""], ""from_model_scope_window"": [""2008-2012""], ""window_source"": ""engine"", ""content_combine_rule"": ""no_content"", ""confidence"": ""low"", ""fallback_window"": ""2008-2012"", ""fallback_window_source"": ""engine""}",,,,
fsi_injector_failure,FSI direct injector failure,Injector failure,fuel,chronic_failure,high,high,"[""1.4"", ""1.6"", ""2.0_TSI""]",,,"Engine misfires, rough running, or poor fuel economy.",,,"[""Misfires"", ""Rough idle""]",,1,1,"[{""video_id"": ""Vz1j3JU8E6M"", ""title"": ""None"", ""channel"": ""None"", ""video_type_category"": ""None"", ""trim"": ""base""}]",youtube,medium,,1,"[""all_vw_golf_mk6""]","{""base"": 1}",1,base,0,False,"{""from_llm_year_phrase"": null, ""from_llm_year_parsed"": [], ""from_transcript_context"": [], ""from_source_video_titles"": [""2008""], ""from_engine_production_windows"": [""2008-2013""], ""from_model_scope_window"": [""2008-2013""], ""window_source"": ""engine"", ""content_combine_rule"": ""title_only"", ""confidence"": ""medium"", ""triangulated"": ""2008""}",2008,,,
fuel_pump_wear_2_0_tdi,Fuel pump wear on 2.0 TDI,Fuel pump wear,fuel,wear_item,medium,high,"[""2.0_TDI""]",,,Potential loss of fuel pressure leading to poor performance or no-start.,,,"[""Poor performance"", ""Hard starting""]",,1,1,"[{""video_id"": ""Vz1j3JU8E6M"", ""title"": ""None"", ""channel"": ""None"", ""video_type_category"": ""None"", ""trim"": ""base""}]",youtube,medium,,1,"[""diesel_only""]","{""base"": 1}",1,base,0,False,"{""from_llm_year_phrase"": null, ""from_llm_year_parsed"": [], ""from_transcript_context"": [], ""from_source_video_titles"": [""2008""], ""from_engine_production_windows"": [""2008-2013""], ""from_model_scope_window"": [""2008-2013""], ""window_source"": ""engine"", ""content_combine_rule"": ""title_only"", ""confidence"": ""medium"", ""triangulated"": ""2008""}",2008,,,
glow_plug_module_fault,Glow plug module fault,Glow plug fault,electrical,sensor_fault,medium,high,[],,,OBD scan shows a glow plug module control circuit fault.,,,[],,1,1,"[{""video_id"": ""gjEg96qtZcM"", ""title"": ""None"", ""channel"": ""None"", ""video_type_category"": ""None"", ""trim"": ""base""}]",youtube,medium,,1,"[""all_vw_golf_mk6""]","{""base"": 1}",1,base,0,False,"{""from_llm_year_phrase"": null, ""from_llm_year_parsed"": [], ""from_transcript_context"": [], ""from_source_video_titles"": [], ""from_engine_production_windows"": [""2008-2012""], ""from_model_scope_window"": [""2008-2012""], ""window_source"": ""engine"", ""content_combine_rule"": ""no_content"", ""confidence"": ""low"", ""fallback_window"": ""2008-2012"", ""fallback_window_source"": ""engine""}",,,"[""1.6""]","[""system_component=electrical is not engine-scoped; cleared affected_engines (original preserved in affected_engines_original).""]"
haldex_system_troubles,Haldex 4WD system troubles,Haldex failure,other,intermittent_fault,medium,medium,[],early models,,Wheel spin under full throttle in low gear indicates defective four-wheel drive system.,Haldex system defect,,"[""Wheel spin in low gear under full throttle""]",Test acceleration in low gear for wheel spin.,1,1,"[{""video_id"": ""CzWxijTPkHY"", ""title"": ""..."", ""channel"": ""..."", ""video_type_category"": ""..."", ""trim"": ""base""}]",youtube,medium,,1,"[""all_vw_golf_mk6""]","{""base"": 1}",1,base,0,False,"{""from_llm_year_phrase"": ""early models"", ""from_llm_year_parsed"": [""2008-2009""], ""from_transcript_context"": [], ""from_source_video_titles"": [""2009"", ""2013""], ""from_engine_production_windows"": [""2009-2013""], ""from_model_scope_window"": [""2009-2013""], ""window_source"": ""engine"", ""content_combine_rule"": ""intersect(llm_phrase, title)"", ""confidence"": ""high"", ""triangulated"": ""2009""}",2009,,"[""2.0_TSI_R""]","[""system_component=other is not engine-scoped; cleared affected_engines (original preserved in affected_engines_original).""]"
harmonic_balancer_failure,Harmonic balancer failure,Harmonic balancer,engine,wear_item,medium,medium,"[""1.6""]",,,The harmonic balancer on the back is noted as a problem.,Wear or rubber deterioration,Replace harmonic balancer,"[""Vibration"", ""Unusual engine noise""]","Inspect harmonic balancer for cracks, separation, or excessive wear.",1,1,"[{""video_id"": ""gjEg96qtZcM"", ""title"": ""I BOUGHT A CHEAP VW GOLF MK6 FOR £700!"", ""channel"": ""High Peak Autos"", ""video_type_category"": ""organic"", ""trim"": ""base""}]",youtube,low,Symptom description is vague; more details needed.,1,"[""all_vw_golf_mk6""]","{""base"": 1}",1,base,0,False,"{""from_llm_year_phrase"": null, ""from_llm_year_parsed"": [], ""from_transcript_context"": [], ""from_source_video_titles"": [], ""from_engine_production_windows"": [""2008-2012""], ""from_model_scope_window"": [""2008-2012""], ""window_source"": ""engine"", ""content_combine_rule"": ""no_content"", ""confidence"": ""low"", ""fallback_window"": ""2008-2012"", ""fallback_window_source"": ""engine""}",,,,
headlight_condensation,Headlight or tail light condensation,Light Condensation,body,fluid_leak,low,high,[],,,Moisture buildup inside headlight or tail light assemblies.,Failed seal or vent allowing moisture ingress.,Reseal housing or replace vent/cover.,"[""Fogging inside lens"", ""Water droplets""]","Check for condensation inside light units, especially after rain or washing.",1,1,"[{""video_id"": ""Vz1j3JU8E6M"", ""title"": ""None"", ""channel"": ""None"", ""video_type_category"": ""None"", ""trim"": ""base""}]",youtube,medium,,1,"[""all_vw_golf_mk6""]","{""base"": 1}",1,base,0,False,"{""from_llm_year_phrase"": null, ""from_llm_year_parsed"": [], ""from_transcript_context"": [], ""from_source_video_titles"": [""2008""], ""from_engine_production_windows"": [], ""from_model_scope_window"": [""2008-2013""], ""window_source"": ""model_window"", ""content_combine_rule"": ""title_only"", ""confidence"": ""medium"", ""triangulated"": ""2008""}",2008,,"[""all""]","[""system_component=body is not engine-scoped; cleared affected_engines (original preserved in affected_engines_original).""]"
headlight_failure,Headlights going out,Headlight failure,electrical,intermittent_fault,low,medium,[],,,"Headlights going out, noted as a common issue.",,,"[""Headlights intermittently failing""]",Check headlight operation and wiring.,1,1,"[{""video_id"": ""LFed8YNxj2M"", ""title"": ""..."", ""channel"": ""..."", ""video_type_category"": ""..."", ""trim"": ""base""}]",youtube,medium,,1,"[""all_vw_golf_mk6""]","{""base"": 1}",1,base,0,False,"{""from_llm_year_phrase"": null, ""from_llm_year_parsed"": [], ""from_transcript_context"": [], ""from_source_video_titles"": [], ""from_engine_production_windows"": [""2009-2013""], ""from_model_scope_window"": [""2009-2013""], ""window_source"": ""engine"", ""content_combine_rule"": ""no_content"", ""confidence"": ""low"", ""fallback_window"": ""2009-2013"", ""fallback_window_source"": ""engine""}",,,"[""1.8_TSI"", ""2.0_TSI""]","[""system_component=electrical is not engine-scoped; cleared affected_engines (original preserved in affected_engines_original).""]"
headliner_sagging,Headliner fabric detaches and sags from roof,Headliner sagging,body,structural,low,high,[],,,The headliner fabric detaches and sags from the roof.,Adhesive failure over time,Re-glue or replace headliner fabric,"[""Fabric drooping"", ""Visible sagging""]","Check roof lining for any sagging or detachment, especially at edges and center.",1,1,"[{""video_id"": ""G6ahk3clUvQ"", ""title"": ""LAMBORGHINI SOUND for UNDER $5k? MK6 Golf review"", ""channel"": ""100PercentJake"", ""video_type_category"": ""organic"", ""trim"": ""base""}]",youtube,medium,Common age-related issue across many models.,1,"[""all_vw_golf_mk6""]","{""base"": 1}",1,base,0,False,"{""from_llm_year_phrase"": null, ""from_llm_year_parsed"": [], ""from_transcript_context"": [], ""from_source_video_titles"": [], ""from_engine_production_windows"": [""2008-2013""], ""from_model_scope_window"": [""2008-2013""], ""window_source"": ""engine"", ""content_combine_rule"": ""no_content"", ""confidence"": ""low"", ""fallback_window"": ""2008-2013"", ""fallback_window_source"": ""engine""}",,,"[""1.2_TSI"", ""1.4"", ""1.4_TSI"", ""1.6"", ""1.6_TDI"", ""1.8_TSI"", ""2.0_TDI"", ""2.0_TSI"", ""2.0_TSI_R""]","[""system_component=body is not engine-scoped; cleared affected_engines (original preserved in affected_engines_original).""]"
high_oil_consumption,High oil consumption,Oil consumption,engine,chronic_failure,medium,medium,"[""1.4_TSI""]",,,Some petrol models can suffer from high oil consumption.,Piston ring wear or valve stem seal issues.,Engine overhaul or replacement of piston rings/valve seals.,"[""frequent need to top up oil"", ""blue smoke from exhaust""]",Check oil level and consumption history. Look for blue smoke on startup or acceleration.,1,1,"[{""video_id"": ""vGDO9iC6Mfk"", ""title"": ""..."", ""channel"": ""..."", ""video_type_category"": ""list_format"", ""trim"": ""base""}]",youtube,medium,Often linked to timing chain issues on 1.4 TSI.,1,"[""all_vw_golf_mk6""]","{""base"": 1}",1,base,0,False,"{""from_llm_year_phrase"": null, ""from_llm_year_parsed"": [], ""from_transcript_context"": [], ""from_source_video_titles"": [], ""from_engine_production_windows"": [""2008-2013""], ""from_model_scope_window"": [""2008-2013""], ""window_source"": ""engine"", ""content_combine_rule"": ""no_content"", ""confidence"": ""low"", ""fallback_window"": ""2008-2013"", ""fallback_window_source"": ""engine""}",,,,
hpfp_cam_follower_wear,High-pressure fuel pump cam follower wear,HPFP follower wear,fuel,wear_item,medium,medium,"[""2.0_TSI_R""]",,,The high-pressure fuel pump camshaft follower can get worn and cause issues.,Cam follower wear,Inspect and replace worn cam follower,"[""Fuel pressure issues"", ""Unusual noises from pump""]",Inspect high-pressure fuel pump cam follower for wear.,1,1,"[{""video_id"": ""SWyKL-IK9Ww"", ""title"": ""VW Golf MK6 Issues of the Petrol Engines 2008-2013"", ""channel"": ""different car review"", ""video_type_category"": ""organic"", ""trim"": ""base""}]",youtube,medium,Specific to 2.0 TSI R engine.,1,"[""all_vw_golf_mk6""]","{""base"": 1}",1,base,0,False,"{""from_llm_year_phrase"": null, ""from_llm_year_parsed"": [], ""from_transcript_context"": [], ""from_source_video_titles"": [""2008-2013""], ""from_engine_production_windows"": [""2009-2013""], ""from_model_scope_window"": [""2009-2013""], ""window_source"": ""engine"", ""content_combine_rule"": ""title_only"", ""confidence"": ""medium"", ""triangulated"": ""2009-2013""}",2009-2013,,,
inlet_manifold_fault,Engine management light on without driving issues,Engine light on,engine,sensor_fault,low,medium,"[""1.8_TSI"", ""2.0_TSI""]",,,"Engine management light remains on, but does not affect driving.",Possible inlet manifold or sensor fault,Diagnostic scan and potential sensor or manifold repair,"[""Check engine light illuminated""]",Perform OBD2 scan for fault codes related to intake or sensors.,1,1,"[{""video_id"": ""6tJyCdtTlzM"", ""title"": ""SHOULD YOU BUY A VW GOLF GTI MK6 IN 2023? | Reliability | Performance | Running Costs |"", ""channel"": ""Joe Talks Cars"", ""video_type_category"": ""organic"", ""trim"": ""GTI""}]",youtube,medium,Symptom is non-specific; could be related to various sensors.,1,"[""all_vw_golf_mk6""]","{""GTI"": 1}",1,GTI,0,False,"{""from_llm_year_phrase"": null, ""from_llm_year_parsed"": [], ""from_transcript_context"": [], ""from_source_video_titles"": [], ""from_engine_production_windows"": [""2009-2013""], ""from_model_scope_window"": [""2009-2013""], ""window_source"": ""engine"", ""content_combine_rule"": ""no_content"", ""confidence"": ""low"", ""fallback_window"": ""2009-2013"", ""fallback_window_source"": ""engine""}",,,,
interior_plastic_components_brittle,Brittle interior plastic components,Brittle interior plastics,body,wear_item,low,high,[],,,"Multiple interior plastic parts are broken, including gear knob, cup holder, seat adjuster handle, and sunglass holder.",,,[],,1,1,"[{""video_id"": ""gjEg96qtZcM"", ""title"": ""None"", ""channel"": ""None"", ""video_type_category"": ""None"", ""trim"": ""base""}]",youtube,medium,,1,"[""all_vw_golf_mk6""]","{""base"": 1}",1,base,0,False,"{""from_llm_year_phrase"": null, ""from_llm_year_parsed"": [], ""from_transcript_context"": [], ""from_source_video_titles"": [], ""from_engine_production_windows"": [""2008-2012""], ""from_model_scope_window"": [""2008-2012""], ""window_source"": ""engine"", ""content_combine_rule"": ""no_content"", ""confidence"": ""low"", ""fallback_window"": ""2008-2012"", ""fallback_window_source"": ""engine""}",,,"[""1.6""]","[""system_component=body is not engine-scoped; cleared affected_engines (original preserved in affected_engines_original).""]"
neutral_position_sensor_fault,Neutral position sensor fault,Neutral sensor fault,gearbox,sensor_fault,medium,high,"[""1.6""]",,,OBD scan shows a neutral position sensor signal implausible fault.,,,[],,1,1,"[{""video_id"": ""gjEg96qtZcM"", ""title"": ""None"", ""channel"": ""None"", ""video_type_category"": ""None"", ""trim"": ""base""}]",youtube,medium,,1,"[""all_vw_golf_mk6""]","{""base"": 1}",1,base,0,False,"{""from_llm_year_phrase"": null, ""from_llm_year_parsed"": [], ""from_transcript_context"": [], ""from_source_video_titles"": [], ""from_engine_production_windows"": [""2008-2012""], ""from_model_scope_window"": [""2008-2012""], ""window_source"": ""engine"", ""content_combine_rule"": ""no_content"", ""confidence"": ""low"", ""fallback_window"": ""2008-2012"", ""fallback_window_source"": ""engine""}",,,,
oil_consumption_2_0_tdi,High oil consumption on 2.0 TDI,Oil consumption,engine,chronic_failure,medium,high,"[""2.0_TDI""]",,,Engine requires frequent topping up of engine oil.,,,"[""Frequent oil top-ups needed""]",Check oil level and service history.,1,1,"[{""video_id"": ""Vz1j3JU8E6M"", ""title"": ""None"", ""channel"": ""None"", ""video_type_category"": ""None"", ""trim"": ""base""}]",youtube,medium,,1,"[""diesel_only""]","{""base"": 1}",1,base,0,False,"{""from_llm_year_phrase"": null, ""from_llm_year_parsed"": [], ""from_transcript_context"": [], ""from_source_video_titles"": [""2008""], ""from_engine_production_windows"": [""2008-2013""], ""from_model_scope_window"": [""2008-2013""], ""window_source"": ""engine"", ""content_combine_rule"": ""title_only"", ""confidence"": ""medium"", ""triangulated"": ""2008""}",2008,,,
oil_dilution_fuel_short_trips,Oil dilution from fuel on short trips,Oil dilution,engine,wear_item,medium,medium,"[""1.2_TSI""]",,,"Fuel can slowly contaminate the engine oil, especially when the car is used primarily for very short distances.","Incomplete combustion and fuel wash-down into crankcase during short, cold trips.",Use the car for longer drives to heat oil fully; monitor oil level and change intervals.,"[""Fuel smell in oil, rising oil level""]",Check oil level and smell for fuel contamination; review driving patterns.,1,1,"[{""video_id"": ""SWyKL-IK9Ww"", ""title"": ""VW Golf MK6 Issues of the Petrol Engines 2008-2013"", ""channel"": ""different car review"", ""video_type_category"": ""organic"", ""trim"": ""base""}]",youtube,medium,Common in direct-injection turbo engines used for city driving.,1,"[""all_vw_golf_mk6""]","{""base"": 1}",1,base,0,False,"{""from_llm_year_phrase"": null, ""from_llm_year_parsed"": [], ""from_transcript_context"": [], ""from_source_video_titles"": [""2008-2013""], ""from_engine_production_windows"": [""2009-2013""], ""from_model_scope_window"": [""2009-2013""], ""window_source"": ""engine"", ""content_combine_rule"": ""title_only"", ""confidence"": ""medium"", ""triangulated"": ""2009-2013""}",2009-2013,,,
oil_leaks_gaskets,Gaskets leak at high mileage,Oil leaks,engine,wear_item,medium,medium,"[""1.8_TSI"", ""2.0_TSI""]",,"130k km (approx 80,000 miles)",Oil dumping on the ground from gaskets and other places that start to leak.,Gasket wear at high mileage,,"[""Oil spots under car""]",Check for oil leaks around engine gaskets and underside.,1,1,"[{""video_id"": ""LFed8YNxj2M"", ""title"": ""..."", ""channel"": ""..."", ""video_type_category"": ""..."", ""trim"": ""base""}]",youtube,medium,,1,"[""all_vw_golf_mk6""]","{""base"": 1}",1,base,0,False,"{""from_llm_year_phrase"": null, ""from_llm_year_parsed"": [], ""from_transcript_context"": [], ""from_source_video_titles"": [], ""from_engine_production_windows"": [""2009-2013""], ""from_model_scope_window"": [""2009-2013""], ""window_source"": ""engine"", ""content_combine_rule"": ""no_content"", ""confidence"": ""low"", ""fallback_window"": ""2009-2013"", ""fallback_window_source"": ""engine""}",,,,
oil_pump_belt_disintegration,Oil pump belt disintegration,Oil pump belt,engine,wear_item,high,high,"[""1.6_TDI"", ""2.0_TDI""]",2008-2013,,"Rubber oil pump belt can disintegrate, clogging the oil strainer and reducing oil pressure.",Belt material degradation over time,Replace oil pump belt as a preventive maintenance item,"[""Low oil pressure warning""]",Check service history for belt replacement interval adherence.,1,1,"[{""video_id"": ""4isZJFleo9g"", ""title"": ""None"", ""channel"": ""None"", ""video_type_category"": ""organic"", ""trim"": ""base""}]",youtube,medium,,1,"[""all_vw_golf_mk6""]","{""base"": 1}",1,base,0,False,"{""from_llm_year_phrase"": ""2008-2013"", ""from_llm_year_parsed"": [""2008-2013""], ""from_transcript_context"": [], ""from_source_video_titles"": [""2008-2013""], ""from_engine_production_windows"": [""2008-2013""], ""from_model_scope_window"": [""2008-2013""], ""window_source"": ""engine"", ""content_combine_rule"": ""intersect(llm_phrase, title)"", ""confidence"": ""high"", ""triangulated"": ""2008-2013""}",2008-2013,,,
oil_pump_drive_shaft_wear,Oil pump drive shaft wear,Oil pump shaft,engine,wear_item,high,medium,"[""2.0_TDI""]",made to 2009,,"The oil pump drive shaft can wear out, potentially causing loss of oil pressure.",Shaft wear,Inspect and replace worn components,"[""Low oil pressure warning""]",Particularly relevant for early 2.0 TDI models (pre-2009). Check service history.,1,1,"[{""video_id"": ""4isZJFleo9g"", ""title"": ""None"", ""channel"": ""None"", ""video_type_category"": ""organic"", ""trim"": ""base""}]",youtube,medium,Specific to early 2.0 TDI engines.,1,"[""all_vw_golf_mk6""]","{""base"": 1}",1,base,0,False,"{""from_llm_year_phrase"": ""made to 2009"", ""from_llm_year_parsed"": [""2008-2009""], ""from_transcript_context"": [], ""from_source_video_titles"": [""2008-2013""], ""from_engine_production_windows"": [""2008-2013""], ""from_model_scope_window"": [""2008-2013""], ""window_source"": ""engine"", ""content_combine_rule"": ""intersect(llm_phrase, title)"", ""confidence"": ""high"", ""triangulated"": ""2008-2009""}",2008-2009,,,
old_inefficient_petrol_engines,"Old, inefficient petrol engines",Aged engines,engine,other,low,high,"[""1.4"", ""1.6""]",2009-2012,,Entry-level 1.4 and 1.6 petrol engines described as old and not eco-friendly.,Outdated engine design.,No fix; inherent characteristic.,"[""Higher fuel consumption"", ""Lower performance compared to newer engines""]",Consider for budget purchase but expect higher running costs.,1,1,"[{""video_id"": ""L3tijGoePWM"", ""title"": ""..."", ""channel"": ""..."", ""video_type_category"": ""..."", ""trim"": ""base""}]",youtube,medium,,1,"[""all_vw_golf_mk6""]","{""base"": 1}",1,base,0,False,"{""from_llm_year_phrase"": ""2009-2012"", ""from_llm_year_parsed"": [""2009-2012""], ""from_transcript_context"": [], ""from_source_video_titles"": [""2009-2012""], ""from_engine_production_windows"": [""2008-2013""], ""from_model_scope_window"": [""2008-2013""], ""window_source"": ""engine"", ""content_combine_rule"": ""intersect(llm_phrase, title)"", ""confidence"": ""high"", ""triangulated"": ""2009-2012""}",2009-2012,,,
passenger_seat_sensor_failure,Passenger seat occupancy sensor fault,Seat Sensor,electrical,sensor_fault,low,high,[],,,Airbag warning light may illuminate due to faulty seat sensor.,Sensor mat failure or wiring issue.,Replace seat occupancy sensor or repair wiring.,"[""Airbag warning light""]",Check for airbag warning light on dashboard.,1,1,"[{""video_id"": ""Vz1j3JU8E6M"", ""title"": ""None"", ""channel"": ""None"", ""video_type_category"": ""None"", ""trim"": ""base""}]",youtube,medium,,1,"[""all_vw_golf_mk6""]","{""base"": 1}",1,base,0,False,"{""from_llm_year_phrase"": null, ""from_llm_year_parsed"": [], ""from_transcript_context"": [], ""from_source_video_titles"": [""2008""], ""from_engine_production_windows"": [], ""from_model_scope_window"": [""2008-2013""], ""window_source"": ""model_window"", ""content_combine_rule"": ""title_only"", ""confidence"": ""medium"", ""triangulated"": ""2008""}",2008,,"[""all""]","[""system_component=electrical is not engine-scoped; cleared affected_engines (original preserved in affected_engines_original).""]"
piston_side_cracking,Piston side cracking and breaking,Piston cracking,engine,chronic_failure,high,medium,"[""1.4_TSI""]",,before 100k km,"The side of the pistons can crack and break off, potentially leading to severe engine damage.",Material fatigue or design weakness under high stress.,Engine rebuild or replacement with updated pistons.,"[""Engine knocking, loss of compression, excessive oil consumption""]",Compression test; borescope inspection if possible.,1,1,"[{""video_id"": ""SWyKL-IK9Ww"", ""title"": ""VW Golf MK6 Issues of the Petrol Engines 2008-2013"", ""channel"": ""different car review"", ""video_type_category"": ""organic"", ""trim"": ""base""}]",youtube,medium,Serious issue on some 1.4 TSI engines.,1,"[""all_vw_golf_mk6""]","{""base"": 1}",1,base,0,False,"{""from_llm_year_phrase"": null, ""from_llm_year_parsed"": [], ""from_transcript_context"": [], ""from_source_video_titles"": [""2008-2013""], ""from_engine_production_windows"": [""2008-2013""], ""from_model_scope_window"": [""2008-2013""], ""window_source"": ""engine"", ""content_combine_rule"": ""title_only"", ""confidence"": ""medium"", ""triangulated"": ""2008-2013""}",2008-2013,,,
plastic_intake_manifold_flap_failure,Plastic intake manifold flap failure,Intake flap failure,engine,wear_item,medium,medium,"[""2.0_TSI""]",,,"Plastic variable intake manifold flaps can wear out and fail, causing vacuum leaks and rough running.",Wear or breakage of plastic flap mechanism.,Replace the intake manifold.,"[""Rough idle, loss of power, vacuum leak noise""]",Check for vacuum leaks and fault codes related to intake manifold runner control.,1,1,"[{""video_id"": ""SWyKL-IK9Ww"", ""title"": ""VW Golf MK6 Issues of the Petrol Engines 2008-2013"", ""channel"": ""different car review"", ""video_type_category"": ""organic"", ""trim"": ""base""}]",youtube,medium,Common wear item on many VW/Audi engines with variable intake manifolds.,1,"[""all_vw_golf_mk6""]","{""base"": 1}",1,base,0,False,"{""from_llm_year_phrase"": null, ""from_llm_year_parsed"": [], ""from_transcript_context"": [], ""from_source_video_titles"": [""2008-2013""], ""from_engine_production_windows"": [""2009-2013""], ""from_model_scope_window"": [""2009-2013""], ""window_source"": ""engine"", ""content_combine_rule"": ""title_only"", ""confidence"": ""medium"", ""triangulated"": ""2009-2013""}",2009-2013,,,
post_emissions_update_issues,Issues after emissions software update,Post-update issues,engine,intermittent_fault,medium,medium,"[""1.6_TDI"", ""2.0_TDI""]",2008-2013,,Some owners experienced strange issues after the emissions scandal software update.,Emissions software update,,[],Ask owner if the 'dieselgate' update was performed and if any issues followed.,1,1,"[{""video_id"": ""4isZJFleo9g"", ""title"": ""None"", ""channel"": ""None"", ""video_type_category"": ""organic"", ""trim"": ""base""}]",youtube,medium,Vague symptom description.,1,"[""all_vw_golf_mk6""]","{""base"": 1}",1,base,0,False,"{""from_llm_year_phrase"": ""2008-2013"", ""from_llm_year_parsed"": [""2008-2013""], ""from_transcript_context"": [], ""from_source_video_titles"": [""2008-2013""], ""from_engine_production_windows"": [""2008-2013""], ""from_model_scope_window"": [""2008-2013""], ""window_source"": ""engine"", ""content_combine_rule"": ""intersect(llm_phrase, title)"", ""confidence"": ""high"", ""triangulated"": ""2008-2013""}",2008-2013,,,
power_folding_mirror_faults,Power folding mirror electrical faults,Mirror Faults,electrical,intermittent_fault,low,high,[],,,Power folding mirrors can work erratically.,,,"[""Erratic mirror operation""]",Test power folding mirror function multiple times.,1,1,"[{""video_id"": ""55rbRo6ZUHs"", ""title"": ""None"", ""channel"": ""None"", ""video_type_category"": ""None"", ""trim"": ""base""}]",youtube,medium,,1,"[""all_vw_golf_mk6""]","{""base"": 1}",1,base,0,False,"{""from_llm_year_phrase"": null, ""from_llm_year_parsed"": [], ""from_transcript_context"": [], ""from_source_video_titles"": [], ""from_engine_production_windows"": [""2009-2013""], ""from_model_scope_window"": [""2009-2013""], ""window_source"": ""engine"", ""content_combine_rule"": ""no_content"", ""confidence"": ""low"", ""fallback_window"": ""2009-2013"", ""fallback_window_source"": ""engine""}",,,"[""2.0_TSI_R""]","[""system_component=electrical is not engine-scoped; cleared affected_engines (original preserved in affected_engines_original).""]"
radiator_fan_failure,Electric radiator cooling fan failure,Cooling Fan,cooling,chronic_failure,high,high,"[""all""]",,,Overheating due to inoperative electric cooling fan.,"Fan motor failure, resistor, or control module issue.","Replace fan assembly, resistor, or related control unit.","[""Overheating in traffic"", ""Fan not activating""]","With engine warm and AC on, verify both cooling fan stages operate.",1,1,"[{""video_id"": ""Vz1j3JU8E6M"", ""title"": ""None"", ""channel"": ""None"", ""video_type_category"": ""None"", ""trim"": ""base""}]",youtube,medium,,1,"[""all_vw_golf_mk6""]","{""base"": 1}",1,base,0,False,"{""from_llm_year_phrase"": null, ""from_llm_year_parsed"": [], ""from_transcript_context"": [], ""from_source_video_titles"": [""2008""], ""from_engine_production_windows"": [], ""from_model_scope_window"": [""2008-2013""], ""window_source"": ""model_window"", ""content_combine_rule"": ""title_only"", ""confidence"": ""medium"", ""triangulated"": ""2008""}",2008,,,
rear_brake_caliper_seizure,Rear brake caliper seizure,Brake caliper seizure,brakes,chronic_failure,medium,high,[],,,"Rear brake calipers seize and fail, partly due to hill hold assist.","Corrosion and sticking mechanisms, exacerbated by hill hold feature.","Clean, lubricate, or replace calipers.","[""Uneven brake wear"", ""Dragging sensation"", ""Brake overheating""]",Check rear brake pad wear for unevenness; test brake function.,1,1,"[{""video_id"": ""waG3i3Hon5Q"", ""title"": ""..."", ""channel"": ""..."", ""video_type_category"": ""..."", ""trim"": ""base""}]",youtube,medium,,1,"[""all_vw_golf_mk6""]","{""base"": 1}",1,base,0,False,"{""from_llm_year_phrase"": null, ""from_llm_year_parsed"": [], ""from_transcript_context"": [], ""from_source_video_titles"": [], ""from_engine_production_windows"": [], ""from_model_scope_window"": [""2008-2013""], ""window_source"": ""model_window"", ""content_combine_rule"": ""no_content"", ""confidence"": ""low"", ""fallback_window"": ""2008-2013"", ""fallback_window_source"": ""model_window""}",,,,
rear_door_controller_power_fault,Rear door controller power fault,Door controller fault,electrical,intermittent_fault,low,high,[],,,"OBD scan shows a supply voltage fault for the rear left door controller, window does not work.",,,[],,1,1,"[{""video_id"": ""gjEg96qtZcM"", ""title"": ""None"", ""channel"": ""None"", ""video_type_category"": ""None"", ""trim"": ""base""}]",youtube,medium,,1,"[""all_vw_golf_mk6""]","{""base"": 1}",1,base,0,False,"{""from_llm_year_phrase"": null, ""from_llm_year_parsed"": [], ""from_transcript_context"": [], ""from_source_video_titles"": [], ""from_engine_production_windows"": [""2008-2012""], ""from_model_scope_window"": [""2008-2012""], ""window_source"": ""engine"", ""content_combine_rule"": ""no_content"", ""confidence"": ""low"", ""fallback_window"": ""2008-2012"", ""fallback_window_source"": ""engine""}",,,"[""1.6""]","[""system_component=electrical is not engine-scoped; cleared affected_engines (original preserved in affected_engines_original).""]"
rear_suspension_arm_bush_wear,Rear suspension arm bush wear,Suspension bush wear,suspension,wear_item,medium,high,[],,,Offside rear suspension arm pin or bush is worn.,,,[],,1,1,"[{""video_id"": ""gjEg96qtZcM"", ""title"": ""None"", ""channel"": ""None"", ""video_type_category"": ""None"", ""trim"": ""base""}]",youtube,medium,,1,"[""all_vw_golf_mk6""]","{""base"": 1}",1,base,0,False,"{""from_llm_year_phrase"": null, ""from_llm_year_parsed"": [], ""from_transcript_context"": [], ""from_source_video_titles"": [], ""from_engine_production_windows"": [""2008-2012""], ""from_model_scope_window"": [""2008-2012""], ""window_source"": ""engine"", ""content_combine_rule"": ""no_content"", ""confidence"": ""low"", ""fallback_window"": ""2008-2012"", ""fallback_window_source"": ""engine""}",,,"[""1.6""]","[""system_component=suspension is not engine-scoped; cleared affected_engines (original preserved in affected_engines_original).""]"
sunroof_drain_clogging,Sunroof drainage channels clog and cause leaks,Sunroof drain clog,body,fluid_leak,medium,medium,[],,,Clogged sunroof drains cause water ingress that can damage interior electronics and upholstery.,Debris clogging sunroof drainage tubes.,Clear sunroof drainage channels regularly.,"[""Water dripping from headliner, wet A-pillars""]",Test sunroof drainage by pouring water into channels and checking for proper flow.,1,1,"[{""video_id"": ""55rbRo6ZUHs"", ""title"": ""USED Volkswagen Mk6 Golf R - Common problems and should you buy one?"", ""channel"": ""ReDriven"", ""video_type_category"": ""organic"", ""trim"": ""R""}]",youtube,medium,Preventative maintenance is key to avoid electrical damage.,1,"[""all_vw_golf_mk6""]","{""R"": 1}",1,R,0,False,"{""from_llm_year_phrase"": null, ""from_llm_year_parsed"": [], ""from_transcript_context"": [], ""from_source_video_titles"": [], ""from_engine_production_windows"": [""2009-2013""], ""from_model_scope_window"": [""2009-2013""], ""window_source"": ""engine"", ""content_combine_rule"": ""no_content"", ""confidence"": ""low"", ""fallback_window"": ""2009-2013"", ""fallback_window_source"": ""engine""}",,,"[""2.0_TSI_R""]","[""system_component=body is not engine-scoped; cleared affected_engines (original preserved in affected_engines_original).""]"
supercharger_magnetic_clutch_failure,Supercharger magnetic clutch failure on 1.4 TSI,Supercharger clutch,engine,chronic_failure,medium,medium,"[""1.4_TSI""]",,before 100k km,"Magnetic clutch of the supercharger (compressor) can fail, causing it to disengage and resulting in weak engine performance.",Failure of the magnetic clutch mechanism.,Replace the supercharger magnetic clutch or related components.,"[""Loss of low-end power, whining noise from supercharger area""]",Test supercharger engagement; listen for unusual noises or check for related fault codes.,1,1,"[{""video_id"": ""SWyKL-IK9Ww"", ""title"": ""VW Golf MK6 Issues of the Petrol Engines 2008-2013"", ""channel"": ""different car review"", ""video_type_category"": ""organic"", ""trim"": ""base""}]",youtube,medium,Affects 1.4 TSI twincharger (supercharged and turbocharged) engines.,1,"[""all_vw_golf_mk6""]","{""base"": 1}",1,base,0,False,"{""from_llm_year_phrase"": null, ""from_llm_year_parsed"": [], ""from_transcript_context"": [], ""from_source_video_titles"": [""2008-2013""], ""from_engine_production_windows"": [""2008-2013""], ""from_model_scope_window"": [""2008-2013""], ""window_source"": ""engine"", ""content_combine_rule"": ""title_only"", ""confidence"": ""medium"", ""triangulated"": ""2008-2013""}",2008-2013,,,
timing_belt_overdue,Timing belt overdue for replacement,Timing belt overdue,engine,wear_item,high,high,"[""2.0_TDI""]",,140000 km,"The timing belt appears to be the original at 140,000 miles and is overdue for replacement.",Age and mileage exceeding service interval.,"Replace timing belt, tensioner, and water pump.","[""no visible symptoms until failure"", ""check service history""]","Check service records for timing belt replacement. If unknown, assume it needs replacement.",1,1,"[{""video_id"": ""75buEMYS0wc"", ""title"": ""..."", ""channel"": ""..."", ""video_type_category"": ""organic"", ""trim"": ""base""}]",youtube,high,Critical maintenance item on belt-driven engines (EA189 diesel). Failure causes catastrophic engine damage.,1,"[""all_vw_golf_mk6""]","{""base"": 1}",1,base,0,False,"{""from_llm_year_phrase"": null, ""from_llm_year_parsed"": [], ""from_transcript_context"": [], ""from_source_video_titles"": [], ""from_engine_production_windows"": [""2008-2013""], ""from_model_scope_window"": [""2008-2013""], ""window_source"": ""engine"", ""content_combine_rule"": ""no_content"", ""confidence"": ""low"", ""fallback_window"": ""2008-2013"", ""fallback_window_source"": ""engine""}",,,,
timing_chain_and_oil_consumption,Timing chain stretch and high oil consumption,Timing chain/oil,engine,chronic_failure,high,high,"[""1.4_TSI""]",,,"High oil consumption can lead to timing chain stretching, particularly on the 1.4 twin-charger.",Oil starvation or poor chain tensioner design leading to chain wear.,Timing chain and tensioner replacement.,"[""rattling noise on startup"", ""high oil consumption"", ""check engine light""]","Listen for rattling on cold start, check oil level and consumption history.",1,1,"[{""video_id"": ""vGDO9iC6Mfk"", ""title"": ""..."", ""channel"": ""..."", ""video_type_category"": ""list_format"", ""trim"": ""base""}]",youtube,medium,Primarily affects EA111 1.4 TSI twin-charger engines. High oil consumption is often linked.,1,"[""all_vw_golf_mk6""]","{""base"": 1}",1,base,0,False,"{""from_llm_year_phrase"": null, ""from_llm_year_parsed"": [], ""from_transcript_context"": [], ""from_source_video_titles"": [], ""from_engine_production_windows"": [""2008-2013""], ""from_model_scope_window"": [""2008-2013""], ""window_source"": ""engine"", ""content_combine_rule"": ""no_content"", ""confidence"": ""low"", ""fallback_window"": ""2008-2013"", ""fallback_window_source"": ""engine""}",,,,
timing_chain_issues_ea111_ea888,Premature timing chain and tensioner wear on early engines,Timing chain wear,engine,chronic_failure,high,high,"[""1.2_TSI"", ""1.4_TSI"", ""1.8_TSI"", ""2.0_TSI""]",cars made to mid 2012,20k-100k km,"Timing chain mechanism can wear before 100,000 km, sometimes requiring replacement as early as 20,000-30,000 km. Early weak version of the timing chain tensioner can fail, potentially causing catastrophic engine damage.",Premature wear of timing chain components. Failure of the weak early-design timing chain tensioner.,"Replace timing chain, tensioner, and guides. Replace with updated timing chain tensioner.","[""Timing chain rattle on startup""]",Check service history for timing chain replacement; listen for startup rattle. Verify if the updated tensioner has been installed; check for startup rattle.,1,1,"[{""video_id"": ""SWyKL-IK9Ww"", ""title"": ""VW Golf MK6 Issues of the Petrol Engines 2008-2013"", ""channel"": ""different car review"", ""video_type_category"": ""organic"", ""trim"": ""base""}]",youtube,medium,Affects EA111 chain-driven petrol engines up to 2011. Critical issue on EA888 engines (1.8/2.0 TSI) up to mid-2012.,1,"[""all_vw_golf_mk6""]","{""base"": 1}",1,base,0,False,"{""from_llm_year_phrase"": ""cars made to mid 2012"", ""from_llm_year_parsed"": [""2008-2012""], ""from_transcript_context"": [], ""from_source_video_titles"": [""2008-2013""], ""from_engine_production_windows"": [""2008-2013""], ""from_model_scope_window"": [""2008-2013""], ""window_source"": ""engine"", ""content_combine_rule"": ""intersect(llm_phrase, title)"", ""confidence"": ""high"", ""triangulated"": ""2008-2012""}",2008-2012,,,
timing_chain_stretch,Timing chain stretching and high oil consumption,Timing chain stretch,engine,chronic_failure,high,high,"[""1.4_TSI""]",,,"High oil consumption can lead to timing chain stretching, particularly on the 1.4 twin-charger.",Oil starvation or poor chain tensioner design leading to chain wear.,Timing chain and tensioner replacement.,"[""rattling noise on startup"", ""high oil consumption"", ""check engine light""]","Listen for rattling on cold start, check oil level and consumption history.",1,1,"[{""video_id"": ""vGDO9iC6Mfk"", ""title"": ""..."", ""channel"": ""..."", ""video_type_category"": ""list_format"", ""trim"": ""base""}]",youtube,medium,Primarily affects EA111 1.4 TSI twin-charger engines.,1,"[""all_vw_golf_mk6""]","{""base"": 1}",1,base,0,False,"{""from_llm_year_phrase"": null, ""from_llm_year_parsed"": [], ""from_transcript_context"": [], ""from_source_video_titles"": [], ""from_engine_production_windows"": [""2008-2013""], ""from_model_scope_window"": [""2008-2013""], ""window_source"": ""engine"", ""content_combine_rule"": ""no_content"", ""confidence"": ""low"", ""fallback_window"": ""2008-2013"", ""fallback_window_source"": ""engine""}",,,,
turbo_wastegate_actuator_sticking,Turbo wastegate actuator sticking,Wastegate sticking,engine,intermittent_fault,medium,medium,"[""1.2_TSI""]",,,"Turbo wastegate actuator arm can become stuck, affecting turbo boost pressure and engine performance.",Carbon buildup or mechanical seizure of the wastegate actuator.,Clean or replace the turbo wastegate actuator.,"[""Reduced power, boost pressure faults, engine warning light""]",Check for fault codes related to boost pressure; inspect actuator movement.,1,1,"[{""video_id"": ""SWyKL-IK9Ww"", ""title"": ""VW Golf MK6 Issues of the Petrol Engines 2008-2013"", ""channel"": ""different car review"", ""video_type_category"": ""organic"", ""trim"": ""base""}]",youtube,medium,,1,"[""all_vw_golf_mk6""]","{""base"": 1}",1,base,0,False,"{""from_llm_year_phrase"": null, ""from_llm_year_parsed"": [], ""from_transcript_context"": [], ""from_source_video_titles"": [""2008-2013""], ""from_engine_production_windows"": [""2009-2013""], ""from_model_scope_window"": [""2009-2013""], ""window_source"": ""engine"", ""content_combine_rule"": ""title_only"", ""confidence"": ""medium"", ""triangulated"": ""2009-2013""}",2009-2013,,,
turbocharger_failure,Turbocharger failure,Turbo failure,engine,chronic_failure,high,medium,"[""1.2_TSI"", ""1.4_TSI"", ""1.8_TSI"", ""2.0_TSI"", ""2.0_TSI_R""]",,,Turbocharger failures can occasionally occur in all TSI engines.,Turbo wear or failure,Turbocharger repair or replacement,"[""Loss of power"", ""Excessive smoke"", ""Unusual turbo noises""]","Check for turbo shaft play, oil leaks, and listen for abnormal sounds.",1,1,"[{""video_id"": ""SWyKL-IK9Ww"", ""title"": ""VW Golf MK6 Issues of the Petrol Engines 2008-2013"", ""channel"": ""different car review"", ""video_type_category"": ""organic"", ""trim"": ""base""}]",youtube,medium,"Reported as occasional, not universal.",1,"[""all_vw_golf_mk6""]","{""base"": 1}",1,base,0,False,"{""from_llm_year_phrase"": null, ""from_llm_year_parsed"": [], ""from_transcript_context"": [], ""from_source_video_titles"": [""2008-2013""], ""from_engine_production_windows"": [""2008-2013""], ""from_model_scope_window"": [""2008-2013""], ""window_source"": ""engine"", ""content_combine_rule"": ""title_only"", ""confidence"": ""medium"", ""triangulated"": ""2008-2013""}",2008-2013,,,
turbocharger_failure_tsi,Turbocharger failure on TSI engines,Turbo failure,engine,chronic_failure,high,high,"[""1.4_TSI"", ""2.0_TSI""]",,,"Loss of power, excessive smoke from exhaust, or unusual turbo noises.",,,"[""Loss of power"", ""Excessive smoke"", ""Unusual turbo noises""]",,1,1,"[{""video_id"": ""Vz1j3JU8E6M"", ""title"": ""None"", ""channel"": ""None"", ""video_type_category"": ""None"", ""trim"": ""base""}]",youtube,medium,,1,"[""all_vw_golf_mk6""]","{""base"": 1}",1,base,0,False,"{""from_llm_year_phrase"": null, ""from_llm_year_parsed"": [], ""from_transcript_context"": [], ""from_source_video_titles"": [""2008""], ""from_engine_production_windows"": [""2008-2013""], ""from_model_scope_window"": [""2008-2013""], ""window_source"": ""engine"", ""content_combine_rule"": ""title_only"", ""confidence"": ""medium"", ""triangulated"": ""2008""}",2008,,,
vacuum_leaks_hoses_pcv,Vacuum leaks from hoses or PCV valve,Vacuum leaks,engine,intermittent_fault,medium,high,"[""1.2_TSI"", ""1.4"", ""1.4_TSI"", ""1.6"", ""1.8_TSI"", ""2.0_TSI"", ""2.0_TSI_R""]",,,Vacuum leaks can be caused by cracked plastic/rubber hoses or a faulty PCV valve.,Degraded hoses or faulty PCV valve,Replace cracked hoses or faulty PCV valve,"[""Rough idle"", ""Check engine light"", ""Hesitation""]",Inspect vacuum hoses and PCV system for cracks or leaks.,1,1,"[{""video_id"": ""SWyKL-IK9Ww"", ""title"": ""VW Golf MK6 Issues of the Petrol Engines 2008-2013"", ""channel"": ""different car review"", ""video_type_category"": ""organic"", ""trim"": ""base""}]",youtube,medium,Affects both TSI and some non-TSI petrol engines.,1,"[""all_vw_golf_mk6""]","{""base"": 1}",1,base,0,False,"{""from_llm_year_phrase"": null, ""from_llm_year_parsed"": [], ""from_transcript_context"": [], ""from_source_video_titles"": [""2008-2013""], ""from_engine_production_windows"": [""2008-2013""], ""from_model_scope_window"": [""2008-2013""], ""window_source"": ""engine"", ""content_combine_rule"": ""title_only"", ""confidence"": ""medium"", ""triangulated"": ""2008-2013""}",2008-2013,,,
water_ingress_multiple_points,Water ingress through various seals and lights,Water leaks,body,fluid_leak,medium,medium,[],,,"Water leaks into cabin through speaker seals, window regulator seals, tail lights, and rear footwells.",Failed or degraded seals.,Inspect and replace affected seals; clear drainage channels.,"[""Damp carpets, musty smell, water stains""]","Check interior carpets and footwells for dampness or water stains, especially after rain.",1,1,"[{""video_id"": ""55rbRo6ZUHs"", ""title"": ""USED Volkswagen Mk6 Golf R - Common problems and should you buy one?"", ""channel"": ""ReDriven"", ""video_type_category"": ""organic"", ""trim"": ""R""}]",youtube,medium,"Common in Golf MK6, particularly on R models.",1,"[""all_vw_golf_mk6""]","{""R"": 1}",1,R,0,False,"{""from_llm_year_phrase"": null, ""from_llm_year_parsed"": [], ""from_transcript_context"": [], ""from_source_video_titles"": [], ""from_engine_production_windows"": [""2009-2013""], ""from_model_scope_window"": [""2009-2013""], ""window_source"": ""engine"", ""content_combine_rule"": ""no_content"", ""confidence"": ""low"", ""fallback_window"": ""2009-2013"", ""fallback_window_source"": ""engine""}",,,"[""2.0_TSI_R""]","[""system_component=body is not engine-scoped; cleared affected_engines (original preserved in affected_engines_original).""]"
water_leak_into_interior,Water leaking into passenger compartment,Water Leak,body,fluid_leak,medium,high,[],,,Water ingress into the passenger compartment.,"Clogged sunroof drains, door seal failure, or windshield seal issue.","Clear drains, reseal, or replace damaged seals.","[""Damp carpets"", ""Musty odor"", ""Visible water pooling""]","Check footwell carpets for moisture, especially after rain.",1,1,"[{""video_id"": ""Vz1j3JU8E6M"", ""title"": ""None"", ""channel"": ""None"", ""video_type_category"": ""None"", ""trim"": ""base""}]",youtube,medium,,1,"[""all_vw_golf_mk6""]","{""base"": 1}",1,base,0,False,"{""from_llm_year_phrase"": null, ""from_llm_year_parsed"": [], ""from_transcript_context"": [], ""from_source_video_titles"": [""2008""], ""from_engine_production_windows"": [], ""from_model_scope_window"": [""2008-2013""], ""window_source"": ""model_window"", ""content_combine_rule"": ""title_only"", ""confidence"": ""medium"", ""triangulated"": ""2008""}",2008,,"[""all""]","[""system_component=body is not engine-scoped; cleared affected_engines (original preserved in affected_engines_original).""]"
water_pump_thermostat_leak,Plastic water pump or thermostat housing leak,Coolant Leak,cooling,fluid_leak,medium,high,"[""1.4_TSI"", ""1.8_TSI"", ""2.0_TSI"", ""2.0_TSI_R""]",,,Coolant leak from the plastic water pump or thermostat housing.,,,"[""Coolant leak"", ""Low coolant level""]",,1,1,"[{""video_id"": ""ADUK5PFB4k4"", ""title"": ""None"", ""channel"": ""None"", ""video_type_category"": ""None"", ""trim"": ""base""}]",youtube,medium,,1,"[""all_vw_golf_mk6""]","{""base"": 1}",1,base,0,False,"{""from_llm_year_phrase"": null, ""from_llm_year_parsed"": [], ""from_transcript_context"": [], ""from_source_video_titles"": [], ""from_engine_production_windows"": [""2008-2013""], ""from_model_scope_window"": [""2008-2013""], ""window_source"": ""engine"", ""content_combine_rule"": ""no_content"", ""confidence"": ""low"", ""fallback_window"": ""2008-2013"", ""fallback_window_source"": ""engine""}",,,,
window_regulator_failure,Window regulator failure,Window regulator,electrical,chronic_failure,low,medium,[],,,Power windows may not operate correctly.,Regulator mechanism failure,Replace window regulator,"[""Window stuck"", ""Grinding noises"", ""Slow operation""]",Test all power windows multiple times.,1,1,"[{""video_id"": ""Vz1j3JU8E6M"", ""title"": ""Buying a used VW Golf Mk 5 - 2003-2008, Common Issues, Buying advice / guide"", ""channel"": ""different car review"", ""video_type_category"": ""organic"", ""trim"": ""base""}]",youtube,low,Common wear item in many vehicles.,1,"[""all_vw_golf_mk6""]","{""base"": 1}",1,base,0,False,"{""from_llm_year_phrase"": null, ""from_llm_year_parsed"": [], ""from_transcript_context"": [], ""from_source_video_titles"": [""2008""], ""from_engine_production_windows"": [], ""from_model_scope_window"": [""2008-2013""], ""window_source"": ""model_window"", ""content_combine_rule"": ""title_only"", ""confidence"": ""medium"", ""triangulated"": ""2008""}",2008,,,
worn_camshafts_1_4,Worn camshafts on 1.4 engine,Camshaft Wear,engine,wear_item,high,medium,"[""1.4""]",,,Potential for increased wear and oil consumption if oil changes were neglected.,Insufficient or degraded engine oil leading to accelerated wear.,Inspect and replace worn camshafts and related components.,"[""Ticking noises from valve train"", ""Increased oil consumption""]",Check service history for regular oil changes; listen for valve train noise.,1,1,"[{""video_id"": ""Vz1j3JU8E6M"", ""title"": ""None"", ""channel"": ""None"", ""video_type_category"": ""None"", ""trim"": ""base""}]",youtube,medium,Specifically noted for the 1.4 engine; linked to maintenance history.,1,"[""all_vw_golf_mk6""]","{""base"": 1}",1,base,0,False,"{""from_llm_year_phrase"": null, ""from_llm_year_parsed"": [], ""from_transcript_context"": [], ""from_source_video_titles"": [""2008""], ""from_engine_production_windows"": [""2008-2013""], ""from_model_scope_window"": [""2008-2013""], ""window_source"": ""engine"", ""content_combine_rule"": ""title_only"", ""confidence"": ""medium"", ""triangulated"": ""2008""}",2008,,,
worn_steering_poles,Worn steering poles,Steering wear,suspension,wear_item,low,medium,[],,,Chassis makes a lot of cracking noises and steering feels vague.,Worn steering poles,,"[""Cracking noises from chassis"", ""Vague steering feel""]",Check steering components for play and listen for noises over bumps.,1,1,"[{""video_id"": ""CzWxijTPkHY"", ""title"": ""..."", ""channel"": ""..."", ""video_type_category"": ""..."", ""trim"": ""base""}]",youtube,medium,,1,"[""all_vw_golf_mk6""]","{""base"": 1}",1,base,0,False,"{""from_llm_year_phrase"": null, ""from_llm_year_parsed"": [], ""from_transcript_context"": [], ""from_source_video_titles"": [""2009"", ""2013""], ""from_engine_production_windows"": [""2009-2013""], ""from_model_scope_window"": [""2009-2013""], ""window_source"": ""engine"", ""content_combine_rule"": ""title_only"", ""confidence"": ""medium"", ""triangulated"": ""2009-2013""}",2009-2013,,"[""2.0_TSI_R""]","[""system_component=suspension is not engine-scoped; cleared affected_engines (original preserved in affected_engines_original).""]"
