issue_id,label,label_short,system_component,issue_type,severity,confidence,affected_engines,affected_years,onset_km_range,symptom,cause,fix,warning_signs,inspection_advice,mention_count,source_videos,source,data_quality,notes,merged_from_issue_ids,model_scope,distinct_channel_count,corroboration_count,trim_evidence,distinct_trim_count,dominant_trim,cross_trim_corroboration_count,trim_scope_warning,affected_years_evidence,affected_years_triangulated,affected_engines_original,_scope_notes
excessive_oil_consumption_1_2_tce,Excessive oil consumption leading to engine failure,Oil consumption,engine,chronic_failure,high,high,"[""0.9_TCE"", ""1.2_TCE"", ""1.6_TCE""]",,,"Engine consumes excessive oil, which can lead to catastrophic engine failure.",,,"[""Low oil level warnings"", ""Frequent need to top up oil"", ""High oil consumption"", ""Poor performance"", ""Smoke from exhaust""]",Check service history for oil consumption records and inspect for oil leaks or smoke from exhaust.,3,"[{""video_id"": ""Xsh3AZ8Jh3M"", ""title"": ""Buying a Used 4th Gen Clio? Problems"", ""channel"": ""Pit-Stop"", ""video_type_category"": ""organic"", ""trim"": ""base""}, {""video_id"": ""swiL9NgHvv0"", ""title"": ""Used Renault Clio 4 Reliability | Most Common Problems Faults and Issues"", ""channel"": ""AutoProblems"", ""video_type_category"": ""list_format"", ""trim"": ""base""}, {""video_id"": ""UszZ9nRlMuQ"", ""title"": ""Renault Clio IV (2012-2023) - how many problems does it have?"", ""channel"": """", ""video_type_category"": ""organic"", ""trim"": ""base""}]",youtube,medium,Specific to the 1.2 TCE engine; can be a severe issue if not monitored.,"[""carbon_deposits_excessive_oil_consumption"", ""excessive_oil_consumption"", ""excessive_oil_consumption_1_2_tce""]","[""all_renault_clio_mk4""]",3,3,"{""base"": 3}",1,base,0,False,"{""from_llm_year_phrase"": null, ""from_llm_year_parsed"": [], ""from_transcript_context"": [], ""from_source_video_titles"": [""2013-2019""], ""from_engine_production_windows"": [""2013-2019""], ""from_model_scope_window"": [""2013-2019""], ""window_source"": ""engine"", ""content_combine_rule"": ""title_only"", ""confidence"": ""medium"", ""triangulated"": ""2013-2019""}",2013-2019,,
suspension_firm_crashy_pre_2016,"Firm, crashy suspension on pre-update cars",Crashy suspension,suspension,structural,medium,high,[],pre-2016,,"Suspension is very firm and can become crashy over time, causing jolts over bumps.",Pre-update (Phase 1) suspension design.,Suspension update introduced in Phase 2 cars from 2016.,"[""Rattles and squeaks from suspension""]",Test drive on rough roads; check for rattles.,3,"[{""video_id"": ""vFVYN8VBBYk"", ""title"": ""Renault Clio RS: Worthy of the hype, or just another French flop?  | ReDriven"", ""channel"": ""ReDriven"", ""video_type_category"": ""organic"", ""trim"": ""base""}, {""video_id"": ""kfvntcEFbms"", ""title"": ""Renault Clio hatchback long-term test review"", ""channel"": """", ""video_type_category"": ""organic"", ""trim"": ""base""}, {""video_id"": ""v_86Cb2iHmM"", ""title"": ""New Renault Clio Review: Pay Less, Get MORE?!"", ""channel"": """", ""video_type_category"": ""organic"", ""trim"": ""base""}]",youtube,medium,"Rattles and squeaks may develop, especially on rough roads.",,"[""pre_facelift""]",3,3,"{""base"": 3}",1,base,0,False,"{""from_llm_year_phrase"": ""pre-2016"", ""from_llm_year_parsed"": [""2013-2016""], ""from_transcript_context"": [], ""from_source_video_titles"": [], ""from_engine_production_windows"": [""2013-2019""], ""from_model_scope_window"": [""2013-2019""], ""window_source"": ""engine"", ""content_combine_rule"": ""llm_phrase_only"", ""confidence"": ""medium"", ""triangulated"": ""2013-2016""}",2013-2016,"[""0.9_TCE"", ""1.2_TCE"", ""1.2_NA"", ""1.5_DCI""]","[""system_component=suspension is not engine-scoped; cleared affected_engines (original preserved in affected_engines_original).""]"
fuel_gauge_inaccuracy,Inaccurate fuel level gauge leading to empty,Fuel gauge fault,fuel,sensor_fault,medium,high,"[""all""]",,,"Fuel gauge shows incorrect level, often reading half a tank for a long time before suddenly indicating empty, leading to running out of fuel.",,Reprogramming can improve the situation.,"[""Erratic fuel gauge readings"", ""Unexpected low fuel warnings"", ""Gauge reads empty with fuel present"", ""Inconsistent readings""]",Monitor fuel gauge during test drive and compare with trip computer range if available.,2,"[{""video_id"": ""Xsh3AZ8Jh3M"", ""title"": ""Buying a Used 4th Gen Clio? Problems"", ""channel"": ""Pit-Stop"", ""video_type_category"": ""organic"", ""trim"": ""base""}, {""video_id"": ""swiL9NgHvv0"", ""title"": ""Used Renault Clio 4 Reliability | Most Common Problems Faults and Issues"", ""channel"": ""AutoProblems"", ""video_type_category"": ""list_format"", ""trim"": ""base""}]",youtube,medium,Can be a safety issue; may require fuel level sensor replacement.,,"[""all_renault_clio_mk4""]",2,2,"{""base"": 2}",1,base,0,False,"{""from_llm_year_phrase"": null, ""from_llm_year_parsed"": [], ""from_transcript_context"": [], ""from_source_video_titles"": [], ""from_engine_production_windows"": [], ""from_model_scope_window"": [""2013-2019""], ""window_source"": ""model_window"", ""content_combine_rule"": ""no_content"", ""confidence"": ""low"", ""fallback_window"": ""2013-2019"", ""fallback_window_source"": ""model_window""}",,,
wiper_motor_failure,Front and rear wiper motor failure,Wiper motor failure,electrical,chronic_failure,medium,high,[],,,Front and rear wiper motor failure.,,They need to be replaced.,"[""Slow or jerky wiper movement"", ""Wipers stopping mid-sweep"", ""Unusual noises"", ""Slow or stuck wipers"", ""Unusual motor noise"", ""Intermittent operation""]","Test all wiper speeds and functions, including rear wiper if equipped.",2,"[{""video_id"": ""Xsh3AZ8Jh3M"", ""title"": ""Buying a Used 4th Gen Clio? Problems"", ""channel"": ""Pit-Stop"", ""video_type_category"": ""organic"", ""trim"": ""base""}, {""video_id"": ""swiL9NgHvv0"", ""title"": ""Used Renault Clio 4 Reliability | Most Common Problems Faults and Issues"", ""channel"": ""AutoProblems"", ""video_type_category"": ""list_format"", ""trim"": ""base""}]",youtube,medium,Affects both front and rear wipers; replacement may be needed.,,"[""all_renault_clio_mk4""]",2,2,"{""base"": 2}",1,base,0,False,"{""from_llm_year_phrase"": null, ""from_llm_year_parsed"": [], ""from_transcript_context"": [], ""from_source_video_titles"": [], ""from_engine_production_windows"": [], ""from_model_scope_window"": [""2013-2019""], ""window_source"": ""model_window"", ""content_combine_rule"": ""no_content"", ""confidence"": ""low"", ""fallback_window"": ""2013-2019"", ""fallback_window_source"": ""model_window""}",,"[""all""]","[""system_component=electrical is not engine-scoped; cleared affected_engines (original preserved in affected_engines_original).""]"
1_2_tce_engine_reliability_issues,1.2 TCE engine reliability reputation,1.2 TCE reliability,engine,chronic_failure,high,medium,"[""1.2_TCE""]",,,Engine has a bad reputation for not being the most reliable.,,,[],,1,"[{""video_id"": ""NE7cMk-y5Hw"", ""title"": ""Here's Why the Clio 4 is the Last Real Clio Renault Ever Build! | Test Drive and Full Review"", ""channel"": """", ""video_type_category"": ""organic"", ""trim"": ""base""}]",youtube,medium,,,"[""all_renault_clio_mk4""]",1,1,"{""base"": 1}",1,base,0,False,"{""from_llm_year_phrase"": null, ""from_llm_year_parsed"": [], ""from_transcript_context"": [], ""from_source_video_titles"": [], ""from_engine_production_windows"": [""2013-2018""], ""from_model_scope_window"": [""2013-2018""], ""window_source"": ""engine"", ""content_combine_rule"": ""no_content"", ""confidence"": ""low"", ""fallback_window"": ""2013-2018"", ""fallback_window_source"": ""engine""}",,,
alloy_wheel_lacquer_failure_corrosion,Alloy wheel lacquer failure and corrosion,Wheel corrosion,body,structural,low,high,[],,,"The lacquer on the alloy wheels fails, leading to bubbling and corrosion underneath. The wheel rim/bead may also be distorted and not straight.",Lacquer failure allows corrosion to start underneath.,Complete removal of all lacquer and full wheel refurbishment. Distortion may require professional repair.,[],"Inspect alloy wheels for bubbling, peeling lacquer, and visible corrosion. Check for wheel runout or distortion.",1,"[{""video_id"": ""aLfOSCskTVI"", ""title"": ""Thought I Got a Bargain Renault Clio… Until This Happened!"", ""channel"": """", ""video_type_category"": ""organic"", ""trim"": ""base""}]",youtube,high,Merged issues: 'Alloy wheel lacquer failure and corrosion' and 'Alloy wheel bead distortion' as they are related wheel body defects from the same source.,,"[""all_renault_clio_mk4""]",1,1,"{""base"": 1}",1,base,0,False,"{""from_llm_year_phrase"": null, ""from_llm_year_parsed"": [], ""from_transcript_context"": [], ""from_source_video_titles"": [], ""from_engine_production_windows"": [], ""from_model_scope_window"": [""2013-2019""], ""window_source"": ""model_window"", ""content_combine_rule"": ""no_content"", ""confidence"": ""low"", ""fallback_window"": ""2013-2019"", ""fallback_window_source"": ""model_window""}",,,
body_interior_quality_issues,Body and interior quality issues,Interior quality,body,structural,low,medium,[],,,"Blanked out buttons on top spec, flimsy center console, hard armrests causing elbow ache, A-pillar and rear pillar blind spots.",,,"[""Flimsy console"", ""Hard armrests"", ""Blind spots""]","Check button blanks, console sturdiness, armrest comfort, and visibility.",1,"[{""video_id"": ""v_86Cb2iHmM"", ""title"": ""New Renault Clio Review: Pay Less, Get MORE?!"", ""channel"": """", ""video_type_category"": ""organic"", ""trim"": ""base""}]",youtube,medium,Multiple minor interior and visibility issues reported together.,,"[""all_renault_clio_mk4""]",1,1,"{""base"": 1}",1,base,0,False,"{""from_llm_year_phrase"": null, ""from_llm_year_parsed"": [], ""from_transcript_context"": [], ""from_source_video_titles"": [], ""from_engine_production_windows"": [""2013-2019""], ""from_model_scope_window"": [""2013-2019""], ""window_source"": ""engine"", ""content_combine_rule"": ""no_content"", ""confidence"": ""low"", ""fallback_window"": ""2013-2019"", ""fallback_window_source"": ""engine""}",,"[""0.9_TCE"", ""1.2_TCE"", ""1.2_NA"", ""1.5_DCI""]","[""system_component=body is not engine-scoped; cleared affected_engines (original preserved in affected_engines_original).""]"
boot_latch_confusion,Boot latch mechanism causes confusion,Boot latch design,body,other,low,medium,[],,,"Driver attempts to lift the boot by pulling the wrong part, causing strain and confusion.",Design of the boot latch and lifting mechanism is not intuitive.,,"[""Difficulty operating boot""]",Operate the boot release and lift mechanism to check for clarity.,1,"[{""video_id"": ""u8Pw4TVj9GU"", ""title"": ""Juliet drives the Renault Clio"", ""channel"": """", ""video_type_category"": ""organic"", ""trim"": ""base""}]",youtube,medium,,,"[""all_renault_clio_mk4""]",1,1,"{""base"": 1}",1,base,0,False,"{""from_llm_year_phrase"": null, ""from_llm_year_parsed"": [], ""from_transcript_context"": [], ""from_source_video_titles"": [], ""from_engine_production_windows"": [""2013-2019""], ""from_model_scope_window"": [""2013-2019""], ""window_source"": ""engine"", ""content_combine_rule"": ""no_content"", ""confidence"": ""low"", ""fallback_window"": ""2013-2019"", ""fallback_window_source"": ""engine""}",,"[""0.9_TCE""]","[""system_component=body is not engine-scoped; cleared affected_engines (original preserved in affected_engines_original).""]"
boot_lip_seat_snag,Boot lip and snaggy seat belts when folding seats,Boot lip issue,body,structural,low,medium,[],,,"When folding rear seats, there is a lip and snaggy seat belts.",,,[],,1,"[{""video_id"": ""v_86Cb2iHmM"", ""title"": ""New Renault Clio Review: Pay Less, Get MORE?!"", ""channel"": """", ""video_type_category"": ""organic"", ""trim"": ""base""}]",youtube,medium,,,"[""all_renault_clio_mk4""]",1,1,"{""base"": 1}",1,base,0,False,"{""from_llm_year_phrase"": null, ""from_llm_year_parsed"": [], ""from_transcript_context"": [], ""from_source_video_titles"": [], ""from_engine_production_windows"": [""2013-2019""], ""from_model_scope_window"": [""2013-2019""], ""window_source"": ""engine"", ""content_combine_rule"": ""no_content"", ""confidence"": ""low"", ""fallback_window"": ""2013-2019"", ""fallback_window_source"": ""engine""}",,"[""0.9_TCE"", ""1.2_TCE"", ""1.2_NA"", ""1.5_DCI""]","[""system_component=body is not engine-scoped; cleared affected_engines (original preserved in affected_engines_original).""]"
boot_lock_motor_failure,Boot locking electric motor malfunction,Boot lock failure,electrical,chronic_failure,medium,medium,[],,,Malfunction of boot locking electric motor prevents opening.,,It has to be replaced.,"[""Boot does not unlock with remote"", ""Motor buzzing sound"", ""Manual release required""]",Test boot opening with both remote and interior button.,1,"[{""video_id"": ""swiL9NgHvv0"", ""title"": ""Used Renault Clio 4 Reliability | Most Common Problems Faults and Issues"", ""channel"": ""AutoProblems"", ""video_type_category"": ""list_format"", ""trim"": ""base""}]",youtube,medium,,,"[""all_renault_clio_mk4""]",1,1,"{""base"": 1}",1,base,0,False,"{""from_llm_year_phrase"": null, ""from_llm_year_parsed"": [], ""from_transcript_context"": [], ""from_source_video_titles"": [], ""from_engine_production_windows"": [], ""from_model_scope_window"": [""2013-2019""], ""window_source"": ""model_window"", ""content_combine_rule"": ""no_content"", ""confidence"": ""low"", ""fallback_window"": ""2013-2019"", ""fallback_window_source"": ""model_window""}",,"[""all""]","[""system_component=electrical is not engine-scoped; cleared affected_engines (original preserved in affected_engines_original).""]"
center_windshield_visibility_limited,Center windshield visibility limited,Visibility obstruction,body,structural,low,medium,[],,,Visibility through the center of the windshield is limited due to camera housing.,,,[],,1,"[{""video_id"": ""v_86Cb2iHmM"", ""title"": ""New Renault Clio Review: Pay Less, Get MORE?!"", ""channel"": """", ""video_type_category"": ""organic"", ""trim"": ""base""}]",youtube,medium,,,"[""all_renault_clio_mk4""]",1,1,"{""base"": 1}",1,base,0,False,"{""from_llm_year_phrase"": null, ""from_llm_year_parsed"": [], ""from_transcript_context"": [], ""from_source_video_titles"": [], ""from_engine_production_windows"": [""2013-2019""], ""from_model_scope_window"": [""2013-2019""], ""window_source"": ""engine"", ""content_combine_rule"": ""no_content"", ""confidence"": ""low"", ""fallback_window"": ""2013-2019"", ""fallback_window_source"": ""engine""}",,"[""0.9_TCE"", ""1.2_TCE"", ""1.2_NA"", ""1.5_DCI""]","[""system_component=body is not engine-scoped; cleared affected_engines (original preserved in affected_engines_original).""]"
chrome_peeling,Chrome body elements peeling on initial models,Chrome peeling,body,structural,low,medium,[],initial models,,Peeling of the chrome elements on the body.,,,"[""Bubbling or flaking chrome trim""]",Visually inspect all exterior chrome trim for damage or peeling.,1,"[{""video_id"": ""swiL9NgHvv0"", ""title"": ""Used Renault Clio 4 Reliability | Most Common Problems Faults and Issues"", ""channel"": ""AutoProblems"", ""video_type_category"": ""list_format"", ""trim"": ""base""}]",youtube,medium,,,"[""all_renault_clio_mk4""]",1,1,"{""base"": 1}",1,base,0,False,"{""from_llm_year_phrase"": ""initial models"", ""from_llm_year_parsed"": [], ""from_transcript_context"": [], ""from_source_video_titles"": [], ""from_engine_production_windows"": [], ""from_model_scope_window"": [""2013-2019""], ""window_source"": ""model_window"", ""content_combine_rule"": ""no_content"", ""confidence"": ""low"", ""fallback_window"": ""2013-2019"", ""fallback_window_source"": ""model_window""}",,"[""all""]","[""system_component=body is not engine-scoped; cleared affected_engines (original preserved in affected_engines_original).""]"
coolant_distribution_unit_gasket_leak,Coolant distribution unit gasket leak,Coolant leak,cooling,fluid_leak,medium,medium,"[""0.9_TCE""]",,,Coolant leak from the distribution unit ports after engine installation.,Faulty or insufficient gasket sealing at the coolant distribution units.,Replace gaskets on the coolant distribution units.,[],,1,"[{""video_id"": ""JbrHwdpO98U"", ""title"": ""Can I Buy And Flip This Renault Clio For Profit? | Full Repair"", ""channel"": ""Cylinder One"", ""video_type_category"": ""organic"", ""trim"": ""base""}]",youtube,medium,,,"[""all_renault_clio_mk4""]",1,1,"{""base"": 1}",1,base,0,False,"{""from_llm_year_phrase"": null, ""from_llm_year_parsed"": [], ""from_transcript_context"": [], ""from_source_video_titles"": [], ""from_engine_production_windows"": [""2013-2019""], ""from_model_scope_window"": [""2013-2019""], ""window_source"": ""engine"", ""content_combine_rule"": ""no_content"", ""confidence"": ""low"", ""fallback_window"": ""2013-2019"", ""fallback_window_source"": ""engine""}",,,
crankshaft_bearing_wear,Crankshaft bearing wear,Bearing wear,engine,wear_item,high,medium,"[""1.5_DCI""]",,greater mileage,"Crankshaft bearings wear, especially in fleet cars.",,Prophylactic replacement recommended.,"[""Knocking noise from engine"", ""Low oil pressure"", ""Metal in oil""]",Check oil for metal particles and listen for engine knocking under load.,1,"[{""video_id"": ""UszZ9nRlMuQ"", ""title"": ""Renault Clio IV (2012-2023) - how many problems does it have?"", ""channel"": """", ""video_type_category"": ""organic"", ""trim"": ""base""}]",youtube,medium,More common in high-mileage or fleet vehicles.,,"[""all_renault_clio_mk4""]",1,1,"{""base"": 1}",1,base,0,False,"{""from_llm_year_phrase"": null, ""from_llm_year_parsed"": [], ""from_transcript_context"": [], ""from_source_video_titles"": [""2013-2019""], ""from_engine_production_windows"": [""2013-2019""], ""from_model_scope_window"": [""2013-2019""], ""window_source"": ""engine"", ""content_combine_rule"": ""title_only"", ""confidence"": ""medium"", ""triangulated"": ""2013-2019""}",2013-2019,,
cruise_control_ui_obscures_display,Cruise control activation obscures trip display,Cruise control UI,electrical,other,low,medium,[],,,"Activating cruise control takes over the dashboard display, hiding trip computer information unless manually scrolled through menus.",,,[],Check dashboard menu functionality with cruise control active.,1,"[{""video_id"": ""kfvntcEFbms"", ""title"": ""Renault Clio hatchback long-term test review"", ""channel"": """", ""video_type_category"": ""organic"", ""trim"": ""base""}]",youtube,medium,,,"[""all_renault_clio_mk4""]",1,1,"{""base"": 1}",1,base,0,False,"{""from_llm_year_phrase"": null, ""from_llm_year_parsed"": [], ""from_transcript_context"": [], ""from_source_video_titles"": [], ""from_engine_production_windows"": [""2013-2019""], ""from_model_scope_window"": [""2013-2019""], ""window_source"": ""engine"", ""content_combine_rule"": ""no_content"", ""confidence"": ""low"", ""fallback_window"": ""2013-2019"", ""fallback_window_source"": ""engine""}",,"[""0.9_TCE"", ""1.2_TCE"", ""1.2_NA"", ""1.5_DCI""]","[""system_component=electrical is not engine-scoped; cleared affected_engines (original preserved in affected_engines_original).""]"
dci_oil_consumption,1.5 DCI diesel engine oil consumption,DCI oil use,engine,chronic_failure,medium,medium,"[""1.5_DCI""]",,,Diesel engine consumes oil.,,,[],,1,"[{""video_id"": ""UszZ9nRlMuQ"", ""title"": ""Renault Clio IV (2012-2023) - how many problems does it have?"", ""channel"": """", ""video_type_category"": ""organic"", ""trim"": ""base""}]",youtube,medium,,,"[""diesel_only""]",1,1,"{""base"": 1}",1,base,0,False,"{""from_llm_year_phrase"": null, ""from_llm_year_parsed"": [], ""from_transcript_context"": [], ""from_source_video_titles"": [""2013-2019""], ""from_engine_production_windows"": [""2013-2019""], ""from_model_scope_window"": [""2013-2019""], ""window_source"": ""engine"", ""content_combine_rule"": ""title_only"", ""confidence"": ""medium"", ""triangulated"": ""2013-2019""}",2013-2019,,
diesel_front_noise,Noise from front of diesel engines,Diesel front noise,engine,noise,medium,medium,"[""1.5_DCI""]",,,Noise in the front of diesel engines.,,Replacing power blocks solves the problem.,"[""Unusual rattling or knocking from engine front""]",Listen for abnormal front-end engine noises during cold start and idle.,1,"[{""video_id"": ""swiL9NgHvv0"", ""title"": ""Used Renault Clio 4 Reliability | Most Common Problems Faults and Issues"", ""channel"": ""AutoProblems"", ""video_type_category"": ""list_format"", ""trim"": ""base""}]",youtube,medium,Fix mentions 'power blocks' – may refer to engine mounts or ancillary components.,,"[""diesel_only""]",1,1,"{""base"": 1}",1,base,0,False,"{""from_llm_year_phrase"": null, ""from_llm_year_parsed"": [], ""from_transcript_context"": [], ""from_source_video_titles"": [], ""from_engine_production_windows"": [""2013-2019""], ""from_model_scope_window"": [""2013-2019""], ""window_source"": ""engine"", ""content_combine_rule"": ""no_content"", ""confidence"": ""low"", ""fallback_window"": ""2013-2019"", ""fallback_window_source"": ""engine""}",,,
dual_mass_flywheel_failure,Dual mass flywheel failure,Flywheel failure,gearbox,wear_item,medium,medium,"[""1.2_TCE""]",,,Increased operating costs due to flywheel failure.,,Replacement (costs under $250).,"[""Vibration in clutch pedal"", ""Rattling noise at idle"", ""Difficulty shifting""]",Check for clutch vibration and unusual noises during idle.,1,"[{""video_id"": ""UszZ9nRlMuQ"", ""title"": ""Renault Clio IV (2012-2023) - how many problems does it have?"", ""channel"": """", ""video_type_category"": ""organic"", ""trim"": ""base""}]",youtube,medium,,,"[""all_renault_clio_mk4""]",1,1,"{""base"": 1}",1,base,0,False,"{""from_llm_year_phrase"": null, ""from_llm_year_parsed"": [], ""from_transcript_context"": [], ""from_source_video_titles"": [""2013-2019""], ""from_engine_production_windows"": [""2013-2018""], ""from_model_scope_window"": [""2013-2018""], ""window_source"": ""engine"", ""content_combine_rule"": ""title_only"", ""confidence"": ""medium"", ""triangulated"": ""2013-2018""}",2013-2018,,
edc_gearbox_control_problems,EDC gearbox control problems,EDC gearbox issues,gearbox,intermittent_fault,medium,medium,"[""1.2_TCE""]",,,Gearbox has control issues.,,Uploading new software often helps.,"[""Erratic shifting"", ""Gearbox warning light"", ""Delayed engagement""]",Test drive for smooth shifting and check for any gearbox fault codes.,1,"[{""video_id"": ""UszZ9nRlMuQ"", ""title"": ""Renault Clio IV (2012-2023) - how many problems does it have?"", ""channel"": """", ""video_type_category"": ""organic"", ""trim"": ""base""}]",youtube,medium,,,"[""all_renault_clio_mk4""]",1,1,"{""base"": 1}",1,base,0,False,"{""from_llm_year_phrase"": null, ""from_llm_year_parsed"": [], ""from_transcript_context"": [], ""from_source_video_titles"": [""2013-2019""], ""from_engine_production_windows"": [""2013-2018""], ""from_model_scope_window"": [""2013-2018""], ""window_source"": ""engine"", ""content_combine_rule"": ""title_only"", ""confidence"": ""medium"", ""triangulated"": ""2013-2018""}",2013-2018,,
engine_refinement_issues,Engine unrefined and lacks sixth gear,Refinement and gearing,engine,noise,low,medium,"[""0.9_TCE""]",,,"Engine sounds unrefined and struggles on hills, with noise intruding into the cabin. Manual transmission lacks a sixth gear, leading to attempted shifts into non-existent gear.",Design choice to use a five-speed manual transmission.,,"[""Excessive engine noise on inclines"", ""Missing sixth gear""]",Test drive on an incline and note engine noise and cruising RPM.,1,"[{""video_id"": ""u8Pw4TVj9GU"", ""title"": ""Juliet drives the Renault Clio"", ""channel"": """", ""video_type_category"": ""organic"", ""trim"": ""base""}]",youtube,medium,Merged related engine refinement and missing gear issues from the same source.,,"[""all_renault_clio_mk4""]",1,1,"{""base"": 1}",1,base,0,False,"{""from_llm_year_phrase"": null, ""from_llm_year_parsed"": [], ""from_transcript_context"": [], ""from_source_video_titles"": [], ""from_engine_production_windows"": [""2013-2019""], ""from_model_scope_window"": [""2013-2019""], ""window_source"": ""engine"", ""content_combine_rule"": ""no_content"", ""confidence"": ""low"", ""fallback_window"": ""2013-2019"", ""fallback_window_source"": ""engine""}",,,
exhaust_flange_nut_rounding,Exhaust flange nuts prone to rounding,Exhaust nut rounding,exhaust,wear_item,medium,medium,"[""0.9_TCE""]",,,"Exhaust flange nuts round off, making removal difficult.",,,"[""Difficulty removing exhaust during service"", ""Damaged nut heads""]",Check for signs of rounded nuts if exhaust work history is suspected.,1,"[{""video_id"": ""JbrHwdpO98U"", ""title"": ""Can I Buy And Flip This Renault Clio For Profit? | Full Repair"", ""channel"": ""Cylinder One"", ""video_type_category"": ""organic"", ""trim"": ""base""}]",youtube,medium,,,"[""all_renault_clio_mk4""]",1,1,"{""base"": 1}",1,base,0,False,"{""from_llm_year_phrase"": null, ""from_llm_year_parsed"": [], ""from_transcript_context"": [], ""from_source_video_titles"": [], ""from_engine_production_windows"": [""2013-2019""], ""from_model_scope_window"": [""2013-2019""], ""window_source"": ""engine"", ""content_combine_rule"": ""no_content"", ""confidence"": ""low"", ""fallback_window"": ""2013-2019"", ""fallback_window_source"": ""engine""}",,,
exhaust_manifold_turbo_integral_failure,Turbo and exhaust manifold integrated failure,Turbo/manifold failure,exhaust,chronic_failure,high,medium,"[""0.9_TCE""]",,,Turbocharger failure requires replacing the entire exhaust manifold assembly.,Turbocharger is integrated with the exhaust manifold as a single unit.,Replace the combined turbocharger and exhaust manifold assembly.,[],,1,"[{""video_id"": ""JbrHwdpO98U"", ""title"": ""Can I Buy And Flip This Renault Clio For Profit? | Full Repair"", ""channel"": ""Cylinder One"", ""video_type_category"": ""organic"", ""trim"": ""base""}]",youtube,medium,,,"[""all_renault_clio_mk4""]",1,1,"{""base"": 1}",1,base,0,False,"{""from_llm_year_phrase"": null, ""from_llm_year_parsed"": [], ""from_transcript_context"": [], ""from_source_video_titles"": [], ""from_engine_production_windows"": [""2013-2019""], ""from_model_scope_window"": [""2013-2019""], ""window_source"": ""engine"", ""content_combine_rule"": ""no_content"", ""confidence"": ""low"", ""fallback_window"": ""2013-2019"", ""fallback_window_source"": ""engine""}",,,
fragile_air_vent_controls,Fragile air vent control plastics break easily,Vent breakage,body,structural,low,medium,[],,,Air vent controls break easily if handled aggressively.,"Vents made from slightly less good, fragile plastics.",,"[""Loose or cracked vent slats"", ""Difficulty adjusting airflow""]",Check all air vents for damage or looseness during interior inspection.,1,"[{""video_id"": ""Xsh3AZ8Jh3M"", ""title"": ""Buying a Used 4th Gen Clio? Problems"", ""channel"": ""Pit-Stop"", ""video_type_category"": ""organic"", ""trim"": ""base""}]",youtube,medium,Build quality issue; mainly cosmetic but annoying.,,"[""all_renault_clio_mk4""]",1,1,"{""base"": 1}",1,base,0,False,"{""from_llm_year_phrase"": null, ""from_llm_year_parsed"": [], ""from_transcript_context"": [], ""from_source_video_titles"": [], ""from_engine_production_windows"": [], ""from_model_scope_window"": [""2013-2019""], ""window_source"": ""model_window"", ""content_combine_rule"": ""no_content"", ""confidence"": ""low"", ""fallback_window"": ""2013-2019"", ""fallback_window_source"": ""model_window""}",,"[""all""]","[""system_component=body is not engine-scoped; cleared affected_engines (original preserved in affected_engines_original).""]"
gearbox_bearing_failure,Gearbox bearing failure,Gearbox bearings,gearbox,chronic_failure,high,medium,"[""all""]",,,Bearings in the gearbox fail.,,,[],,1,"[{""video_id"": ""UszZ9nRlMuQ"", ""title"": ""Renault Clio IV (2012-2023) - how many problems does it have?"", ""channel"": """", ""video_type_category"": ""organic"", ""trim"": ""base""}]",youtube,medium,,,"[""all_renault_clio_mk4""]",1,1,"{""base"": 1}",1,base,0,False,"{""from_llm_year_phrase"": null, ""from_llm_year_parsed"": [], ""from_transcript_context"": [], ""from_source_video_titles"": [""2013-2019""], ""from_engine_production_windows"": [], ""from_model_scope_window"": [""2013-2019""], ""window_source"": ""model_window"", ""content_combine_rule"": ""title_only"", ""confidence"": ""medium"", ""triangulated"": ""2013-2019""}",2013-2019,,
gearbox_dowel_seizure,Gearbox sticks firmly on dowels during removal,Gearbox seizure,gearbox,other,medium,medium,"[""0.9_TCE""]",,,Gearbox remains firmly stuck on dowels and input shaft during removal.,,Requires prying and jiggling to separate from engine.,"[""Difficulty during clutch or gearbox service""]",Not typically a pre-purchase inspection item unless service history indicates recent transmission work.,1,"[{""video_id"": ""JbrHwdpO98U"", ""title"": ""Can I Buy And Flip This Renault Clio For Profit? | Full Repair"", ""channel"": ""Cylinder One"", ""video_type_category"": ""organic"", ""trim"": ""base""}]",youtube,medium,,,"[""all_renault_clio_mk4""]",1,1,"{""base"": 1}",1,base,0,False,"{""from_llm_year_phrase"": null, ""from_llm_year_parsed"": [], ""from_transcript_context"": [], ""from_source_video_titles"": [], ""from_engine_production_windows"": [""2013-2019""], ""from_model_scope_window"": [""2013-2019""], ""window_source"": ""engine"", ""content_combine_rule"": ""no_content"", ""confidence"": ""low"", ""fallback_window"": ""2013-2019"", ""fallback_window_source"": ""engine""}",,,
imprecise_manual_gearbox,Imprecise manual gear change,Imprecise shifting,gearbox,other,low,medium,"[""all""]",,since new,Manual gearbox is not very precise.,,,"[""Vague gear engagement"", ""Notchy shifting""]",Test drive to assess gearshift feel and precision.,1,"[{""video_id"": ""UszZ9nRlMuQ"", ""title"": ""Renault Clio IV (2012-2023) - how many problems does it have?"", ""channel"": """", ""video_type_category"": ""organic"", ""trim"": ""base""}]",youtube,medium,"Reported as a characteristic, not necessarily a failure.",,"[""all_renault_clio_mk4""]",1,1,"{""base"": 1}",1,base,0,False,"{""from_llm_year_phrase"": null, ""from_llm_year_parsed"": [], ""from_transcript_context"": [], ""from_source_video_titles"": [""2013-2019""], ""from_engine_production_windows"": [], ""from_model_scope_window"": [""2013-2019""], ""window_source"": ""model_window"", ""content_combine_rule"": ""title_only"", ""confidence"": ""medium"", ""triangulated"": ""2013-2019""}",2013-2019,,
infotainment_system_laggy_slow,Infotainment system laggy and slow,Infotainment lag,electrical,intermittent_fault,low,medium,[],,,The infotainment system graphics and speed are a bit laggy.,,,[],,1,"[{""video_id"": ""v_86Cb2iHmM"", ""title"": ""New Renault Clio Review: Pay Less, Get MORE?!"", ""channel"": """", ""video_type_category"": ""organic"", ""trim"": ""base""}]",youtube,medium,,,"[""all_renault_clio_mk4""]",1,1,"{""base"": 1}",1,base,0,False,"{""from_llm_year_phrase"": null, ""from_llm_year_parsed"": [], ""from_transcript_context"": [], ""from_source_video_titles"": [], ""from_engine_production_windows"": [""2013-2019""], ""from_model_scope_window"": [""2013-2019""], ""window_source"": ""engine"", ""content_combine_rule"": ""no_content"", ""confidence"": ""low"", ""fallback_window"": ""2013-2019"", ""fallback_window_source"": ""engine""}",,"[""0.9_TCE"", ""1.2_TCE"", ""1.2_NA"", ""1.5_DCI""]","[""system_component=electrical is not engine-scoped; cleared affected_engines (original preserved in affected_engines_original).""]"
infotainment_usb_audio_glitch,Media Nav system USB audio playback glitches,USB audio glitch,electrical,intermittent_fault,low,medium,[],,,"When an iPhone is connected via USB, audio from apps like Spotify often fails to play, and pausing or a phone call causes playback to reset to the first alphabetical track on the device.",,,"[""USB port low power output""]",Test USB audio playback with a phone.,1,"[{""video_id"": ""kfvntcEFbms"", ""title"": ""Renault Clio hatchback long-term test review"", ""channel"": """", ""video_type_category"": ""organic"", ""trim"": ""base""}]",youtube,medium,May be related to low power output from USB port.,,"[""all_renault_clio_mk4""]",1,1,"{""base"": 1}",1,base,0,False,"{""from_llm_year_phrase"": null, ""from_llm_year_parsed"": [], ""from_transcript_context"": [], ""from_source_video_titles"": [], ""from_engine_production_windows"": [""2013-2019""], ""from_model_scope_window"": [""2013-2019""], ""window_source"": ""engine"", ""content_combine_rule"": ""no_content"", ""confidence"": ""low"", ""fallback_window"": ""2013-2019"", ""fallback_window_source"": ""engine""}",,"[""0.9_TCE"", ""1.2_TCE"", ""1.2_NA"", ""1.5_DCI""]","[""system_component=electrical is not engine-scoped; cleared affected_engines (original preserved in affected_engines_original).""]"
intercooler_cold_pipe_failure,Plastic intercooler cold pipe failure,Intercooler pipe failure,engine,chronic_failure,high,high,"[""0.9_TCE"", ""1.2_TCE""]",,,"Complete loss of boost pressure, making the car undriveable.","Weak, multi-piece welded plastic pipe design fails under heat and pressure.","Replace with an aftermarket all-metal pipe (e.g., from Airtech).","[""Loss of power"", ""Boost pressure loss""]",Check plastic intercooler cold pipe for cracks or splits.,1,"[{""video_id"": ""pz13FrLBtU4"", ""title"": ""CHECK THESE MAJOR FAIL POINTS ON YOUR MK4 CLIO BEFORE ITS TOO LATE!!"", ""channel"": ""VersionOne"", ""video_type_category"": ""organic"", ""trim"": ""base""}]",youtube,medium,,,"[""all_renault_clio_mk4""]",1,1,"{""base"": 1}",1,base,0,False,"{""from_llm_year_phrase"": null, ""from_llm_year_parsed"": [], ""from_transcript_context"": [], ""from_source_video_titles"": [], ""from_engine_production_windows"": [""2013-2019""], ""from_model_scope_window"": [""2013-2019""], ""window_source"": ""engine"", ""content_combine_rule"": ""no_content"", ""confidence"": ""low"", ""fallback_window"": ""2013-2019"", ""fallback_window_source"": ""engine""}",,,
interior_chrome_trim_failure,Interior chrome trim failure,Chrome trim,body,wear_item,low,medium,[],,,The interior chrome trim/surround typically fails.,,,[],,1,"[{""video_id"": ""aLfOSCskTVI"", ""title"": ""Thought I Got a Bargain Renault Clio… Until This Happened!"", ""channel"": """", ""video_type_category"": ""organic"", ""trim"": ""base""}]",youtube,medium,,,"[""all_renault_clio_mk4""]",1,1,"{""base"": 1}",1,base,0,False,"{""from_llm_year_phrase"": null, ""from_llm_year_parsed"": [], ""from_transcript_context"": [], ""from_source_video_titles"": [], ""from_engine_production_windows"": [], ""from_model_scope_window"": [""2013-2019""], ""window_source"": ""model_window"", ""content_combine_rule"": ""no_content"", ""confidence"": ""low"", ""fallback_window"": ""2013-2019"", ""fallback_window_source"": ""model_window""}",,,
keyless_entry_sensor_intermittent_failure,Keyless entry sensor intermittent failure,Keyless entry fault,electrical,intermittent_fault,low,medium,[],,,"Pressing the button on the door handle to lock/unlock the car often does nothing, with no apparent pattern.",,,"[""Inconsistent locking/unlocking response"", ""Need to use key fob directly""]",Test keyless entry buttons on all door handles multiple times during inspection.,1,"[{""video_id"": ""kfvntcEFbms"", ""title"": ""Renault Clio hatchback long-term test review"", ""channel"": """", ""video_type_category"": ""organic"", ""trim"": ""base""}]",youtube,medium,Intermittent issue; may be related to sensor or wiring fault.,,"[""all_renault_clio_mk4""]",1,1,"{""base"": 1}",1,base,0,False,"{""from_llm_year_phrase"": null, ""from_llm_year_parsed"": [], ""from_transcript_context"": [], ""from_source_video_titles"": [], ""from_engine_production_windows"": [""2013-2019""], ""from_model_scope_window"": [""2013-2019""], ""window_source"": ""engine"", ""content_combine_rule"": ""no_content"", ""confidence"": ""low"", ""fallback_window"": ""2013-2019"", ""fallback_window_source"": ""engine""}",,"[""0.9_TCE"", ""1.2_TCE"", ""1.2_NA"", ""1.5_DCI""]","[""system_component=electrical is not engine-scoped; cleared affected_engines (original preserved in affected_engines_original).""]"
lower_coolant_hose_clip_corrosion,Coolant hose clip corrosion and failure,Coolant clip failure,cooling,fluid_leak,high,high,"[""0.9_TCE"", ""1.2_TCE"", ""1.2_NA"", ""1.5_DCI""]",,,Loss of all coolant from the lower radiator hose connection.,"Plastic clip corrodes and loosens or snaps, breaking the seal.","Replace with a jubilee clip, taking care not to overtighten.","[""Coolant loss"", ""Overheating""]",Inspect lower radiator hose clip for corrosion or damage.,1,"[{""video_id"": ""pz13FrLBtU4"", ""title"": ""CHECK THESE MAJOR FAIL POINTS ON YOUR MK4 CLIO BEFORE ITS TOO LATE!!"", ""channel"": ""VersionOne"", ""video_type_category"": ""organic"", ""trim"": ""base""}]",youtube,medium,,,"[""all_renault_clio_mk4""]",1,1,"{""base"": 1}",1,base,0,False,"{""from_llm_year_phrase"": null, ""from_llm_year_parsed"": [], ""from_transcript_context"": [], ""from_source_video_titles"": [], ""from_engine_production_windows"": [""2013-2019""], ""from_model_scope_window"": [""2013-2019""], ""window_source"": ""engine"", ""content_combine_rule"": ""no_content"", ""confidence"": ""low"", ""fallback_window"": ""2013-2019"", ""fallback_window_source"": ""engine""}",,,
manual_gearbox_issues,Manual gearbox clunky with vague clutch and throttle,Manual drivetrain feel,gearbox,other,low,medium,"[""0.9_TCE"", ""1.2_TCE"", ""1.2_NA"", ""1.5_DCI""]",,,"Five-speed gearbox shifts are clunky with wide gates. Clutch is light with little feel, easy to override. Throttle response is spongy.",,,"[""Vague gear shifts"", ""Light clutch pedal"", ""Delayed throttle response""]","Test gear changes, clutch engagement, and throttle response during test drive.",1,"[{""video_id"": ""fEtI9sperAA"", ""title"": ""New Dacia Sandero or Used Renault Clio: Which is better?"", ""channel"": """", ""video_type_category"": ""organic"", ""trim"": ""base""}]",youtube,medium,Merged from multiple related drivetrain feel issues in the same source.,,"[""all_renault_clio_mk4""]",1,1,"{""base"": 1}",1,base,0,False,"{""from_llm_year_phrase"": null, ""from_llm_year_parsed"": [], ""from_transcript_context"": [], ""from_source_video_titles"": [], ""from_engine_production_windows"": [""2013-2019""], ""from_model_scope_window"": [""2013-2019""], ""window_source"": ""engine"", ""content_combine_rule"": ""no_content"", ""confidence"": ""low"", ""fallback_window"": ""2013-2019"", ""fallback_window_source"": ""engine""}",,,
no_rear_usb_ports,No USB ports for rear passengers,No rear USB,electrical,structural,low,medium,[],,,There are no USB ports in the back for rear passengers.,,,[],,1,"[{""video_id"": ""v_86Cb2iHmM"", ""title"": ""New Renault Clio Review: Pay Less, Get MORE?!"", ""channel"": """", ""video_type_category"": ""organic"", ""trim"": ""base""}]",youtube,medium,,,"[""all_renault_clio_mk4""]",1,1,"{""base"": 1}",1,base,0,False,"{""from_llm_year_phrase"": null, ""from_llm_year_parsed"": [], ""from_transcript_context"": [], ""from_source_video_titles"": [], ""from_engine_production_windows"": [""2013-2019""], ""from_model_scope_window"": [""2013-2019""], ""window_source"": ""engine"", ""content_combine_rule"": ""no_content"", ""confidence"": ""low"", ""fallback_window"": ""2013-2019"", ""fallback_window_source"": ""engine""}",,"[""0.9_TCE"", ""1.2_TCE"", ""1.2_NA"", ""1.5_DCI""]","[""system_component=electrical is not engine-scoped; cleared affected_engines (original preserved in affected_engines_original).""]"
no_wipers_fault,Wipers not working,Wiper failure,electrical,intermittent_fault,medium,medium,[],,,Wipers stop working.,,,"[""Wipers stop intermittently"", ""No wiper movement""]",Test all wiper speeds and functions thoroughly.,1,"[{""video_id"": ""UszZ9nRlMuQ"", ""title"": ""Renault Clio IV (2012-2023) - how many problems does it have?"", ""channel"": """", ""video_type_category"": ""organic"", ""trim"": ""base""}]",youtube,medium,,,"[""all_renault_clio_mk4""]",1,1,"{""base"": 1}",1,base,0,False,"{""from_llm_year_phrase"": null, ""from_llm_year_parsed"": [], ""from_transcript_context"": [], ""from_source_video_titles"": [""2013-2019""], ""from_engine_production_windows"": [], ""from_model_scope_window"": [""2013-2019""], ""window_source"": ""model_window"", ""content_combine_rule"": ""title_only"", ""confidence"": ""medium"", ""triangulated"": ""2013-2019""}",2013-2019,"[""all""]","[""system_component=electrical is not engine-scoped; cleared affected_engines (original preserved in affected_engines_original).""]"
numerous_minor_electrical_faults,Numerous minor electrical faults,Electrical faults,electrical,intermittent_fault,low,medium,[],,,Car experiences numerous minor electrical faults.,,,[],,1,"[{""video_id"": ""UszZ9nRlMuQ"", ""title"": ""Renault Clio IV (2012-2023) - how many problems does it have?"", ""channel"": """", ""video_type_category"": ""organic"", ""trim"": ""base""}]",youtube,medium,,,"[""all_renault_clio_mk4""]",1,1,"{""base"": 1}",1,base,0,False,"{""from_llm_year_phrase"": null, ""from_llm_year_parsed"": [], ""from_transcript_context"": [], ""from_source_video_titles"": [""2013-2019""], ""from_engine_production_windows"": [], ""from_model_scope_window"": [""2013-2019""], ""window_source"": ""model_window"", ""content_combine_rule"": ""title_only"", ""confidence"": ""medium"", ""triangulated"": ""2013-2019""}",2013-2019,"[""all""]","[""system_component=electrical is not engine-scoped; cleared affected_engines (original preserved in affected_engines_original).""]"
r_link_infotainment_bugs_crashes,R-Link infotainment system bugs and crashes,Infotainment bugs,electrical,intermittent_fault,medium,medium,[],,,"Infotainment system is slow, crashes, has bugs, and can prevent use of climate controls.",,,"[""System freezes or reboots"", ""Unresponsive touchscreen"", ""Climate control inaccessible""]","Test the infotainment system thoroughly, including navigation, media, and climate functions, for responsiveness.",1,"[{""video_id"": ""Xsh3AZ8Jh3M"", ""title"": ""Buying a Used 4th Gen Clio? Problems"", ""channel"": ""Pit-Stop"", ""video_type_category"": ""organic"", ""trim"": ""base""}]",youtube,medium,Software reliability issue; may affect user experience significantly.,,"[""all_renault_clio_mk4""]",1,1,"{""base"": 1}",1,base,0,False,"{""from_llm_year_phrase"": null, ""from_llm_year_parsed"": [], ""from_transcript_context"": [], ""from_source_video_titles"": [], ""from_engine_production_windows"": [], ""from_model_scope_window"": [""2013-2019""], ""window_source"": ""model_window"", ""content_combine_rule"": ""no_content"", ""confidence"": ""low"", ""fallback_window"": ""2013-2019"", ""fallback_window_source"": ""model_window""}",,"[""all""]","[""system_component=electrical is not engine-scoped; cleared affected_engines (original preserved in affected_engines_original).""]"
rear_seat_space_tight,Tight knee and shoulder room in rear seats,Tight rear space,body,structural,low,medium,[],,,"Knee room and shoulder room in the rear seats are quite tight, especially with three passengers.",,,[],,1,"[{""video_id"": ""v_86Cb2iHmM"", ""title"": ""New Renault Clio Review: Pay Less, Get MORE?!"", ""channel"": """", ""video_type_category"": ""organic"", ""trim"": ""base""}]",youtube,medium,Merged from 'tight_rear_knee_room' and 'tight_rear_shoulder_room' issues.,,"[""all_renault_clio_mk4""]",1,1,"{""base"": 1}",1,base,0,False,"{""from_llm_year_phrase"": null, ""from_llm_year_parsed"": [], ""from_transcript_context"": [], ""from_source_video_titles"": [], ""from_engine_production_windows"": [""2013-2019""], ""from_model_scope_window"": [""2013-2019""], ""window_source"": ""engine"", ""content_combine_rule"": ""no_content"", ""confidence"": ""low"", ""fallback_window"": ""2013-2019"", ""fallback_window_source"": ""engine""}",,"[""0.9_TCE"", ""1.2_TCE"", ""1.2_NA"", ""1.5_DCI""]","[""system_component=body is not engine-scoped; cleared affected_engines (original preserved in affected_engines_original).""]"
rlink_system_malfunction,R-Link system malfunction,R-Link fault,electrical,intermittent_fault,medium,medium,[],initial models,,"Problematic functioning of the R-Link system, inactivity or low functioning.",,"Often solved by reprogramming, sometimes replacement of entire system.","[""System freezing"", ""Unresponsive screen""]","Test all R-Link functions, including navigation and media.",1,"[{""video_id"": ""swiL9NgHvv0"", ""title"": ""Used Renault Clio 4 Reliability | Most Common Problems Faults and Issues"", ""channel"": ""AutoProblems"", ""video_type_category"": ""list_format"", ""trim"": ""base""}]",youtube,medium,,,"[""all_renault_clio_mk4""]",1,1,"{""base"": 1}",1,base,0,False,"{""from_llm_year_phrase"": ""initial models"", ""from_llm_year_parsed"": [], ""from_transcript_context"": [], ""from_source_video_titles"": [], ""from_engine_production_windows"": [], ""from_model_scope_window"": [""2013-2019""], ""window_source"": ""model_window"", ""content_combine_rule"": ""no_content"", ""confidence"": ""low"", ""fallback_window"": ""2013-2019"", ""fallback_window_source"": ""model_window""}",,"[""all""]","[""system_component=electrical is not engine-scoped; cleared affected_engines (original preserved in affected_engines_original).""]"
start_stop_battery_drain,Start-stop system causes frequent battery drain,Battery drain,electrical,chronic_failure,medium,medium,[],,,Batteries get used up and die frequently due to the start-stop system.,Start-stop system does not work quite like it should.,Shut the start-stop system off.,"[""Frequent need for jump-starts"", ""Battery warning light"", ""Start-stop inoperative""]",Check battery age and health; verify start-stop function during test drive.,1,"[{""video_id"": ""Xsh3AZ8Jh3M"", ""title"": ""Buying a Used 4th Gen Clio? Problems"", ""channel"": ""Pit-Stop"", ""video_type_category"": ""organic"", ""trim"": ""base""}]",youtube,medium,Common with many start-stop systems; consider battery replacement with AGM type.,,"[""all_renault_clio_mk4""]",1,1,"{""base"": 1}",1,base,0,False,"{""from_llm_year_phrase"": null, ""from_llm_year_parsed"": [], ""from_transcript_context"": [], ""from_source_video_titles"": [], ""from_engine_production_windows"": [], ""from_model_scope_window"": [""2013-2019""], ""window_source"": ""model_window"", ""content_combine_rule"": ""no_content"", ""confidence"": ""low"", ""fallback_window"": ""2013-2019"", ""fallback_window_source"": ""model_window""}",,"[""all""]","[""system_component=electrical is not engine-scoped; cleared affected_engines (original preserved in affected_engines_original).""]"
starter_failure,"Starter motor failure, especially in winter",Starter failure,electrical,chronic_failure,high,medium,[],,,"Starters being fried, especially in winter.",Freezing or water entering.,,"[""Slow cranking"", ""Clicking noise when starting"", ""No start in cold weather""]",Test cold start performance and listen for unusual starter noises.,1,"[{""video_id"": ""swiL9NgHvv0"", ""title"": ""Used Renault Clio 4 Reliability | Most Common Problems Faults and Issues"", ""channel"": ""AutoProblems"", ""video_type_category"": ""list_format"", ""trim"": ""base""}]",youtube,medium,,,"[""all_renault_clio_mk4""]",1,1,"{""base"": 1}",1,base,0,False,"{""from_llm_year_phrase"": null, ""from_llm_year_parsed"": [], ""from_transcript_context"": [], ""from_source_video_titles"": [], ""from_engine_production_windows"": [], ""from_model_scope_window"": [""2013-2019""], ""window_source"": ""model_window"", ""content_combine_rule"": ""no_content"", ""confidence"": ""low"", ""fallback_window"": ""2013-2019"", ""fallback_window_source"": ""model_window""}",,"[""all""]","[""system_component=electrical is not engine-scoped; cleared affected_engines (original preserved in affected_engines_original).""]"
starter_motor_water_ingress_freezing,Starter motor water ingress causing no-start in cold,Starter motor failure,electrical,intermittent_fault,medium,medium,[],,,Car fails to start in cold weather due to water seeping into and freezing in the starter motor.,Water ingress into the starter motor.,,"[""Intermittent starting issues in damp or cold conditions"", ""Unusual noises from starter""]","Inspect starter motor location for signs of water exposure or corrosion, especially in winter.",1,"[{""video_id"": ""Xsh3AZ8Jh3M"", ""title"": ""Buying a Used 4th Gen Clio? Problems"", ""channel"": ""Pit-Stop"", ""video_type_category"": ""organic"", ""trim"": ""base""}]",youtube,medium,Affects all engines; more prevalent in colder climates.,,"[""all_renault_clio_mk4""]",1,1,"{""base"": 1}",1,base,0,False,"{""from_llm_year_phrase"": null, ""from_llm_year_parsed"": [], ""from_transcript_context"": [], ""from_source_video_titles"": [], ""from_engine_production_windows"": [], ""from_model_scope_window"": [""2013-2019""], ""window_source"": ""model_window"", ""content_combine_rule"": ""no_content"", ""confidence"": ""low"", ""fallback_window"": ""2013-2019"", ""fallback_window_source"": ""model_window""}",,"[""all""]","[""system_component=electrical is not engine-scoped; cleared affected_engines (original preserved in affected_engines_original).""]"
steering_column_knock,Steering column knock or clunk,Steering knock,suspension,noise,medium,medium,[],,,A knocking or clunking sound is heard from the steering column.,,Replacement of the steering column or rack (mentioned as already done but issue persists).,[],,1,"[{""video_id"": ""aLfOSCskTVI"", ""title"": ""Thought I Got a Bargain Renault Clio… Until This Happened!"", ""channel"": """", ""video_type_category"": ""organic"", ""trim"": ""base""}]",youtube,medium,,,"[""all_renault_clio_mk4""]",1,1,"{""base"": 1}",1,base,0,False,"{""from_llm_year_phrase"": null, ""from_llm_year_parsed"": [], ""from_transcript_context"": [], ""from_source_video_titles"": [], ""from_engine_production_windows"": [], ""from_model_scope_window"": [""2013-2019""], ""window_source"": ""model_window"", ""content_combine_rule"": ""no_content"", ""confidence"": ""low"", ""fallback_window"": ""2013-2019"", ""fallback_window_source"": ""model_window""}",,,
stop_start_malfunction,Stop-start system does not work,Stop-start fault,electrical,intermittent_fault,low,medium,[],,,Stop-start does not work or has difficulty restarting.,,,"[""System warning light"", ""Engine does not auto-stop at lights""]",Test stop-start function during a test drive.,1,"[{""video_id"": ""swiL9NgHvv0"", ""title"": ""Used Renault Clio 4 Reliability | Most Common Problems Faults and Issues"", ""channel"": ""AutoProblems"", ""video_type_category"": ""list_format"", ""trim"": ""base""}]",youtube,medium,,,"[""all_renault_clio_mk4""]",1,1,"{""base"": 1}",1,base,0,False,"{""from_llm_year_phrase"": null, ""from_llm_year_parsed"": [], ""from_transcript_context"": [], ""from_source_video_titles"": [], ""from_engine_production_windows"": [], ""from_model_scope_window"": [""2013-2019""], ""window_source"": ""model_window"", ""content_combine_rule"": ""no_content"", ""confidence"": ""low"", ""fallback_window"": ""2013-2019"", ""fallback_window_source"": ""model_window""}",,"[""all""]","[""system_component=electrical is not engine-scoped; cleared affected_engines (original preserved in affected_engines_original).""]"
suspension_noise_rough_roads,Excessive suspension noise on damaged roads,Suspension noise,suspension,noise,low,medium,[],,,Excessive noise from the suspension when driving on damaged roads.,,May require spending money on new suspension components.,"[""Clunking or rattling over bumps"", ""Reduced ride comfort""]",Test drive on rough surfaces to listen for unusual noises and inspect suspension bushings and joints.,1,"[{""video_id"": ""Xsh3AZ8Jh3M"", ""title"": ""Buying a Used 4th Gen Clio? Problems"", ""channel"": ""Pit-Stop"", ""video_type_category"": ""organic"", ""trim"": ""base""}]",youtube,medium,Common wear issue; not necessarily a critical failure.,,"[""all_renault_clio_mk4""]",1,1,"{""base"": 1}",1,base,0,False,"{""from_llm_year_phrase"": null, ""from_llm_year_parsed"": [], ""from_transcript_context"": [], ""from_source_video_titles"": [], ""from_engine_production_windows"": [], ""from_model_scope_window"": [""2013-2019""], ""window_source"": ""model_window"", ""content_combine_rule"": ""no_content"", ""confidence"": ""low"", ""fallback_window"": ""2013-2019"", ""fallback_window_source"": ""model_window""}",,"[""all""]","[""system_component=suspension is not engine-scoped; cleared affected_engines (original preserved in affected_engines_original).""]"
timing_belt_replacement_interval,Timing belt replacement at 60k miles or 5 years,Timing belt interval,engine,wear_item,high,high,"[""1.2_TCE"", ""1.5_DCI""]",,96000 km,"Timing belt requires replacement at 5 years or 60,000 miles.",Scheduled maintenance interval for belt-driven engines.,Replace timing belt at specified interval.,"[""Squealing noises from engine"", ""Visible belt wear or cracking""]","Check service history for timing belt replacement; if unsure, assume it needs doing and factor cost.",1,"[{""video_id"": ""xCj4akEF9KE"", ""title"": ""Used Car Review: Renault Clio"", ""channel"": ""CarGurus UK"", ""video_type_category"": ""organic"", ""trim"": ""base""}]",youtube,high,Critical maintenance item; failure can cause severe engine damage. Applies to belt-driven engines (1.2 TCE and 1.5 DCI).,,"[""all_renault_clio_mk4""]",1,1,"{""base"": 1}",1,base,0,False,"{""from_llm_year_phrase"": null, ""from_llm_year_parsed"": [], ""from_transcript_context"": [], ""from_source_video_titles"": [], ""from_engine_production_windows"": [""2013-2019""], ""from_model_scope_window"": [""2013-2019""], ""window_source"": ""engine"", ""content_combine_rule"": ""no_content"", ""confidence"": ""low"", ""fallback_window"": ""2013-2019"", ""fallback_window_source"": ""engine""}",,,
timing_chain_jump_engine_lockup,Timing chain jump causing engine lockup,Timing chain failure,engine,chronic_failure,high,medium,"[""0.9_TCE""]",,,"Engine locks up, likely due to pistons contacting valves.","Timing chain jumped, causing piston-to-valve interference.",Engine replacement required.,[],,1,"[{""video_id"": ""JbrHwdpO98U"", ""title"": ""Can I Buy And Flip This Renault Clio For Profit? | Full Repair"", ""channel"": ""Cylinder One"", ""video_type_category"": ""organic"", ""trim"": ""base""}]",youtube,medium,,,"[""all_renault_clio_mk4""]",1,1,"{""base"": 1}",1,base,0,False,"{""from_llm_year_phrase"": null, ""from_llm_year_parsed"": [], ""from_transcript_context"": [], ""from_source_video_titles"": [], ""from_engine_production_windows"": [""2013-2019""], ""from_model_scope_window"": [""2013-2019""], ""window_source"": ""engine"", ""content_combine_rule"": ""no_content"", ""confidence"": ""low"", ""fallback_window"": ""2013-2019"", ""fallback_window_source"": ""engine""}",,,
timing_chain_stretch,Stretching timing chain,Timing chain stretch,engine,wear_item,high,medium,"[""1.2_TCE""]",,,"Timing chain stretches, requiring diagnosis.",,Diagnosis and likely replacement.,"[""Rattling noise from engine"", ""Check engine light"", ""Poor timing""]",Listen for timing chain rattle at startup and during operation.,1,"[{""video_id"": ""UszZ9nRlMuQ"", ""title"": ""Renault Clio IV (2012-2023) - how many problems does it have?"", ""channel"": """", ""video_type_category"": ""organic"", ""trim"": ""base""}]",youtube,medium,,,"[""all_renault_clio_mk4""]",1,1,"{""base"": 1}",1,base,0,False,"{""from_llm_year_phrase"": null, ""from_llm_year_parsed"": [], ""from_transcript_context"": [], ""from_source_video_titles"": [""2013-2019""], ""from_engine_production_windows"": [""2013-2018""], ""from_model_scope_window"": [""2013-2018""], ""window_source"": ""engine"", ""content_combine_rule"": ""title_only"", ""confidence"": ""medium"", ""triangulated"": ""2013-2018""}",2013-2018,,
touchscreen_volume_controls,Touchscreen volume controls lack physical buttons,Touchscreen controls,electrical,other,low,high,[],,,"Volume controls are touch-sensitive rather than physical buttons, which is irritating.",Design choice to use touchscreen interface for controls.,,"[""Difficulty adjusting volume while driving""]",Test touchscreen responsiveness and ease of use for basic controls.,1,"[{""video_id"": ""u8Pw4TVj9GU"", ""title"": ""Juliet drives the Renault Clio"", ""channel"": """", ""video_type_category"": ""organic"", ""trim"": ""base""}]",youtube,high,"Design annoyance, not a mechanical failure.",,"[""all_renault_clio_mk4""]",1,1,"{""base"": 1}",1,base,0,False,"{""from_llm_year_phrase"": null, ""from_llm_year_parsed"": [], ""from_transcript_context"": [], ""from_source_video_titles"": [], ""from_engine_production_windows"": [""2013-2019""], ""from_model_scope_window"": [""2013-2019""], ""window_source"": ""engine"", ""content_combine_rule"": ""no_content"", ""confidence"": ""low"", ""fallback_window"": ""2013-2019"", ""fallback_window_source"": ""engine""}",,"[""0.9_TCE""]","[""system_component=electrical is not engine-scoped; cleared affected_engines (original preserved in affected_engines_original).""]"
usb_port_low_power,Dashboard USB port low power output,USB low power,electrical,chronic_failure,low,medium,[],,,The USB port does not provide enough power to charge a phone while it is being used for music or navigation.,,Using an external battery pack to charge the phone.,[],Test phone charging while using navigation.,1,"[{""video_id"": ""kfvntcEFbms"", ""title"": ""Renault Clio hatchback long-term test review"", ""channel"": """", ""video_type_category"": ""organic"", ""trim"": ""base""}]",youtube,medium,,,"[""all_renault_clio_mk4""]",1,1,"{""base"": 1}",1,base,0,False,"{""from_llm_year_phrase"": null, ""from_llm_year_parsed"": [], ""from_transcript_context"": [], ""from_source_video_titles"": [], ""from_engine_production_windows"": [""2013-2019""], ""from_model_scope_window"": [""2013-2019""], ""window_source"": ""engine"", ""content_combine_rule"": ""no_content"", ""confidence"": ""low"", ""fallback_window"": ""2013-2019"", ""fallback_window_source"": ""engine""}",,"[""0.9_TCE"", ""1.2_TCE"", ""1.2_NA"", ""1.5_DCI""]","[""system_component=electrical is not engine-scoped; cleared affected_engines (original preserved in affected_engines_original).""]"
warning_lights_systems_freezing,Warning lights on or systems freezing,Electrical glitches,electrical,intermittent_fault,medium,medium,[],,,Warning lights come on or systems freeze.,,,"[""Warning lights illuminate"", ""Infotainment/system freeze""]",Check for any stored error codes and test all electronic systems.,1,"[{""video_id"": ""UszZ9nRlMuQ"", ""title"": ""Renault Clio IV (2012-2023) - how many problems does it have?"", ""channel"": """", ""video_type_category"": ""organic"", ""trim"": ""base""}]",youtube,medium,,,"[""all_renault_clio_mk4""]",1,1,"{""base"": 1}",1,base,0,False,"{""from_llm_year_phrase"": null, ""from_llm_year_parsed"": [], ""from_transcript_context"": [], ""from_source_video_titles"": [""2013-2019""], ""from_engine_production_windows"": [], ""from_model_scope_window"": [""2013-2019""], ""window_source"": ""model_window"", ""content_combine_rule"": ""title_only"", ""confidence"": ""medium"", ""triangulated"": ""2013-2019""}",2013-2019,"[""all""]","[""system_component=electrical is not engine-scoped; cleared affected_engines (original preserved in affected_engines_original).""]"
wind_noise_side_window,Wind noise around side window,Wind noise,body,noise,low,medium,[],,,Intense wind noise around the side window.,Poor finishing of the ceiling elements.,,"[""Whistling noise at speed""]",Listen for wind noise during a test drive at highway speeds.,1,"[{""video_id"": ""swiL9NgHvv0"", ""title"": ""Used Renault Clio 4 Reliability | Most Common Problems Faults and Issues"", ""channel"": ""AutoProblems"", ""video_type_category"": ""list_format"", ""trim"": ""base""}]",youtube,medium,,,"[""all_renault_clio_mk4""]",1,1,"{""base"": 1}",1,base,0,False,"{""from_llm_year_phrase"": null, ""from_llm_year_parsed"": [], ""from_transcript_context"": [], ""from_source_video_titles"": [], ""from_engine_production_windows"": [], ""from_model_scope_window"": [""2013-2019""], ""window_source"": ""model_window"", ""content_combine_rule"": ""no_content"", ""confidence"": ""low"", ""fallback_window"": ""2013-2019"", ""fallback_window_source"": ""model_window""}",,"[""all""]","[""system_component=body is not engine-scoped; cleared affected_engines (original preserved in affected_engines_original).""]"
wireless_charger_warning_persistence,Wireless charger warning repeats unnecessarily,Charger warning,electrical,other,low,high,[],,,Warning message about placing non-charging items in the wireless charger pad appears every time without a dismiss option.,Software design lacking a 'do not show again' option.,,"[""Persistent warning message on display""]",Test wireless charger function and observe warning behavior.,1,"[{""video_id"": ""u8Pw4TVj9GU"", ""title"": ""Juliet drives the Renault Clio"", ""channel"": """", ""video_type_category"": ""organic"", ""trim"": ""base""}]",youtube,high,"Software annoyance, not a functional fault.",,"[""all_renault_clio_mk4""]",1,1,"{""base"": 1}",1,base,0,False,"{""from_llm_year_phrase"": null, ""from_llm_year_parsed"": [], ""from_transcript_context"": [], ""from_source_video_titles"": [], ""from_engine_production_windows"": [""2013-2019""], ""from_model_scope_window"": [""2013-2019""], ""window_source"": ""engine"", ""content_combine_rule"": ""no_content"", ""confidence"": ""low"", ""fallback_window"": ""2013-2019"", ""fallback_window_source"": ""engine""}",,"[""0.9_TCE""]","[""system_component=electrical is not engine-scoped; cleared affected_engines (original preserved in affected_engines_original).""]"
