issue_id,label,label_short,system_component,issue_type,severity,confidence,affected_engines,affected_years,onset_km_range,symptom,cause,fix,warning_signs,inspection_advice,mention_count,distinct_channel_count,source_videos,source,data_quality,notes,corroboration_count
front_wings_rust,Rust on front wings and wheel arches,Front wing rust,body,structural,medium,high,"[""1.9_TDI""]",,,"Rust develops on the front wings and wheel arches, likely due to vibration from the engine.",Corrosion accelerated by vibration and road debris.,"Repair or replace rusted panels, apply anti-corrosion treatment.","[""Visible rust bubbles on front wings"", ""Paint flaking near wheel arches""]","Check front wings and inner wheel arches thoroughly for rust, especially on diesel models.",2,1,"[{""video_id"": ""15xeRnfHvS8"", ""title"": ""..."", ""channel"": ""..."", ""video_type_category"": ""...""}, {""video_id"": ""actmbuVmHeA"", ""title"": ""..."", ""channel"": ""..."", ""video_type_category"": ""...""}]",youtube,medium,Merged from 'Rust on front wings' and 'Rusty front wheel arches'.,2
front_wings_rust,Rust on front wings and wheel arches,Front wing rust,body,structural,medium,high,"[""1.9_TDI""]",,,"Rust develops on the front wings and wheel arches, likely due to vibration from the engine.",Corrosion accelerated by vibration and road debris.,"Repair or replace rusted panels, apply anti-corrosion treatment.","[""Visible rust bubbles on front wings"", ""Paint flaking near wheel arches""]","Check front wings and inner wheel arches thoroughly for rust, especially on diesel models.",2,1,"[{""video_id"": ""15xeRnfHvS8"", ""title"": ""..."", ""channel"": ""..."", ""video_type_category"": ""...""}, {""video_id"": ""actmbuVmHeA"", ""title"": ""..."", ""channel"": ""..."", ""video_type_category"": ""...""}]",youtube,medium,Merged from 'Rust on front wings' and 'Rusty front wheel arches'.,2
fsi_carbon_buildup_intake_valves,FSI engine carbon buildup on intake valves,Carbon Buildup,engine,chronic_failure,medium,high,"[""1.4_FSI"", ""1.6_FSI"", ""2.0_FSI""]",,,Engine runs lean off idle and is down on power.,Direct injection design leads to carbon deposits on intake valves.,Walnut blasting or chemical cleaning of intake valves.,"[""Rough idle"", ""Loss of power"", ""Poor fuel economy""]",Check for rough idle and consider a borescope inspection of intake valves.,2,1,"[{""video_id"": ""Vz1j3JU8E6M"", ""title"": ""..."", ""channel"": ""..."", ""video_type_category"": ""...""}, {""video_id"": ""DsTJ1tT2OH0"", ""title"": ""..."", ""channel"": ""..."", ""video_type_category"": ""...""}]",youtube,medium,Common to all direct injection FSI engines. Merged with general carbon/oil consumption for 1.4.,2
bonnet_catch_sticking,Secondary bonnet catch sticks,Bonnet catch sticking,body,structural,medium,high,"[""1.4"", ""1.4_FSI"", ""1.4_TSI"", ""1.6"", ""1.6_FSI"", ""1.9_TDI"", ""2.0_FSI"", ""2.0_SDI"", ""2.0_TDI_PD"", ""2.0_TFSI"", ""3.2_R32""]",,,"The secondary bonnet catch sticks, preventing proper closure or requiring a tool to open.",,,[],Check bonnet catch operation during inspection.,1,1,"[{""video_id"": ""NJuwqd10jpk"", ""title"": ""..."", ""channel"": ""..."", ""video_type_category"": ""...""}]",youtube,medium,,1
timing_chain_tensioner_failure,Timing chain tensioner failure and oil dependency,Timing chain failure,engine,chronic_failure,high,high,"[""1.4_TSI""]",,,"Timing chain stretches and can jump, potentially causing catastrophic engine failure. Low oil level prevents the timing chain tensioner from working correctly, leading to chain slack.",Tensioner design failure and low oil level.,"Replace timing chain and tensioner with updated parts, maintain proper oil level.","[""Timing chain rattle on startup""]",Listen for timing chain rattle at startup; check service history for tensioner replacement.,1,1,"[{""video_id"": ""V3O6BHi2-pg"", ""title"": ""..."", ""channel"": ""..."", ""video_type_category"": ""...""}]",youtube,medium,Merged from 'timing_chain_tensioner_failure' and 'oil_dependency_tensioner_operation' as related causes.,1
ac_compressor_pulley_damper_failure,AC compressor pulley rubber damper failure,AC pulley failure,cooling,wear_item,medium,high,"[""1.9_TDI""]",,,"Air conditioning stops working despite the system having gas and the compressor clutch receiving power, because the pulley's rubber damper has broken, disconnecting the belt drive from the compressor.",Rubber damper in AC compressor pulley degrades and fails.,Replace AC compressor pulley or entire compressor.,"[""AC not blowing cold"", ""Unusual noise from AC compressor area""]",Check AC operation and listen for compressor noise.,1,1,"[{""video_id"": ""xL3gtwtSCLQ"", ""title"": ""..."", ""channel"": ""..."", ""video_type_category"": ""...""}]",youtube,medium,,1
early_cars_rust,Rust on wheel arches,Wheel arch rust,body,structural,medium,high,"[""1.4"", ""1.4_FSI"", ""1.4_TSI"", ""1.6"", ""1.6_FSI"", ""1.9_TDI"", ""2.0_FSI"", ""2.0_SDI"", ""2.0_TDI_PD"", ""2.0_TFSI"", ""3.2_R32""]",very early cars,,Body rust appears on the wheel arches.,,Body repair and rust treatment.,[],Inspect wheel arches and underbody for rust.,1,1,"[{""video_id"": ""NJuwqd10jpk"", ""title"": ""..."", ""channel"": ""..."", ""video_type_category"": ""...""}]",youtube,medium,,1
turbo_vanes_clogging,Turbo vane clogging from carbon,Turbo clogging,engine,chronic_failure,high,high,"[""1.9_TDI""]",,,Turbo cuts out at speed due to carbon and sediment clogging the variable vane mechanism.,Carbon and sediment buildup in turbo variable vanes.,Turbo cleaning or replacement.,"[""Loss of power at high speed"", ""Turbo lag""]",Check for turbo performance and any fault codes.,1,1,"[{""video_id"": ""15xeRnfHvS8"", ""title"": ""..."", ""channel"": ""..."", ""video_type_category"": ""...""}]",youtube,medium,,1
throttle_pedal_response_loss,"Sloppy throttle response, power loss",Throttle response loss,electrical,intermittent_fault,high,medium,"[""2.0_TDI_PD""]",,,"Driver notices a sudden, significant loss of throttle response and power, feeling like a sponge between the foot and pedal.",,,[],Test drive for throttle response.,1,1,"[{""video_id"": ""KLylVRC4sSE"", ""title"": ""..."", ""channel"": ""..."", ""video_type_category"": ""...""}]",youtube,medium,,1
fuel_quality_sensitivity,Sensitivity to low-quality fuel,Fuel sensitivity,fuel,other,low,medium,"[""1.4_TSI""]",,,Engine performance and economy suffer if lower octane or supermarket fuel is used.,Engine tuning and fuel system sensitivity.,"Use higher octane, quality fuel.","[""Reduced performance"", ""Poor fuel economy""]",Ask about fuel used by previous owner.,1,1,"[{""video_id"": ""V3O6BHi2-pg"", ""title"": ""..."", ""channel"": ""..."", ""video_type_category"": ""...""}]",youtube,medium,,1
radio_battery_drain,"Radio turns on, drains battery",Radio battery drain,electrical,intermittent_fault,medium,medium,"[""1.9_TDI""]",,,"The radio turns on after locking the car if no CD is in the player, which can drain the battery.",Radio software or electrical fault.,Remove CD or replace/update radio unit.,"[""Radio stays on after locking"", ""Flat battery""]",Check radio operation after locking car.,1,1,"[{""video_id"": ""15xeRnfHvS8"", ""title"": ""..."", ""channel"": ""..."", ""video_type_category"": ""...""}]",youtube,medium,,1
door_wiring_harness_failure,Door wiring harness breakage,Door harness failure,electrical,chronic_failure,medium,high,"[""1.9_TDI""]",,,Door module functions intermittently or fail due to broken wires in the door harness.,Fatigue from repeated door opening/closing.,Repair or replace the door wiring harness.,"[""Intermittent window/lock/mirror operation"", ""Door control module errors""]",Check for fault codes related to door modules and test all door functions repeatedly.,1,1,"[{""video_id"": ""EpgWWrcrYnk"", ""title"": ""..."", ""channel"": ""..."", ""video_type_category"": ""...""}]",youtube,medium,,1
throttle_pedal_response_loss,"Sloppy throttle response, power loss",Throttle response loss,electrical,intermittent_fault,high,medium,"[""2.0_TDI_PD""]",,,"Driver notices a sudden, significant loss of throttle response and power, feeling like a sponge between the foot and pedal.",,,[],Test drive for throttle response.,1,1,"[{""video_id"": ""KLylVRC4sSE"", ""title"": ""..."", ""channel"": ""..."", ""video_type_category"": ""...""}]",youtube,medium,,1
fuel_quality_sensitivity,Sensitivity to low-quality fuel,Fuel sensitivity,fuel,other,low,medium,"[""1.4_TSI""]",,,Engine performance and economy suffer if lower octane or supermarket fuel is used.,Engine tuning and fuel system sensitivity.,"Use higher octane, quality fuel.","[""Reduced performance"", ""Poor fuel economy""]",Ask about fuel used by previous owner.,1,1,"[{""video_id"": ""V3O6BHi2-pg"", ""title"": ""..."", ""channel"": ""..."", ""video_type_category"": ""...""}]",youtube,medium,,1
radio_battery_drain,"Radio turns on, drains battery",Radio battery drain,electrical,intermittent_fault,medium,medium,"[""1.9_TDI""]",,,"The radio turns on after locking the car if no CD is in the player, which can drain the battery.",Radio software or electrical fault.,Remove CD or replace/update radio unit.,"[""Radio stays on after locking"", ""Flat battery""]",Check radio operation after locking car.,1,1,"[{""video_id"": ""15xeRnfHvS8"", ""title"": ""..."", ""channel"": ""..."", ""video_type_category"": ""...""}]",youtube,medium,,1
door_wiring_harness_failure,Door wiring harness breakage,Door harness failure,electrical,chronic_failure,medium,high,"[""1.9_TDI""]",,,Door module functions intermittently or fail due to broken wires in the door harness.,Fatigue from repeated door opening/closing.,Repair or replace the door wiring harness.,"[""Intermittent window/lock/mirror operation"", ""Door control module errors""]",Check for fault codes related to door modules and test all door functions repeatedly.,1,1,"[{""video_id"": ""EpgWWrcrYnk"", ""title"": ""..."", ""channel"": ""..."", ""video_type_category"": ""...""}]",youtube,medium,,1
noisy_rattling_flywheel,Noisy rattling dual mass flywheel,Flywheel rattle,gearbox,noise,high,medium,"[""1.9_TDI"", ""2.0_TDI_PD""]",,,The driver notices a judder or noisy rattling from the dual mass flywheel.,Wear or failure of the dual mass flywheel damping springs.,Replace the dual mass flywheel and often the clutch.,"[""Rattling noise at idle"", ""Judder during clutch engagement""]",Listen for rattles at idle with clutch engaged and disengaged.,1,1,"[{""video_id"": ""actmbuVmHeA"", ""title"": ""..."", ""channel"": ""..."", ""video_type_category"": ""...""}]",youtube,medium,,1
electrical_fault_cut_out,Random engine cut-out fault,Engine cut-out,electrical,intermittent_fault,high,medium,[],,,The engine cuts out randomly without warning and then cannot be restarted.,"Possible fuel pump relay, crank sensor, or main electrical fault.","Diagnose electrical supply, relays, and sensors.","[""Intermittent stalling"", ""No-start condition after stalling""]",Check for fault codes and inspect fuel pump relay and crank sensor connections.,1,1,"[{""video_id"": ""actmbuVmHeA"", ""title"": ""..."", ""channel"": ""..."", ""video_type_category"": ""...""}]",youtube,low,Engine specificity not provided.,1
blower_motor_noise,Noisy blower motor,Blower noise,electrical,noise,low,medium,[],,,The driver hears a grumble or noise from the blower motor.,Worn motor bearings or debris in the fan.,Clean or replace the blower motor.,"[""Rumbling or grinding noise from dash vents""]",Test blower at all speeds for unusual noises.,1,1,"[{""video_id"": ""actmbuVmHeA"", ""title"": ""..."", ""channel"": ""..."", ""video_type_category"": ""...""}]",youtube,low,Engine specificity not provided.,1
rear_wiper_stalk_failure,Rear wiper stalk circuit failure,Rear wiper stalk,electrical,sensor_fault,low,high,"[""1.9_TDI""]",,,"Rear wiper does not operate from the stalk, but the motor works when actuated via diagnostics.",Fault in the stalk switch or its wiring circuit.,Replace or repair the wiper stalk assembly.,"[""Rear wiper inoperative from stalk"", ""Intermittent operation""]",Test rear wiper function from the stalk and check for related fault codes.,1,1,"[{""video_id"": ""EpgWWrcrYnk"", ""title"": ""..."", ""channel"": ""..."", ""video_type_category"": ""...""}]",youtube,medium,,1
reverse_light_switch_failure,Reverse light switch failure,Reverse light switch,electrical,sensor_fault,low,high,"[""1.9_TDI""]",,,Reverse lights do not illuminate due to a faulty or disconnected gearbox switch.,Failed reverse light switch on the gearbox.,Replace the reverse light switch.,"[""Reverse lights not working"", ""No illumination when in reverse""]",Check reverse light operation and inspect switch connection on gearbox.,1,1,"[{""video_id"": ""EpgWWrcrYnk"", ""title"": ""..."", ""channel"": ""..."", ""video_type_category"": ""...""}]",youtube,medium,,1
rust_front_wings,Front wing rust through,Front wing rust,body,structural,medium,high,"[""1.4"", ""1.4_FSI"", ""1.4_TSI"", ""1.6"", ""1.6_FSI"", ""1.9_TDI"", ""2.0_FSI"", ""2.0_SDI"", ""2.0_TDI_PD"", ""2.0_TFSI"", ""3.2_R32""]",,,Front wing is completely rusted through.,,,[],Check front wheel arches and wing edges for bubbling paint or corrosion.,1,1,"[{""video_id"": ""DTw2c5EAbkY"", ""title"": ""..."", ""channel"": ""..."", ""video_type_category"": ""...""}]",youtube,medium,,1
noisy_rattling_flywheel,Noisy rattling dual mass flywheel,Flywheel rattle,gearbox,noise,high,medium,"[""1.9_TDI"", ""2.0_TDI_PD""]",,,The driver notices a judder or noisy rattling from the dual mass flywheel.,Wear or failure of the dual mass flywheel damping springs.,Replace the dual mass flywheel and often the clutch.,"[""Rattling noise at idle"", ""Judder during clutch engagement""]",Listen for rattles at idle with clutch engaged and disengaged.,1,1,"[{""video_id"": ""actmbuVmHeA"", ""title"": ""..."", ""channel"": ""..."", ""video_type_category"": ""...""}]",youtube,medium,,1
timing_belt_failure,Timing belt failure,Timing belt,engine,chronic_failure,high,medium,"[""2.0_TFSI""]",,,Engine cut out on motorway and timing belt is found to be very loose.,Belt wear or tensioner failure,Replace timing belt and tensioner,[],Check service history for belt replacement interval adherence.,1,1,"[{""video_id"": ""DTw2c5EAbkY"", ""title"": ""..."", ""channel"": ""..."", ""video_type_category"": ""...""}]",youtube,medium,Applies to belt-driven EA113 engine family.,1
coil_pack_failure,Ignition coil pack failure,Coil pack,electrical,intermittent_fault,medium,high,"[""1.6_FSI""]",2005,,"Severe engine misfire and shaking, with flashing engine management light.",,Replace faulty coil pack,"[""Misfire under load"", ""Flashing check engine light""]",,1,1,"[{""video_id"": ""Ka4-WywWG9U"", ""title"": ""..."", ""channel"": ""..."", ""video_type_category"": ""...""}]",youtube,medium,,1
side_airbag_crash_sensor_failure,Side airbag crash sensor failure,Airbag sensor,electrical,sensor_fault,high,high,"[""1.9_TDI""]",,,Airbag warning light illuminates due to a faulty side crash sensor.,Faulty side impact crash sensor.,Replace the faulty side crash sensor.,"[""Airbag warning light on""]","Scan for airbag fault codes, commonly related to side crash sensors.",1,1,"[{""video_id"": ""EpgWWrcrYnk"", ""title"": ""..."", ""channel"": ""..."", ""video_type_category"": ""...""}]",youtube,medium,,1
rear_wiper_stalk_failure,Rear wiper stalk circuit failure,Rear wiper stalk,electrical,sensor_fault,low,high,"[""1.9_TDI""]",,,"Rear wiper does not operate from the stalk, but the motor works when actuated via diagnostics.",Fault in the stalk switch or its wiring circuit.,Replace or repair the wiper stalk assembly.,"[""Rear wiper inoperative from stalk"", ""Intermittent operation""]",Test rear wiper function from the stalk and check for related fault codes.,1,1,"[{""video_id"": ""EpgWWrcrYnk"", ""title"": ""..."", ""channel"": ""..."", ""video_type_category"": ""...""}]",youtube,medium,,1
reverse_light_switch_failure,Reverse light switch failure,Reverse light switch,electrical,sensor_fault,low,high,"[""1.9_TDI""]",,,Reverse lights do not illuminate due to a faulty or disconnected gearbox switch.,Failed reverse light switch on the gearbox.,Replace the reverse light switch.,"[""Reverse lights not working"", ""No illumination when in reverse""]",Check reverse light operation and inspect switch connection on gearbox.,1,1,"[{""video_id"": ""EpgWWrcrYnk"", ""title"": ""..."", ""channel"": ""..."", ""video_type_category"": ""...""}]",youtube,medium,,1
brake_pad_sensor_connector_failure,Brake pad sensor connector failure,Brake sensor connector,brakes,sensor_fault,low,high,"[""1.9_TDI""]",,,Brake pad warning light remains on despite new pads due to broken sensor connector terminals.,Broken or corroded terminals in the brake pad wear sensor connector.,Repair or replace the sensor connector.,"[""Brake pad warning light illuminated with new pads""]",Inspect the brake pad wear sensor connector for damage during pad replacement.,1,1,"[{""video_id"": ""EpgWWrcrYnk"", ""title"": ""..."", ""channel"": ""..."", ""video_type_category"": ""...""}]",youtube,medium,,1
electrical_fault_cut_out,Random engine cut-out fault,Engine cut-out,electrical,intermittent_fault,high,medium,[],,,The engine cuts out randomly without warning and then cannot be restarted.,"Possible fuel pump relay, crank sensor, or main electrical fault.","Diagnose electrical supply, relays, and sensors.","[""Intermittent stalling"", ""No-start condition after stalling""]",Check for fault codes and inspect fuel pump relay and crank sensor connections.,1,1,"[{""video_id"": ""actmbuVmHeA"", ""title"": ""..."", ""channel"": ""..."", ""video_type_category"": ""...""}]",youtube,low,Engine specificity not provided.,1
blower_motor_noise,Noisy blower motor,Blower noise,electrical,noise,low,medium,[],,,The driver hears a grumble or noise from the blower motor.,Worn motor bearings or debris in the fan.,Clean or replace the blower motor.,"[""Rumbling or grinding noise from dash vents""]",Test blower at all speeds for unusual noises.,1,1,"[{""video_id"": ""actmbuVmHeA"", ""title"": ""..."", ""channel"": ""..."", ""video_type_category"": ""...""}]",youtube,low,Engine specificity not provided.,1
rust_front_wings,Front wing rust through,Front wing rust,body,structural,medium,high,"[""1.4"", ""1.4_FSI"", ""1.4_TSI"", ""1.6"", ""1.6_FSI"", ""1.9_TDI"", ""2.0_FSI"", ""2.0_SDI"", ""2.0_TDI_PD"", ""2.0_TFSI"", ""3.2_R32""]",,,Front wing is completely rusted through.,,,[],Check front wheel arches and wing edges for bubbling paint or corrosion.,1,1,"[{""video_id"": ""DTw2c5EAbkY"", ""title"": ""..."", ""channel"": ""..."", ""video_type_category"": ""...""}]",youtube,medium,,1
timing_belt_failure,Timing belt failure,Timing belt,engine,chronic_failure,high,medium,"[""2.0_TFSI""]",,,Engine cut out on motorway and timing belt is found to be very loose.,Belt wear or tensioner failure,Replace timing belt and tensioner,[],Check service history for belt replacement interval adherence.,1,1,"[{""video_id"": ""DTw2c5EAbkY"", ""title"": ""..."", ""channel"": ""..."", ""video_type_category"": ""...""}]",youtube,medium,Applies to belt-driven EA113 engine family.,1
diverter_valve_failure,Diverter valve diaphragm failure,Diverter valve,engine,chronic_failure,medium,high,"[""2.0_TFSI""]",,,Car feels underpowered and does not boost properly.,Failed diaphragm in diverter valve,Replace diverter valve,"[""Lack of turbo boost"", ""Whistling or hissing noises""]",,1,1,"[{""video_id"": ""AbWMQSN1bVA"", ""title"": ""..."", ""channel"": ""..."", ""video_type_category"": ""...""}]",youtube,medium,,1
coil_pack_failure,Ignition coil pack failure,Coil pack,electrical,intermittent_fault,medium,high,"[""1.6_FSI""]",2005,,"Severe engine misfire and shaking, with flashing engine management light.",,Replace faulty coil pack,"[""Misfire under load"", ""Flashing check engine light""]",,1,1,"[{""video_id"": ""Ka4-WywWG9U"", ""title"": ""..."", ""channel"": ""..."", ""video_type_category"": ""...""}]",youtube,medium,,1
carbon_buildup_spark_plugs,Spark plug carbon buildup,Carbon fouling,engine,wear_item,low,medium,"[""1.6_FSI""]",2005,,"Spark plugs are carboned up, though not wet with oil or fuel.",Incomplete combustion or rich fuel mixture,Clean or replace spark plugs,"[""Rough idle"", ""Reduced fuel economy""]",,1,1,"[{""video_id"": ""Ka4-WywWG9U"", ""title"": ""..."", ""channel"": ""..."", ""video_type_category"": ""...""}]",youtube,medium,,1
oxygen_sensor_fault,O2 sensor fault code,O2 sensor,exhaust,sensor_fault,low,medium,"[""1.6_FSI""]",2005,,Engine management light comes on with a P2211 code for the oxygen sensor.,Faulty oxygen sensor,Replace oxygen sensor,"[""Check engine light"", ""Possible fuel trim issues""]",,1,1,"[{""video_id"": ""Ka4-WywWG9U"", ""title"": ""..."", ""channel"": ""..."", ""video_type_category"": ""...""}]",youtube,medium,,1
engine_cover_breather_pipe_breakage,Engine cover breather pipe breakage,Breather pipe,engine,wear_item,low,medium,"[""1.6_FSI""]",2005,,"One of the pipes on the engine cover is already broken, making removal difficult.",Age and heat degradation,Replace broken breather pipe,[],Inspect plastic engine cover pipes for brittleness.,1,1,"[{""video_id"": ""Ka4-WywWG9U"", ""title"": ""..."", ""channel"": ""..."", ""video_type_category"": ""...""}]",youtube,medium,,1
oil_leak_lambda_sensor,Oil leak near lambda sensor,Oil leak,engine,fluid_leak,medium,medium,"[""1.6_FSI""]",2005,,A lot of oil is dripping down near the lambda sensor plug.,Possible valve cover gasket or other seal leak,Trace and repair source of oil leak,"[""Oil drips on driveway"", ""Burning oil smell""]",Check area around lambda sensor and valve cover for oil residue.,1,1,"[{""video_id"": ""Ka4-WywWG9U"", ""title"": ""..."", ""channel"": ""..."", ""video_type_category"": ""...""}]",youtube,medium,,1
brake_pad_sensor_connector_failure,Brake pad sensor connector failure,Brake sensor connector,brakes,sensor_fault,low,high,"[""1.9_TDI""]",,,Brake pad warning light remains on despite new pads due to broken sensor connector terminals.,Broken or corroded terminals in the brake pad wear sensor connector.,Repair or replace the sensor connector.,"[""Brake pad warning light illuminated with new pads""]",Inspect the brake pad wear sensor connector for damage during pad replacement.,1,1,"[{""video_id"": ""EpgWWrcrYnk"", ""title"": ""..."", ""channel"": ""..."", ""video_type_category"": ""...""}]",youtube,medium,,1
side_airbag_crash_sensor_failure,Side airbag crash sensor failure,Airbag sensor,electrical,sensor_fault,high,high,"[""1.9_TDI""]",,,Airbag warning light illuminates due to a faulty side crash sensor.,Faulty side impact crash sensor.,Replace the faulty side crash sensor.,"[""Airbag warning light on""]","Scan for airbag fault codes, commonly related to side crash sensors.",1,1,"[{""video_id"": ""EpgWWrcrYnk"", ""title"": ""..."", ""channel"": ""..."", ""video_type_category"": ""...""}]",youtube,medium,,1
diverter_valve_failure,Diverter valve diaphragm failure,Diverter valve,engine,chronic_failure,medium,high,"[""2.0_TFSI""]",,,Car feels underpowered and does not boost properly.,Failed diaphragm in diverter valve,Replace diverter valve,"[""Lack of turbo boost"", ""Whistling or hissing noises""]",,1,1,"[{""video_id"": ""AbWMQSN1bVA"", ""title"": ""..."", ""channel"": ""..."", ""video_type_category"": ""...""}]",youtube,medium,,1
pcv_valve_failure,PCV valve failure,PCV valve,engine,chronic_failure,medium,high,"[""2.0_TFSI""]",,,Boost leak and car not boosting correctly.,Faulty Positive Crankcase Ventilation valve,Replace PCV valve,"[""Boost pressure loss"", ""Oil consumption""]",,1,1,"[{""video_id"": ""AbWMQSN1bVA"", ""title"": ""..."", ""channel"": ""..."", ""video_type_category"": ""...""}]",youtube,medium,,1
vacuum_pump_oil_leak,Vacuum pump oil leak,Vacuum pump leak,engine,fluid_leak,medium,high,"[""2.0_TFSI""]",,,Oil leaking on the right-hand side of the engine.,Vacuum pump seal failure,Replace vacuum pump or seal,"[""Oil spot under car"", ""Reduced brake booster assistance""]",Inspect vacuum pump area on engine for oil accumulation.,1,1,"[{""video_id"": ""AbWMQSN1bVA"", ""title"": ""..."", ""channel"": ""..."", ""video_type_category"": ""...""}]",youtube,medium,,1
cam_follower_wear,High-pressure fuel pump cam follower wear,Cam follower wear,fuel,wear_item,high,high,"[""2.0_TFSI""]",,,"Can cause severe engine damage if it fails, often requiring preventative replacement.",,,[],,1,1,"[{""video_id"": ""AbWMQSN1bVA"", ""title"": ""..."", ""channel"": ""..."", ""video_type_category"": ""...""}]",youtube,medium,,1
exhaust_back_box_failure,Exhaust back box breakage,Exhaust breakage,exhaust,structural,medium,high,"[""2.0_TFSI""]",,,The exhaust back box broke off.,,,[],,1,1,"[{""video_id"": ""AbWMQSN1bVA"", ""title"": ""..."", ""channel"": ""..."", ""video_type_category"": ""...""}]",youtube,medium,,1
thermostat_failure,Thermostat failure,Thermostat failure,cooling,chronic_failure,medium,high,"[""2.0_TFSI""]",,,Car does not reach or maintain proper operating temperature (90 degrees).,,,[],,1,1,"[{""video_id"": ""AbWMQSN1bVA"", ""title"": ""..."", ""channel"": ""..."", ""video_type_category"": ""...""}]",youtube,medium,,1
carbon_buildup_spark_plugs,Spark plug carbon buildup,Carbon fouling,engine,wear_item,low,medium,"[""1.6_FSI""]",2005,,"Spark plugs are carboned up, though not wet with oil or fuel.",Incomplete combustion or rich fuel mixture,Clean or replace spark plugs,"[""Rough idle"", ""Reduced fuel economy""]",,1,1,"[{""video_id"": ""Ka4-WywWG9U"", ""title"": ""..."", ""channel"": ""..."", ""video_type_category"": ""...""}]",youtube,medium,,1
oxygen_sensor_fault,O2 sensor fault code,O2 sensor,exhaust,sensor_fault,low,medium,"[""1.6_FSI""]",2005,,Engine management light comes on with a P2211 code for the oxygen sensor.,Faulty oxygen sensor,Replace oxygen sensor,"[""Check engine light"", ""Possible fuel trim issues""]",,1,1,"[{""video_id"": ""Ka4-WywWG9U"", ""title"": ""..."", ""channel"": ""..."", ""video_type_category"": ""...""}]",youtube,medium,,1
engine_cover_pipe_breakage,Engine cover breather pipe breakage,Breather pipe,engine,wear_item,low,medium,"[""1.6_FSI""]",2005,,"One of the pipes on the engine cover is already broken, making removal difficult.",Age and heat degradation,Replace broken breather pipe,[],Inspect plastic engine cover pipes for brittleness.,1,1,"[{""video_id"": ""Ka4-WywWG9U"", ""title"": ""..."", ""channel"": ""..."", ""video_type_category"": ""...""}]",youtube,medium,,1
oil_leak_lambda_sensor,Oil leak near lambda sensor,Oil leak,engine,fluid_leak,medium,medium,"[""1.6_FSI""]",2005,,A lot of oil is dripping down near the lambda sensor plug.,Possible valve cover gasket or other seal leak,Trace and repair source of oil leak,"[""Oil drips on driveway"", ""Burning oil smell""]",Check area around lambda sensor and valve cover for oil residue.,1,1,"[{""video_id"": ""Ka4-WywWG9U"", ""title"": ""..."", ""channel"": ""..."", ""video_type_category"": ""...""}]",youtube,medium,,1
pcv_valve_failure,PCV valve failure causing boost leak,PCV valve,engine,chronic_failure,medium,high,"[""2.0_TFSI""]",,,Boost leak and car not boosting correctly.,Faulty Positive Crankcase Ventilation valve,Replace PCV valve,"[""Boost pressure loss"", ""Oil consumption""]",,1,1,"[{""video_id"": ""AbWMQSN1bVA"", ""title"": ""..."", ""channel"": ""..."", ""video_type_category"": ""...""}]",youtube,medium,,1
vacuum_pump_oil_leak,Vacuum pump oil leak,Vacuum pump leak,engine,fluid_leak,medium,high,"[""2.0_TFSI""]",,,Oil leaking on the right-hand side of the engine.,Vacuum pump seal failure,Replace vacuum pump or seal,"[""Oil spot under car"", ""Reduced brake booster assistance""]",Inspect vacuum pump area on engine for oil accumulation.,1,1,"[{""video_id"": ""AbWMQSN1bVA"", ""title"": ""..."", ""channel"": ""..."", ""video_type_category"": ""...""}]",youtube,medium,,1
cam_follower_wear,High-pressure fuel pump cam follower wear,Cam follower wear,fuel,wear_item,high,high,"[""2.0_TFSI""]",,,"Can cause severe engine damage if it fails, often requiring preventative replacement.",,,[],,1,1,"[{""video_id"": ""AbWMQSN1bVA"", ""title"": ""..."", ""channel"": ""..."", ""video_type_category"": ""...""}]",youtube,medium,,1
exhaust_back_box_failure,Exhaust back box breakage,Exhaust breakage,exhaust,structural,medium,high,"[""2.0_TFSI""]",,,The exhaust back box broke off.,,,[],,1,1,"[{""video_id"": ""AbWMQSN1bVA"", ""title"": ""..."", ""channel"": ""..."", ""video_type_category"": ""...""}]",youtube,medium,,1
thermostat_failure,Thermostat failure,Thermostat failure,cooling,chronic_failure,medium,high,"[""2.0_TFSI""]",,,Car does not reach or maintain proper operating temperature (90 degrees).,,,[],,1,1,"[{""video_id"": ""AbWMQSN1bVA"", ""title"": ""..."", ""channel"": ""..."", ""video_type_category"": ""...""}]",youtube,medium,,1
electrical_system_faults,Common electrical system faults,Electrical faults,electrical,intermittent_fault,medium,high,[],,,Multiple electrical components may malfunction.,,,[],,1,1,"[{""video_id"": ""Vz1j3JU8E6M"", ""title"": ""..."", ""channel"": ""..."", ""video_type_category"": ""...""}]",youtube,medium,"Consolidated from multiple specific electrical issues (central locking, window regulator, seat sensor, ABS/ESP sensors, brake light switch, light condensation).",1
water_leaking_into_interior,Water leaking into interior,Water leak,body,fluid_leak,medium,high,[],,,Water leaks into the car's interior.,,,[],,1,1,"[{""video_id"": ""Vz1j3JU8E6M"", ""title"": ""..."", ""channel"": ""..."", ""video_type_category"": ""...""}]",youtube,medium,,1
fsi_injector_problems_carbon_buildup,FSI injector problems and carbon buildup,FSI injector/carbon,fuel,chronic_failure,high,high,"[""1.4_FSI"", ""1.6_FSI"", ""2.0_FSI""]",,,FSI direct injection engines often have injector problems and carbon buildup.,,,[],,1,1,"[{""video_id"": ""Vz1j3JU8E6M"", ""title"": ""..."", ""channel"": ""..."", ""video_type_category"": ""...""}]",youtube,medium,,1
turbo_injector_carbon_timing_tsi_tfsi,"Turbo, injector, carbon, timing issues",Turbo engine issues,engine,chronic_failure,high,high,"[""1.4_TSI"", ""2.0_TFSI""]",,,"Turbocharged engines can have problems with the turbocharger, injectors, carbon buildup, and timing chain.",,,[],,1,1,"[{""video_id"": ""Vz1j3JU8E6M"", ""title"": ""..."", ""channel"": ""..."", ""video_type_category"": ""...""}]",youtube,medium,,1
timing_chain_wear_fsi_engines,Timing chain wear on FSI engines,Timing chain wear,engine,wear_item,high,high,"[""1.4_FSI"", ""1.6_FSI"", ""2.0_FSI""]",,,"The timing chain can wear, indicated by whining noise after cold start.",,,"[""whining noise after cold start""]",,1,1,"[{""video_id"": ""Vz1j3JU8E6M"", ""title"": ""..."", ""channel"": ""..."", ""video_type_category"": ""...""}]",youtube,medium,,1
fsi_injector_carbon_buildup_timing_chain,"FSI injector problems, carbon buildup, and timing chain wear",FSI engine issues,engine,chronic_failure,high,high,"[""1.4_FSI"", ""1.6_FSI"", ""2.0_FSI""]",,,"FSI direct injection engines often have injector problems, carbon buildup, and timing chain wear indicated by whining noise after cold start.",,,"[""whining noise after cold start""]",,1,1,"[{""video_id"": ""Vz1j3JU8E6M"", ""title"": ""..."", ""channel"": ""..."", ""video_type_category"": ""...""}]",youtube,medium,Merged from 'fsi_injector_problems_carbon_buildup' and 'timing_chain_wear_fsi_engines'.,1
turbo_injector_carbon_timing_tsi_tfsi,"Turbo, injector, carbon, and timing issues",Turbo engine issues,engine,chronic_failure,high,high,"[""1.4_TSI"", ""2.0_TFSI""]",,,"Turbocharged engines can have problems with the turbocharger, injectors, carbon buildup, and timing chain.",,,[],,1,1,"[{""video_id"": ""Vz1j3JU8E6M"", ""title"": ""..."", ""channel"": ""..."", ""video_type_category"": ""...""}]",youtube,medium,,1
electrical_system_faults,Common electrical system faults,Electrical faults,electrical,intermittent_fault,medium,high,[],,,Multiple electrical components may malfunction.,,,[],,1,1,"[{""video_id"": ""Vz1j3JU8E6M"", ""title"": ""..."", ""channel"": ""..."", ""video_type_category"": ""...""}]",youtube,medium,"Consolidated from multiple specific electrical issues (central locking, window regulator, seat sensor, ABS/ESP sensors, brake light switch, light condensation).",1
water_leaking_into_interior,Water leaking into interior,Water leak,body,fluid_leak,medium,high,[],,,Water leaks into the car's interior.,,,[],,1,1,"[{""video_id"": ""Vz1j3JU8E6M"", ""title"": ""..."", ""channel"": ""..."", ""video_type_category"": ""...""}]",youtube,medium,,1
engine_management_system_faults,Engine management system faults,ECU faults,electrical,intermittent_fault,medium,medium,[],,,The engine management system may develop faults.,,,[],,1,1,"[{""video_id"": ""Vz1j3JU8E6M"", ""title"": ""..."", ""channel"": ""..."", ""video_type_category"": ""...""}]",youtube,medium,,1
damaged_cable_harness_engine,Damaged cable harness in engine,Cable harness damage,electrical,wear_item,medium,medium,[],,,The cable harness in the engine compartment can become damaged.,,,[],,1,1,"[{""video_id"": ""Vz1j3JU8E6M"", ""title"": ""..."", ""channel"": ""..."", ""video_type_category"": ""...""}]",youtube,medium,,1
electric_radiator_cooling_fan_failure,Electric radiator cooling fan failure,Cooling fan failure,cooling,chronic_failure,medium,medium,[],,,The electric radiator cooling fan may fail.,,,[],,1,1,"[{""video_id"": ""Vz1j3JU8E6M"", ""title"": ""..."", ""channel"": ""..."", ""video_type_category"": ""...""}]",youtube,medium,,1
air_conditioning_system_problems,Air conditioning system problems,AC problems,cooling,intermittent_fault,medium,medium,[],,,The air conditioning system may develop faults.,,,[],,1,1,"[{""video_id"": ""Vz1j3JU8E6M"", ""title"": ""..."", ""channel"": ""..."", ""video_type_category"": ""...""}]",youtube,medium,,1
worn_camshafts_1_4,Worn camshafts on 1.4 engine,Camshaft wear,engine,wear_item,high,high,"[""1.4""]",,,"The camshafts can wear, especially if oil changes were irregular.",Irregular oil changes,,[],,1,1,"[{""video_id"": ""Vz1j3JU8E6M"", ""title"": ""..."", ""channel"": ""..."", ""video_type_category"": ""...""}]",youtube,medium,,1
fsi_carbon_buildup_intake_valves,FSI engine carbon buildup on intake valves,Carbon Buildup,engine,chronic_failure,medium,high,"[""1.4_FSI"", ""1.6_FSI"", ""2.0_FSI""]",,,Engine runs lean off idle and is down on power.,Direct injection design leads to carbon deposits on intake valves.,Walnut blasting or chemical cleaning of intake valves.,"[""Rough idle"", ""Loss of power"", ""Poor fuel economy""]",Check for rough idle and consider a borescope inspection of intake valves.,1,1,"[{""video_id"": ""DsTJ1tT2OH0"", ""title"": ""..."", ""channel"": ""..."", ""video_type_category"": ""...""}]",youtube,medium,Common to all direct injection FSI engines.,1
fsi_tfsi_intake_manifold_failure,FSI/TFSI intake manifold failure,Intake Manifold,engine,chronic_failure,medium,high,"[""2.0_FSI"", ""2.0_TFSI""]",,,Intake manifold has a wiggle waggle and is known to fail.,Manifold runner control mechanism failure.,Replace intake manifold.,"[""Check engine light"", ""Rough idle"", ""Loss of power""]",Check for fault codes related to intake manifold runner control.,1,1,"[{""video_id"": ""DsTJ1tT2OH0"", ""title"": ""..."", ""channel"": ""..."", ""video_type_category"": ""...""}]",youtube,medium,,1
tdi_pd_common_issues,2.0 TDI PD multiple component failures,TDI PD Issues,engine,chronic_failure,high,high,"[""2.0_TDI_PD""]",,,"Multiple potential problems including dual mass flywheel failure, oil consumption, fuel pump issues, worn camshaft, and cracked cylinder head.",Design and wear-related failures in various engine components.,Component-specific repairs or replacements.,"[""Excessive vibration"", ""High oil consumption"", ""Loss of power"", ""Unusual engine noise""]",Check service history for oil consumption and listen for flywheel rattle. Inspect for oil leaks and consider a compression test.,1,1,"[{""video_id"": ""Vz1j3JU8E6M"", ""title"": ""..."", ""channel"": ""..."", ""video_type_category"": ""...""}]",youtube,medium,Multiple distinct but related failure points for this engine.,1
engine_management_system_faults,Engine management system faults,ECU faults,electrical,intermittent_fault,medium,medium,[],,,The engine management system may develop faults.,,,[],,1,1,"[{""video_id"": ""Vz1j3JU8E6M"", ""title"": ""..."", ""channel"": ""..."", ""video_type_category"": ""...""}]",youtube,medium,,1
damaged_cable_harness_engine,Damaged cable harness in engine,Cable harness damage,electrical,wear_item,medium,medium,[],,,The cable harness in the engine compartment can become damaged.,,,[],,1,1,"[{""video_id"": ""Vz1j3JU8E6M"", ""title"": ""..."", ""channel"": ""..."", ""video_type_category"": ""...""}]",youtube,medium,,1
electric_radiator_cooling_fan_failure,Electric radiator cooling fan failure,Cooling fan failure,cooling,chronic_failure,medium,medium,[],,,The electric radiator cooling fan may fail.,,,[],,1,1,"[{""video_id"": ""Vz1j3JU8E6M"", ""title"": ""..."", ""channel"": ""..."", ""video_type_category"": ""...""}]",youtube,medium,,1
air_conditioning_system_problems,Air conditioning system problems,AC problems,cooling,intermittent_fault,medium,medium,[],,,The air conditioning system may develop faults.,,,[],,1,1,"[{""video_id"": ""Vz1j3JU8E6M"", ""title"": ""..."", ""channel"": ""..."", ""video_type_category"": ""...""}]",youtube,medium,,1
worn_camshafts_1_4,Worn camshafts on 1.4 engine,Camshaft wear,engine,wear_item,high,high,"[""1.4""]",,,"The camshafts can wear, especially if oil changes were irregular.",Irregular oil changes,,[],,1,1,"[{""video_id"": ""Vz1j3JU8E6M"", ""title"": ""..."", ""channel"": ""..."", ""video_type_category"": ""...""}]",youtube,medium,,1
carbon_buildup_oil_consumption_1_4,Carbon buildup and oil consumption on 1.4,Carbon/oil consumption,engine,chronic_failure,medium,medium,"[""1.4""]",,,Carbon buildup and increased oil consumption can occur.,,,[],,1,1,"[{""video_id"": ""Vz1j3JU8E6M"", ""title"": ""..."", ""channel"": ""..."", ""video_type_category"": ""...""}]",youtube,medium,,1
oil_consumption_egr_problems_1_6,Oil consumption and EGR problems on 1.6,Oil/EGR issues,engine,chronic_failure,medium,medium,"[""1.6""]",,,The 1.6 engine can have increased oil consumption and EGR problems.,,,[],,1,1,"[{""video_id"": ""Vz1j3JU8E6M"", ""title"": ""..."", ""channel"": ""..."", ""video_type_category"": ""...""}]",youtube,medium,,1
fsi_tfsi_intake_manifold_failure,FSI/TFSI intake manifold failure,Intake Manifold,engine,chronic_failure,medium,high,"[""2.0_FSI"", ""2.0_TFSI""]",,,Intake manifold has a wiggle waggle and is known to fail.,Manifold runner control mechanism failure.,Replace intake manifold.,"[""Check engine light"", ""Rough idle"", ""Loss of power""]",Check for fault codes related to intake manifold runner control.,1,1,"[{""video_id"": ""DsTJ1tT2OH0"", ""title"": ""..."", ""channel"": ""..."", ""video_type_category"": ""...""}]",youtube,medium,,1
fsi_tfsi_fuel_system_issues,FSI/TFSI high-pressure fuel pump and sensor faults,Fuel System,fuel,intermittent_fault,high,medium,"[""2.0_FSI"", ""2.0_TFSI""]",,,Check engine light is on and the car is down on power. May be due to fuel pump failure or sensor connector issues.,High-pressure fuel pump (HPFP) failure or fuel sensor pin pulling from connector.,Replace faulty fuel pump or repair/replace sensor connector.,"[""Check engine light"", ""Loss of power"", ""Hard starting""]",Scan for fuel pressure related fault codes. Inspect fuel sensor connector for loose pins.,1,1,"[{""video_id"": ""DsTJ1tT2OH0"", ""title"": ""..."", ""channel"": ""..."", ""video_type_category"": ""...""}]",youtube,medium,Merged HPFP failure and fuel sensor connector issues as related fuel system faults.,1
oil_filter_housing_leak,Oil filter housing oil leak,Oil Leak,engine,fluid_leak,low,high,"[""2.0_FSI"", ""2.0_TFSI""]",,,Oil is visibly leaking from the oil filter housing.,Failed housing gasket or seal.,Replace oil filter housing gasket.,"[""Oil spots under car"", ""Low oil level"", ""Burning oil smell""]",Inspect the oil filter housing area for fresh oil residue.,1,1,"[{""video_id"": ""DsTJ1tT2OH0"", ""title"": ""..."", ""channel"": ""..."", ""video_type_category"": ""...""}]",youtube,medium,A common minor leak point.,1
1_6_engine_oil_consumption_egr,1.6 engine oil consumption and EGR problems,Oil/EGR Issues,engine,chronic_failure,medium,medium,"[""1.6""]",,,The 1.6 engine can have increased oil consumption and EGR problems.,,,[],,1,1,"[{""video_id"": ""Vz1j3JU8E6M"", ""title"": ""..."", ""channel"": ""..."", ""video_type_category"": ""...""}]",youtube,medium,,1
2_0_tdi_pd_multiple_failures,"2.0 TDI PD dual mass flywheel, oil, fuel pump, camshaft, cylinder head",TDI PD Issues,engine,chronic_failure,high,high,"[""2.0_TDI_PD""]",,,"Multiple potential problems including dual mass flywheel failure, oil consumption, fuel pump issues, worn camshaft, and cracked cylinder head.",Design and wear-related failures in various engine components.,Component-specific repairs or replacements.,"[""Excessive vibration"", ""High oil consumption"", ""Loss of power"", ""Unusual engine noise""]",Check service history for oil consumption and listen for flywheel rattle. Inspect for oil leaks and consider a compression test.,1,1,"[{""video_id"": ""Vz1j3JU8E6M"", ""title"": ""..."", ""channel"": ""..."", ""video_type_category"": ""...""}]",youtube,medium,Multiple distinct but related failure points for this engine.,1
dsg_gearbox_problems,DSG gearbox electronic or mechanical problems,DSG Issues,gearbox,intermittent_fault,high,medium,[],,,The DSG automatic gearbox can have electronic or mechanical problems.,"Mechatronic unit failure, clutch wear, or electronic control faults.",Diagnosis and repair or replacement of mechatronic unit or clutches.,"[""Jerky shifts"", ""Gearbox warning light"", ""Slipping clutches"", ""Delayed engagement""]",Test drive for smooth shifts. Check for fault codes and service history of gearbox oil changes.,1,1,"[{""video_id"": ""Vz1j3JU8E6M"", ""title"": ""..."", ""channel"": ""..."", ""video_type_category"": ""...""}]",youtube,medium,"Applies to both DQ200 (dry) and DQ250 (wet) DSG units, though specific faults may differ.",1
1_4_tsi_twincharger_compressor,1.4 TSI twincharger compressor problem,Twincharger Issue,engine,chronic_failure,high,medium,"[""1.4_TSI""]",,,The 1.4 TSI twincharger can have problems with its compressor.,Failure of the supercharger clutch or related components.,Repair or replacement of supercharger components.,"[""Loss of boost"", ""Unusual noise from supercharger"", ""Check engine light""]",Listen for unusual noises from the supercharger and test for full boost pressure.,1,1,"[{""video_id"": ""Vz1j3JU8E6M"", ""title"": ""..."", ""channel"": ""..."", ""video_type_category"": ""...""}]",youtube,medium,Specific to the twincharged (supercharged and turbocharged) 1.4 TSI engine.,1
door_wiring_harness_failure,Door wiring harness damage causing electrical failures,Door wiring damage,electrical,chronic_failure,medium,high,"[""all""]",,,Windows and other electrical functions in the door do not work.,Wiring harness fatigue or damage at door hinge area,Replace or repair damaged wiring harness section,"[""Intermittent window operation"", ""Door lock malfunctions""]",Check all door electrical functions repeatedly; inspect wiring boot at door hinge for cracks or exposed wires.,1,1,"[{""video_id"": ""DsTJ1tT2OH0"", ""title"": """", ""channel"": """", ""video_type_category"": ""organic""}]",youtube,medium,Common in many VW models of this era due to flexing.,1
door_hatch_wiring_harness_failure,Door and hatch wiring harness damage causing electrical failures,Wiring harness damage,electrical,chronic_failure,medium,high,"[""all""]",,,"Windows, door locks, hatch release, or rear wiper do not work due to wiring damage at hinge points.",Wiring harness fatigue or damage at door or hatch hinge area,Replace or repair damaged wiring harness section,"[""Intermittent window operation"", ""Door lock malfunctions"", ""Intermittent hatch release"", ""Rear wiper failure""]",Check all door and hatch electrical functions repeatedly; inspect wiring boots at door and hatch hinges for cracks or exposed wires.,1,1,"[{""video_id"": ""DsTJ1tT2OH0"", ""title"": """", ""channel"": """", ""video_type_category"": ""organic""}]",youtube,medium,Common in many VW models of this era due to flexing. Merged door and hatch issues.,1
fsi_tfsi_fuel_system_issues,FSI/TFSI high-pressure fuel pump and sensor faults,Fuel System,fuel,intermittent_fault,high,medium,"[""2.0_FSI"", ""2.0_TFSI""]",,,Check engine light is on and the car is down on power. May be due to fuel pump failure or sensor connector issues.,High-pressure fuel pump (HPFP) failure or fuel sensor pin pulling from connector.,Replace faulty fuel pump or repair/replace sensor connector.,"[""Check engine light"", ""Loss of power"", ""Hard starting""]",Scan for fuel pressure related fault codes. Inspect fuel sensor connector for loose pins.,1,1,"[{""video_id"": ""DsTJ1tT2OH0"", ""title"": ""..."", ""channel"": ""..."", ""video_type_category"": ""...""}]",youtube,medium,Merged HPFP failure and fuel sensor connector issues as related fuel system faults.,1
dsg_gearbox_problems,DSG gearbox electronic or mechanical problems,DSG Issues,gearbox,intermittent_fault,high,medium,[],,,The DSG automatic gearbox can have electronic or mechanical problems.,"Mechatronic unit failure, clutch wear, or electronic control faults.",Diagnosis and repair or replacement of mechatronic unit or clutches.,"[""Jerky shifts"", ""Gearbox warning light"", ""Slipping clutches"", ""Delayed engagement""]",Test drive for smooth shifts. Check for fault codes and service history of gearbox oil changes.,1,1,"[{""video_id"": ""Vz1j3JU8E6M"", ""title"": ""..."", ""channel"": ""..."", ""video_type_category"": ""...""}]",youtube,medium,"Applies to both DQ200 (dry) and DQ250 (wet) DSG units, though specific faults may differ.",1
1_4_tsi_twincharger_compressor,1.4 TSI twincharger compressor problem,Twincharger Issue,engine,chronic_failure,high,medium,"[""1.4_TSI""]",,,The 1.4 TSI twincharger can have problems with its compressor.,Failure of the supercharger clutch or related components.,Repair or replacement of supercharger components.,"[""Loss of boost"", ""Unusual noise from supercharger"", ""Check engine light""]",Listen for unusual noises from the supercharger and test for full boost pressure.,1,1,"[{""video_id"": ""Vz1j3JU8E6M"", ""title"": ""..."", ""channel"": ""..."", ""video_type_category"": ""...""}]",youtube,medium,Specific to the twincharged (supercharged and turbocharged) 1.4 TSI engine.,1
oil_filter_housing_leak,Oil filter housing oil leak,Oil Leak,engine,fluid_leak,low,high,"[""2.0_FSI"", ""2.0_TFSI""]",,,Oil is visibly leaking from the oil filter housing.,Failed housing gasket or seal.,Replace oil filter housing gasket.,"[""Oil spots under car"", ""Low oil level"", ""Burning oil smell""]",Inspect the oil filter housing area for fresh oil residue.,1,1,"[{""video_id"": ""DsTJ1tT2OH0"", ""title"": ""..."", ""channel"": ""..."", ""video_type_category"": ""...""}]",youtube,medium,A common minor leak point.,1
headliner_sagging,Headliner completely falling down,Headliner sagging,body,wear_item,low,high,"[""all""]",,150k+ km,The fabric headliner detaches and sags from the roof.,"Adhesive failure due to age, heat, or humidity",Re-glue or replace headliner fabric,"[""Sagging fabric at edges"", ""Bubbles in headliner""]","Check roof lining for any sagging, especially near sunroof and edges.",1,1,"[{""video_id"": ""DsTJ1tT2OH0"", ""title"": """", ""channel"": """", ""video_type_category"": ""organic""}]",youtube,medium,Common in many older vehicles.,1
soft_touch_material_peeling,Soft touch material peeling on interior trim,Interior peeling,body,wear_item,low,high,"[""all""]",,100k+ km,"Soft-touch coatings on interior trim, like the shifter bezel, peel off.",Degradation of soft-touch coating over time,"Remove old coating and refinish, or replace trim","[""Sticky or tacky feel on surfaces"", ""Flaking coating""]","Inspect frequently touched interior surfaces like shifter surround, door pulls, and steering wheel.",1,1,"[{""video_id"": ""DsTJ1tT2OH0"", ""title"": """", ""channel"": """", ""video_type_category"": ""organic""}]",youtube,medium,Typical for VW interiors of this generation.,1
suspension_boot_splits,CV boot and tie rod boot splits,Boot splits,suspension,wear_item,medium,high,"[""all""]",,80k-150k km,"The rubber boots on CV joints or tie rod ends are torn open, leading to contamination.","Rubber degradation, age, or damage","Replace CV boot and repack with grease, or replace outer tie rod end.","[""Grease slung around wheel well"", ""Clicking noise on turns"", ""Loose steering feel"", ""Uneven tire wear""]","Visually inspect both front CV boots and tie rod boots for tears, cracks, or grease leakage.",1,1,"[{""video_id"": ""DsTJ1tT2OH0"", ""title"": """", ""channel"": """", ""video_type_category"": ""organic""}]",youtube,medium,"If left unfixed, leads to CV joint or tie rod end failure. Merged CV and tie rod boot issues.",1
hatch_wiring_harness_failure,Hatch wiring harness damage,Hatch wiring damage,electrical,chronic_failure,medium,high,"[""all""]",,,The rear hatch does not open and the wiper does not work.,Wiring harness fatigue or damage at hatch hinge area,Replace or repair damaged wiring harness section,"[""Intermittent hatch release"", ""Rear wiper failure""]",Operate hatch release and rear wiper multiple times; inspect wiring boot at hatch hinge.,1,1,"[{""video_id"": ""DsTJ1tT2OH0"", ""title"": """", ""channel"": """", ""video_type_category"": ""organic""}]",youtube,medium,,1
headliner_sagging,Headliner completely falling down,Headliner sagging,body,wear_item,low,high,"[""all""]",,150k+ km,The fabric headliner detaches and sags from the roof.,"Adhesive failure due to age, heat, or humidity",Re-glue or replace headliner fabric,"[""Sagging fabric at edges"", ""Bubbles in headliner""]","Check roof lining for any sagging, especially near sunroof and edges.",1,1,"[{""video_id"": ""DsTJ1tT2OH0"", ""title"": """", ""channel"": """", ""video_type_category"": ""organic""}]",youtube,medium,Common in many older vehicles.,1
soft_touch_material_peeling,Soft touch material peeling on interior trim,Interior peeling,body,wear_item,low,high,"[""all""]",,100k+ km,"Soft-touch coatings on interior trim, like the shifter bezel, peel off.",Degradation of soft-touch coating over time,"Remove old coating and refinish, or replace trim","[""Sticky or tacky feel on surfaces"", ""Flaking coating""]","Inspect frequently touched interior surfaces like shifter surround, door pulls, and steering wheel.",1,1,"[{""video_id"": ""DsTJ1tT2OH0"", ""title"": """", ""channel"": """", ""video_type_category"": ""organic""}]",youtube,medium,Typical for VW interiors of this generation.,1
cv_boot_split,Outer CV boot split,CV boot split,suspension,wear_item,medium,high,"[""all""]",,80k-150k km,The rubber boot on the CV joint is torn open.,"Rubber degradation, age, or damage",Replace CV boot and repack with grease,"[""Grease slung around wheel well"", ""Clicking noise on turns""]","Visually inspect both front CV boots for tears, cracks, or grease leakage.",1,1,"[{""video_id"": ""DsTJ1tT2OH0"", ""title"": """", ""channel"": """", ""video_type_category"": ""organic""}]",youtube,medium,"If left unfixed, leads to CV joint failure.",1
tie_rod_boot_split,Outer tie rod boot split,Tie rod boot split,suspension,wear_item,medium,high,"[""all""]",,80k-150k km,The protective boot on the outer tie rod is torn.,"Rubber degradation, age, or damage",Replace outer tie rod end,"[""Loose steering feel"", ""Uneven tire wear""]",Check tie rod boots for integrity during pre-purchase inspection; look for grease or dirt ingress.,1,1,"[{""video_id"": ""DsTJ1tT2OH0"", ""title"": """", ""channel"": """", ""video_type_category"": ""organic""}]",youtube,medium,Contamination can lead to premature tie rod end wear.,1
sunroof_motor_failure,Sunroof does not open,Sunroof failure,electrical,intermittent_fault,low,high,"[""all""]",,,The sunroof is inoperative and does not open.,"Motor failure, wiring issue, or mechanism jam","Replace motor, repair wiring, or clear obstruction","[""Slow or noisy operation before failure"", ""Intermittent function""]",Test sunroof open/close and tilt functions multiple times.,1,1,"[{""video_id"": ""DsTJ1tT2OH0"", ""title"": """", ""channel"": """", ""video_type_category"": ""organic""}]",youtube,medium,May also be related to drainage issues causing electrical faults.,1
boost_pipe_oil_leak,Boost pipe oil leak,Boost pipe leak,engine,fluid_leak,medium,high,"[""2.0_FSI"", ""2.0_TFSI""]",,60k-120k km,Oil is leaking from a boost pipe connection.,Failed seals or loose clamps at intercooler/boost pipe connections,Replace seals or tighten/replace clamps,"[""Oil residue around boost pipes"", ""Reduced boost pressure""]",Inspect boost pipe connections and intercooler for oil seepage.,1,1,"[{""video_id"": ""DsTJ1tT2OH0"", ""title"": """", ""channel"": """", ""video_type_category"": ""organic""}]",youtube,medium,Common on turbocharged engines; can indicate PCV system issues.,1
rear_main_seal_leak,Oil leak at rear of engine,Rear main seal leak,engine,fluid_leak,high,high,"[""2.0_FSI"", ""2.0_TFSI""]",,100k-200k km,Oil is leaking down the backside of the engine and transmission.,Failed rear main crankshaft seal,Replace rear main seal; requires transmission removal,"[""Oil spots under car near bellhousing"", ""Low oil level""]",Check for oil at the junction between engine and transmission; use a mirror or borescope if possible.,1,1,"[{""video_id"": ""DsTJ1tT2OH0"", ""title"": """", ""channel"": """", ""video_type_category"": ""organic""}]",youtube,medium,Expensive repair due to labor; confirm source before proceeding.,1
dsg_park_latch_failure,DSG does not hold in park,DSG park failure,gearbox,chronic_failure,high,high,"[""2.0_FSI"", ""2.0_TFSI""]",,,The car rolls when placed in the park gear position.,Faulty park lock mechanism or linkage in DSG transmission,Repair or replace park lock mechanism,"[""Difficulty engaging park"", ""Unusual noises from shifter""]","On a slope, place car in park, release brake, and check if it holds; inspect shifter mechanism.",1,1,"[{""video_id"": ""DsTJ1tT2OH0"", ""title"": """", ""channel"": """", ""video_type_category"": ""organic""}]",youtube,medium,Safety critical issue; requires immediate attention.,1
ignition_switch_wear,Key rotates freely in door lock cylinder,Door lock wear,electrical,wear_item,medium,medium,"[""all""]",,,The key rotates freely in the door lock cylinder without engaging.,Worn lock cylinder or ignition switch mechanism,Replace door lock cylinder or ignition switch assembly,"[""Key feels loose in lock"", ""Difficulty turning key""]",Test key operation in all door locks and ignition,1,1,"[{""video_id"": ""DsTJ1tT2OH0"", ""title"": """", ""channel"": """", ""video_type_category"": ""organic""}]",youtube,medium,,1
sunroof_motor_failure,Sunroof does not open,Sunroof failure,electrical,intermittent_fault,low,high,"[""all""]",,,The sunroof is inoperative and does not open.,"Motor failure, wiring issue, or mechanism jam","Replace motor, repair wiring, or clear obstruction","[""Slow or noisy operation before failure"", ""Intermittent function""]",Test sunroof open/close and tilt functions multiple times.,1,1,"[{""video_id"": ""DsTJ1tT2OH0"", ""title"": """", ""channel"": """", ""video_type_category"": ""organic""}]",youtube,medium,May also be related to drainage issues causing electrical faults.,1
boost_pipe_oil_leak,Boost pipe oil leak,Boost pipe leak,engine,fluid_leak,medium,high,"[""2.0_FSI"", ""2.0_TFSI""]",,60k-120k km,Oil is leaking from a boost pipe connection.,Failed seals or loose clamps at intercooler/boost pipe connections,Replace seals or tighten/replace clamps,"[""Oil residue around boost pipes"", ""Reduced boost pressure""]",Inspect boost pipe connections and intercooler for oil seepage.,1,1,"[{""video_id"": ""DsTJ1tT2OH0"", ""title"": """", ""channel"": """", ""video_type_category"": ""organic""}]",youtube,medium,Common on turbocharged engines; can indicate PCV system issues.,1
rear_main_seal_leak,Oil leak at rear of engine,Rear main seal leak,engine,fluid_leak,high,high,"[""2.0_FSI"", ""2.0_TFSI""]",,100k-200k km,Oil is leaking down the backside of the engine and transmission.,Failed rear main crankshaft seal,Replace rear main seal; requires transmission removal,"[""Oil spots under car near bellhousing"", ""Low oil level""]",Check for oil at the junction between engine and transmission; use a mirror or borescope if possible.,1,1,"[{""video_id"": ""DsTJ1tT2OH0"", ""title"": """", ""channel"": """", ""video_type_category"": ""organic""}]",youtube,medium,Expensive repair due to labor; confirm source before proceeding.,1
dsg_park_latch_failure,DSG does not hold in park,DSG park failure,gearbox,chronic_failure,high,high,"[""2.0_FSI"", ""2.0_TFSI""]",,,The car rolls when placed in the park gear position.,Faulty park lock mechanism or linkage in DSG transmission,Repair or replace park lock mechanism,"[""Difficulty engaging park"", ""Unusual noises from shifter""]","On a slope, place car in park, release brake, and check if it holds; inspect shifter mechanism.",1,1,"[{""video_id"": ""DsTJ1tT2OH0"", ""title"": """", ""channel"": """", ""video_type_category"": ""organic""}]",youtube,medium,Safety critical issue; requires immediate attention.,1
ignition_switch_wear,Key rotates freely in door lock cylinder,Door lock wear,electrical,wear_item,medium,medium,"[""all""]",,,The key rotates freely in the door lock cylinder without engaging.,Worn lock cylinder or ignition switch mechanism,Replace door lock cylinder or ignition switch assembly,"[""Key feels loose in lock"", ""Difficulty turning key""]",Test key operation in all door locks and ignition,1,1,"[{""video_id"": ""DsTJ1tT2OH0"", ""title"": """", ""channel"": """", ""video_type_category"": ""organic""}]",youtube,medium,,1
airbag_system_faults,Airbag warning light illuminated,Airbag fault,electrical,sensor_fault,high,medium,"[""all""]",,,Airbag warning light is illuminated on the instrument cluster.,"Faulty airbag sensor, clock spring, or control module",Diagnose with scan tool and replace faulty component,"[""Warning light on dashboard""]",Check for airbag warning light during ignition cycle,1,1,"[{""video_id"": ""DsTJ1tT2OH0"", ""title"": """", ""channel"": """", ""video_type_category"": ""organic""}]",youtube,medium,,1
ac_refrigerant_pressure_fault,Air conditioning system inoperative,A/C failure,cooling,sensor_fault,medium,medium,"[""all""]",,,Air conditioning system is completely inoperative.,"Refrigerant pressure fault, leak, or compressor failure","Check refrigerant pressure, repair leaks, replace compressor if needed","[""A/C blows warm air"", ""Unusual noises from compressor""]",Test A/C operation and listen for compressor engagement,1,1,"[{""video_id"": ""DsTJ1tT2OH0"", ""title"": """", ""channel"": """", ""video_type_category"": ""organic""}]",youtube,medium,,1
airbag_system_faults,Airbag warning light illuminated,Airbag fault,electrical,sensor_fault,high,medium,"[""all""]",,,Airbag warning light is illuminated on the instrument cluster.,"Faulty airbag sensor, clock spring, or control module",Diagnose with scan tool and replace faulty component,"[""Warning light on dashboard""]",Check for airbag warning light during ignition cycle,1,1,"[{""video_id"": ""DsTJ1tT2OH0"", ""title"": """", ""channel"": """", ""video_type_category"": ""organic""}]",youtube,medium,,1
ac_refrigerant_pressure_fault,Air conditioning system inoperative,A/C failure,cooling,sensor_fault,medium,medium,"[""all""]",,,Air conditioning system is completely inoperative.,"Refrigerant pressure fault, leak, or compressor failure","Check refrigerant pressure, repair leaks, replace compressor if needed","[""A/C blows warm air"", ""Unusual noises from compressor""]",Test A/C operation and listen for compressor engagement,1,1,"[{""video_id"": ""DsTJ1tT2OH0"", ""title"": """", ""channel"": """", ""video_type_category"": ""organic""}]",youtube,medium,,1
