topic,terms_frex,prevalence,prevalence_tech,technical_signal,chronic_signal,min_km,max_km,avg_km,representative_text,prevalence_blended,prevalence_pct,mileage_range
1,"philips, 4300k, vision, osram_xenarc_original_d3s, ampullerle, far_ayari_yaptirmaniz, h11, far_ayari, osram, 6000k",0.04925541113122371,0.04051509202939163,1.3055519161098241,0.6225457326067358,10000,90000,19000,"[...mediada cikmiyor ise en basiti vagcom cihazi baglanip arizanin nereden geldigi tespit edilebilir... yada servise... mediada cikmiyor ise en basiti vagcom cihazi baglanip arizanin nereden geldigi tespit edilebilir... yada servise... bujilerden birisi olabilir... yakit aldi isen sulu olabilir... eve v...] | [...golf 7 1.2tsi arac sahibiyim. rampada geri geri gitmeye calisirken arac ileriye dogru kaciriyoe kendim kavrama yapip geriye cikiyorum. is yerimin onu dolayisiyla rampaya park ediyorum geri geri gitmeye calisirken one kaciriyor 9 seneden sonra ara ara surekli basima geldi vw servisi sorun yok diyor 9...] | [...2016 1,6tdi 73b dsg 2016 1,6tdi 73b dsg dun yaklasik 1 saat kadar trafikte dur kalk yaptim trafigin son kismi ciddi manada egimli yokus bir yerde oldu, yokusa gelmeden once hicbir sorun kacirma titreme vs yoktu. yokus basladi ve arkamdaki arac cok dibime girdi normalde hold kullanmiyorum ve ayagimi ...]",0.04532226753539928,4.5,10000 - 90000 km
2,"takoz, amortisor, amortisor_rulmanini, cevirirken, lemforder, yaylari, fag, 1500-2000, 318203, 35mm",0.045293423968005696,0.04945989742148127,1.967743006159691,0.8516702397082796,4000,127200,73000,[...merhaba arkadaslar. 2013 model 1.2 tsi manuel comfortline araca sahibim.videodaki su kacagi yuzunden ustaya goturmustum araci su termostatini degistirmisti. ancak 2 ay sonra farkettim ki aracda su bitmisti. yine ayni sorun ayni yerde devam ediyor. baska bir ustaya goturdum. termostatin degistigini s...] | [...aracim 2014 model 69.000km’de 1.6 tdi manuel ve birkac aydir devam eden bir sorunum var. arac rolantide veyahut hareket halindeyken bile gaza bastigimda 2200-2500 devir araliginda trim ses geliyor. 3000 devirde ayagimi gazdan kestigimde devir saati yine 2500 bandina dustugunde o ses geliyor. sanki a...] | [...merhaba yakin zamanda 2013 model golf 1.4 tsi dsg 165.000 km arac aldim fakat aldigimdan bu yana sorun bitmiyor suan arac d de hareket etmeye basladigi an 2 kmh geldiginde vitesi 2 ye atiyor ve  2 viteste de araci zor kaldiriyor  bir cok yeri arastirdik denilen sey 1. vites araci hareket ettirmek ic...],0.047168337022069705,4.7,4000 - 127000 km
3,"capaklanma, bituself, p00af00, tesbih, enjektor, fiskiye, silecegi, swf, enjektorler, zannederim",0.05838303786583939,0.05795742509363257,1.632119148684986,0.8025136712920655,5000,113200.00000000003,50000,[...arabada rolantide lambur lumbur ses gelmeye basladi ustaya baktirdim sarj dinamosu kasnagi kitlemis dedi. bu parca boyle sakir sukur ses yaparmi. basina gelen oldumu arabada rolantide lambur lumbur ses gelmeye basladi ustaya baktirdim sarj dinamosu kasnagi kitlemis dedi. bu parca boyle sakir sukur s...] | [...merhabalar 2015 model golf 7 tdi bluemotion comfortline aracimda dun sabah devir saatindeki teklemeyi farkettim. arac bosta gaz verip ayaginizi gazdan cekindice ozelikle 1200-1300 den gibi devirde duserken titreme yapiyor kadran. boyle bir sorun yasayan oldumu daha once neden olur acaba bilgisi olan...] | [...hocam arac yili ve motorun genisten cekilmis resmini paylasirsaniz yardimci olmaya calisalim. hocam arac yili ve motorun genisten cekilmis resmini paylasirsaniz yardimci olmaya calisalim. ciddi bir yag kacagi gibi duruyor. bakimda yag doldururken dokulmus olamaz cunku yag eski sanzimanda yag kacagi ...],0.05819151211834633,5.8,5000 - 113000 km
4,"lcd, demirde, kemikli, logolari, nem, mib, buhulu, cokmesi, fasilali, getvay",0.05529489338030465,0.04778456944253687,1.383028325145255,0.6625220386340257,4800.000000000001,114400.00000000003,54000,"[...oncelikle herkese merhabalar,iyi gunler.son 15 gundur arabanin ici garip bir sekilde bugu yapiyor.klimayi cama verince kesiliyor,ancak normal auto'ya cekince tekrardan hizli ve fazla sekilde bugu yapiyor.ayni zamanda acayip kotu koku ve nem yapiyor.ilk basta yikamadan sonra paspaslari islak biraktil...] | [...selamlar, aracim 250 bin km'de 1.6 tdi clh kodlu motora sahip. asagidaki videoyu uzun zaman once yuklemistim fakat son zamanlarda inanilmaz artan sikayetim mevcuttu. her mars bastigimda silindirlerin icerisi su doldugu icin motor mars basamayip kitliyordu, her gun sogutma kabina su eklemek zorunda k...] | [...selamlar degerli arkadaslar. golf 2016 1.2 tsi dsg aracim 125 bin km de. aracimdan kis lastikleri takiliyken 80-90 km hizda rahatsiz edici ugultu sesi gelmeye basladi. lastikten veya porye bilyasindan gelebilecegi dusuncesiyle iki ustaya gosterdim ama bilyadan olmadigini soylediler. yaz lastiklerini...]",0.05191524760830915,5.2,5000 - 114000 km
5,"far, led, aydinlatmasindan, farlardan, kapanmadi, afs, uzunlari, ledleri, farda, halojen",0.1009370527493313,0.07558126787330172,1.000215447268839,0.6077064869318435,4600.000000000002,94000.00000000006,26000,"[...bugun basima geldi misafirimiz vardi yolcu edecektik hali ile valizler esya cok otogara kadar her neyse araci yukledim otagara geldigimizde bagaji acmaya calistim ses geliyor acilmiyor.... bugun basima geldi misafirimiz vardi yolcu edecektik hali ile valizler esya cok otogara kadar her neyse araci y...] | [...hafta sonu kirklareli igneada yolunda ilerlerken (bol viraj ve yokuslu bir yol) 5 dakika mola verdim. akabinde araca binip tekrar calistirdigimda, arac titresimli bir sekilde calismaya basladi ve ekranda start stop hatasi verdi. gecici bir hata oldugunu dusundum ve start stopu iptal edip yola devam ...] | [...dun yeni lastiklere gectim, balans yaptilar. sonrasinda rot yaptirdim. arac saga cekmeye devam ediyordu. bugun baska bir yere rot, balans yaptirdim. onlarda ilk gittigim yerin arka rotlara bakmadigini, halledeceklerini belirttiler. ugrastilar yaptilar. ancak sorun yine cozulmedi. dun yeni lastiklere...]",0.089526949555118,9,5000 - 94000 km
6,"yurumuyor, c28, bara, follow, tupten, tupu, guclendirilmis, mekatronik, plate, tupun",0.05251692848993262,0.05802905260956614,1.6792573465144842,0.9850063946982067,4200.000000000001,108000.00000000004,27500,"[...merhabalar. yaklasik 1 hafta once 1.6 tdi aracimda hafif sarsinti olmaya basladi. ben once soguk havadan oldugunu dusunup cok onemsemedim. sonra baktim motor sicakken de isiklarda bekledigimde dengesiz bir sarsinti yapiyordu. her zaman yapmiyordu ama yaptiginda da can sikiyordu. daha sonra evin onun...] | [...1.2 tsi aracimin v kayisinin etrafina sicrayan ,bir yag serpilmesi soz konusu. 1.2 tsi aracimin v kayisinin etrafina sicrayan ,bir yag serpilmesi soz konusu. krank kasnagi ve klima komp. kasnaginin cevresine dondukce sicramis yag tanecikleri var. gecen hafta servise gosterdim birlikte lift ile kaldi...] | [...golf 7 1.4 tsi act bmt dsg 2015 model aracimin 120.000 km agir bakimlarini yaptirmaya gitmisken kavramadan da ses geldigini farkedip onun da degismesi icin gerekli islemlere baslamistim. ustamin ""bu kadar acmisken volani da degistirelim mi?"" demesinden sonra gerekli ise bakalim abi en azindan bir fi...]",0.054997384343767705,5.5,4000 - 108000 km
7,"tipa, fat32, tipalar, byte, tipayi, menfez, logo, bijon, g40, genisligi",0.05170191338072341,0.04568578158129319,1.3066898113379275,0.7567111727828502,5000,103600.00000000003,30000,[...henuz yeni obdeleven cihazi aldim ve golf7 aracima bagladim. hatalari tarattigimda asagidaki hata kodu cikiyor. hatalari silip tekrar tarattigimda yine ayni hata kodunu aliyorum. araci 2. el olarak aldim ve hicbir gizli ozelligini henuz acmadim. bu hata kodu hakkinda yardimci olabilir misiniz bana? ...] | [...arkadaslar selamlar. 1.2 tsi 2016 golfum var. aracim kisa mesafe gittikten sonra stop edip tekrar calistiginda motor isigi yanip yanip sonuyor gaza bastigimda motor titriyor start-stop hatasi veriyor. bir sure bekledikten sonra o motor isigi kendi kendine sonuyor titreme sorunu ortadan kalkiyor en s...] | [...dun bir sorun fark ettim gecen sene 3.stop lambasini frene basinca yanip sonen cakar dedikleri seyden yaptirdim sorun yoktu gecenlerde fark ettim 2 tane ledi patlamis gittim atolye semihte yaptirdim zar zor yapti orda isten pek anlamayan bir calisan vardi zaten trim isciliginden belliydi hic kibar d...],0.04899465407097982,4.9,5000 - 104000 km
8,"regen, polisaj, dpf'in, rejenerasyon, rejenerasyona, partikul, oil_ash, dpf_temizligi, dpf, dpfi",0.041118862727178754,0.03885257395655268,1.5474219071317157,0.7588717854936319,6600.000000000001,120000,82500,"[...merhaba 1.6 tdi golf 7 aracim 1000 devirde calisiyordu rejenerasyona girmis bende kenara cektim kendi kendine temizlemesini bekledim zamanim da vardi 45 dk falan araba rolanti de calisti.sonra devir dustu bende stop ettim.5 dk sonra calistirip yola ciktim tekrar 1000 devirde calismaya basladi sonra ...] | [...2014 model 1.6 tdi midline plus manuel  aracimda sanziman tarafinda ozellikle sola donuslerde surtme sesi gibi bir ses geliyordu. 14.06.2021 pazartesi gunu servisten randevu alarak konya gokmen otomotiv'e  araci teslim ettim. az once servis danismanim aradi ve difransiyel bilyasi, keceleri contalari...] | [...arkadaslar merhava aracim 1.6 tdi dsg golf 7.araci calistiriyorsun normal seyahatini yapiyorsun 15 20 km. sonra park edip stop ediyorsun. 15 dk sonra bi daha calistirip devam ediyorsun.iste tam bu esnada arac calisir halde durup frene  bastiginda bir titreme basliyor gaza bastin mi duruyor az ilerde...]",0.04009903278039702,4,7000 - 120000 km
9,"tikirt, pla, kararan, aktivasyonu, beyinli, flac, isiklardan, kararan_dikiz_aynasi_montaji, karsilasan_oldumu, kimiside",0.05644684555466469,0.05143976192682156,1.4681392652270062,0.7386032380555458,3000,106400.00000000003,27250,"[...golf 7 aracimda tumseklerden gecerken on takimdan gelen gicirti sesleri mevcut ve sanirim artik cozumunun ne oldugu herkesce bilinen bir sorun. ustama da gosterdigimde salincak burclarinin degismesi gerektigini soyledi. asil sorum su ki daha once burclari degistiren arkadaslar hangi markayla degisti...] | [...herkese selamlar. benim aracimda kontagi actigimda ve calistirdigimda fotografta gordugunuz lambalar yanik kaliyor. az ilerledigimde abs sonuyor kirmizi fren lambasi yanmaya devam ediyor. bir sure sonra o da sonebiliyor bazen, yada az ilerleyip kontak kapa ac yaptigimda hepsi sonuyor bidaha yanmiyor...] | [...arkadaslar arac yavas giderken bi vuruntu sesi geliyor hizlaninca ya ses kesiliyor yada ben duymuyorum.lastige vida girmis ondan saniyordum simdi lastikciye geldim bi baktim balata buyuk ihtimal bitmis ondan dolayi ses geliyor olabilir mi ? arkadaslar arac yavas giderken bi vuruntu sesi geliyor hizl...]",0.054193657922135284,5.4,3000 - 106000 km
10,"hths, mekatronik_unite, cst, derecedeki, poe, motul, 10w60, ios, castrol, sentetik",0.040979302030893595,0.03961663641650546,1.7334760539573966,0.6836547016259327,5400.000000000002,155800.00000000003,104775,"[...herkese iyi forumlar abilerim kardeslerim aracim golf 7 dizel 163 binde aracin sorununu bastan sona anlatayim oncelikle araci alali 2.5 ay falan oldu. onceki sahibi partikul ve egr iptali yapmis ancak partikulu ne sokmus ne de temizletmis full dolu tahminimizce. 1 hafta once yakit ve performans icin...] | [...iyi forumlar herkese. 2016 model 1.2 tsi bluemotion golf 7 aracim, 1. vitesi neredeyse hic tercih etmiyor. neredeyse kalkisi 2. viteste yapacak, bu yuzden hem arac cok zorlaniyor  hem de yakit tuketimi cok yukseliyor dusuk hacim nedeniyle. baska bir forumda gordugum dsg resetleme ile ilgili bahsedil...] | [...merhaba arkadaslar aracim golf 7 2013 1.2 tsi midline plus 160 bin km de araci alali 6 ay oldu ancak neredeyse her ay araca yag koyuyoruz 1 litre yag 1 ay gidiyor arac daha once de ayni sorunla servise girmis yapilan islemler fayda etmemis demekki hala devam ediyor volkswagen servisine gosterdigimiz...]",0.04036610250441894,4,5000 - 156000 km
11,"efb, agm, akuler, 70ah, efb_aku, cca, varta_agm_aku, varta_aku, varta_efb, 68ah",0.04474113388719692,0.046823649625136465,1.669672363445779,0.8944176129380389,5800,150000,72500,"[...merhaba, aracim 3 yilini yeni doldurdu. edremit d-550 3 seritli ana yolda gece saat 04 sularinda kirmizi isikta durdu, start stop devreye girdi, arac sustu. ancak yesil yandiginda arac calismadi; 12 v battery almost empty uyarisini aldim.gece karanliginda ana yolda 4luler bile calismiyordu, sikinti....] | [...arkadaslar, 2015 euro 6 1.2 tsi aracima az once bindim ve calistirdiktan 5 sn kadar sonra baya hissedilir bir sekilde tekleme oldu ve fotografta eklemis oldugum motor ariza isigi yanip sonmeye basladi, biraz bekleyip 1400-1500 devirlere getirdim bosta araci, ondan sonra duzeldi. sorun yakittan diye ...] | [...merhaba abilerim. 2016 model 1.2 tsi comf. golfum var. normalde fazla kullanan da birisi degilim fakat bu pandemi dolayisiyla bu kullanim orani daha da dustu. oncesinde de akumun bi degeri vardi adini unuttum o zaman da dusuk cikmisti normalden. degistirelim mi dedigimde su an gerek yok denmisti. bu...]",0.045678265969269716,4.6,6000 - 150000 km
12,"159.000, kontakta, helicoil, rezistans, esik, blk, buzz, cekince_susuyor, damlasi_seciliyken, eds",0.04337683511388966,0.043985264283326206,1.7008998634234105,0.8301385666740861,3000,104000.00000000006,30000,[...degerli forum uyeleri 2015 golf 7 1.6 tdi 110 bg aracim var . gecenlerde aldigim bir yakitin ardindan sabah zor calismaya basladi ve sogukken cekisten dusme yakit sarfiyatinda artma ve sogukken yuksek sesli calismaya basladi.  3 ozel servise ve  1 pompa ustasina  goturdum hepsi enjektor dedi yetkili...] | [...arkadaslar bu benim 3. golf 7’im ama nedense 2015 ikinci yari uretim bu aracimda daha 30 bin km’yi yeni doldurdum ama sorunlar cok ve garanti bitti. zaten isin ilginc yani garanti bitince basladi bu sorunlar. arkadaslar bu benim 3. golf 7’im ama nedense 2015 ikinci yari uretim bu aracimda daha 30 bi...] | [...arkadaslar merhaba baslikta da belirttigim uzere seyir halindeyken sag on kapidan titresim sesi geliyor bunun icin ne kullanmaliyim. ses sadece seyir halindeyken geliyor kapiyi acip kapatirken ses yok. wurth silikon sprey aldim fakat o daha cok arac ici trim veya kapi filtreleri icin kullaniliyormus...],0.0436506282401361,4.4,3000 - 104000 km
13,"rpm, 650, 23.3.1, etti̇, burcun, burc, tavanli, burclari, kasa, yataklarin",0.03594499448695197,0.03404366685106123,1.2962633732119648,0.8778123581057656,14000.000000000004,122800.00000000004,45000,"[...herkese iyi gunler, 2014 golf7 1.2tsi aracim son zamanlarda ilk calistirmada yuksek devirli calisiyor. gormek adina anlik yakit tuketimine baktigimda 2.4. 2.5 litreden 0.7 0.8 litreye yani normal rolanti haline dusmesi biraz zaman aliyor. neyin nesidir bu daha once olmazdi bilgisi olan varmi? herkes...] | [...1.4 tsi aracimda sikirdili titresimli calisma ve performans dususu yasamaya basladim. 1.4 tsi aracimda sikirdili titresimli calisma ve performans dususu yasamaya basladim. atesleme kontrol edildi bobin buji degisti. sorun herzaman yapmiyor genelde sogukken oluyor 1 dk sonra normale donuyor. arac ari...] | [...vcds ile dsg tupunun basincini nasil gorebiliriz ve olmasi beklenen degerler nedir? vcds ile dsg tupunun basincini nasil gorebiliriz ve olmasi beklenen degerler nedir? daha once asagidaki adimlari izleyerek sifirlama yapmistim fakat basinci da burada mi izlemeliyiz yoksa hareket halindeyken baska ye...]",0.035089397050801135,3.5,14000 - 123000 km
14,"korna, yastigi_uyarisi, airbag, alarm, yastigi, tusunun, kalktigimda, dwa, abs, po",0.048984725111870867,0.04432791125895969,1.5290982963100175,0.7001361878425945,4820.000000000001,86977.6,32000,"[...bayram oncesi aracin 105.000 bakimlarini yetkili serviste yaptirdim. gayet saglam bilgisini aldim. didim'e gidip geldim. 1600 km yol yaptim. hic sorun yasamadim. fakat geldigim gunun ertesinde sabah araci calistirmaya kalktigimda mars basiyor fakat motor calismiyordu. 4-5 defa denedim. sonra motor c...] | [...merhaba dostlar. 2016 mk7 golf 1.2 tsi dsg comfort aracimin rolantide titreme sorunu var 60bin bakimi geliyor. bujilerini ve filtrelerini degistirecegim etkisi olur mu bilmiyorum. ayni sorunu yasayan arkadaslarimiz var ise deneyimlerini paylasirsa cok sevinirim. merhaba dostlar. 2016 mk7 golf 1.2 ts...] | [...merhabalar, aracim 2014 manuel 1.4 tsi 73.000 de. ornek olarak 5.viteste giderken araba devir arttiriyor ve ekranda vitesi 4 ten 5 e yukseltin uyarisi cikiyor. 6.viteste giderken ayni sekilde 5 ten 6 ya at uyarisi geliyor yine araba aniden devir alarak. ustaya gosterdim baski balata daha gider dedi ...]",0.046889158878060846,4.7,5000 - 87000 km
15,"contitech, silikat, kayis, devirdaim, rot, devirdaim_pompasi, ina, triger, kayisi, rot_ayari",0.042082560315293754,0.05384966972393146,2.6295683369391796,0.8414835183312049,10000,120000,45000,[...arkadaslar merhaba 20 gun once aldigim 1.6 tdi 2013 126.000 km golf aracim sanziman hatasi verdi. arac vitese gecmiyor. ne d ye ne r ye. gaza basinca bostaymis gibi sadece gaz veriyor oda 1.500 2.000 devire kadar. arabayi evin onune cekebildim. arkadaslar merhaba 20 gun once aldigim 1.6 tdi 2013 126...] | [...arkadaslar selamlar. 200 km de 1.6 tdi golf 7 var birtane. 2013 model. sahibi ikinci sahibi ve 1 yildir kullaniyor. motoru hakkinda herturlu garantiyi veriyor. bende degisen motor parcalarini soruyorum ama bir turlu su degismis gibisinden birsey demiyor. istedigin servise gotur diyor. arkadaslar sel...] | [...2 hafta kadar once vw golf 2016 1.6 tdi dsg arac aldim. aracimda parikul arizasi mevcut ote yandan fren balatalarinin da degismesi gerekiyor bir de on takimda gicirti ses mevcut ozellikle kasis ve bozuk yollarda. rot&balans ayarida duzgun degil. biraz titreme de yapabiliyor yuksek hizlarda. yani asa...],0.04737775954918072,4.7,10000 - 120000 km
16,"bobinler, bujiler, buji, bobin, misfire, tekleme, sondu, bujiyi, epc, atesleme",0.05475910389522845,0.0666118931748924,2.1837690633648705,0.9562618720279439,4000,90000,30000,"[...merhabalar.aracim 2016 1.4 tsi 125 manuel.motor sogukken hic bir titreme yapmiyor ama   son 1 ayda motor yag sicakligi normal iken aracimin  2 kere rolantide kirmizi isikta beklerken  baya titredigini hissettim yani normalde de cok az bir titreme vardi ama bu 2 si onlara kiyasla daha fazlaydi yanimd...] | [...iyi forumlar, golf 7 1.2 tsi 190 km’de aracimda zaman gectikce artan ozellikle yokuslarda kendini belli eden alt devirlerde duyulan sakirdama, metalin metale vurmasi sesi gelmekteydi. ancak rolantideyken gaza bassam da bu ses hicbir turlu gelmiyor. ya da yokus asagi motor freni ile de inerken devir ...] | [...merhabalar 2014 1.4 tsi 140 act aracim var arac 112 binde aracta zaman zaman epc isigi yaniyodu arac titremeye sarsintili calismaya ve teklemeye basliyor sanki silindirlerden bazilari calismiyo gibi haziran ayinda ustaya goturdum buji ve bobinler degisti simdi tekrar aynisi oldu yine goturdum triger...]",0.060092859071077226,6,4000 - 90000 km
17,"2032, carglass, dumpvalve, pil, 2019.11.02, 653, 980, buharlastirma, bypass_valveforhighpressturbochargerturbine_inlet, date",0.04235082448226608,0.04274598707288011,1.6523888698560898,0.8324746281836994,10000,160000,100000,[...herkese merhabalar basimdan gecen surec cok ilginc ve servis ilk defa boyle bir durumla karsilastiklarini soyledi. aracim 2013 golf 1.2 tsi manuel 120 bin kilometrede. herkese merhabalar basimdan gecen surec cok ilginc ve servis ilk defa boyle bir durumla karsilastiklarini soyledi. aracim 2013 golf ...] | [...beyler gecen yil bu zamanlar balatalri douus oto da orjinali ile degistirdim. ilk etapta frene basinca ses gelmeye basladi. belli bir sure arabayi kullandiktan sonra geliyor ses... servise ve forumlarda sordum ilk degisiklik sonrasi gelebilecegini ve sonra 1-2 aya gececegini soylediler. fakat hala d...] | [...merhaba. bilmiyorum basina gelen var mi ama 2013 golf 7 dizel aracimda bazi zamanlarda ortalama yakit 40.9 litrelere cikmakta ve bunla birlikte yakit seviyesinde de hizla azalma gostermekte. bu surekli olan bisey degil ama tam olarak neyden kaynaklandigini cozemedim. bununla ilgili geri donusleriniz...],0.0425286476480424,4.3,10000 - 160000 km
18,"trw, ate, auto_hold, autohold, debriyaj, balata, disk, yokusta, balatalari, vitese",0.0651982357995526,0.07221714632905049,2.03565836134308,0.8392386947227463,10000,121000.00000000003,53661.5,[...aracima gecen hafta sifir aldigim on arka ate balata seti(orjinal oldugunu teyit ederek)ve on diskleri zimmermann delikli spor olaniyla degistirdim.balatalari degismeden once herhangi bir ses vs sorunum yoktu.arkalarim azalmisti onlerde 312 mm boyutuna gecmek icin keyfi olarak degistirdim.on balatal...] | [...yolda seyir halinde yokus asagi giderken dsg sanzumanda vitesi bosa almak araca zarar verir mi? fikriniz nedir? yolda seyir halinde yokus asagi giderken dsg sanzumanda vitesi bosa almak araca zarar verir mi? fikriniz nedir? arac kitapciginda onerilmiyor diye biliyorum. bir kac kere benim de yanlisli...] | [...selam ustadlar selam ustadlar yaklasik 400 km once arka balatalari ferodo ile degistirdim bitmemisti bir tarafin ici dengesiz asindigindan dolayi hic otme vikvikleme sorunum yoktu genelde fren esnasinda balata otme sesi olur bende tam tersi durum var balatadan midir anlayamadim 5 ~ 20 km arasi hizda...],0.06835674553782665,6.8,10000 - 121000 km
19,"petek, perte, yonlendirme, ayaklara, klima_yonlendirme, behr, guncellemeden, konsolu, buzda, cpt",0.0522602196204071,0.05074057902748313,1.428080372801159,0.8693841844491786,3400,84200.00000000001,32500,"[...merhaba, bahsettiginiz 1.6 dizel arkadasimda var. onceki nesillere gore daha iyi ama bana gore hala cok sesli ve arkalar bagimsiz suspansiyon olmadigindan dolayi cok konforsuz. 1.5 tsi varken 1.6 tercih etmemenizi oneririm. 1.5 tsi kullanicisiyim ve istanbul ici ortalamam 5.9 - 6.3, uzun yolda 4.2 g...] | [...aracim(2013 1.6 tdi golf) hafta once yolda giderken esc,direksiyon,abs ve lastik basinc lambalari aniden yandi sordugumda sorunun akuden oldugu soylendi. akuyu degistirdikten sonra sorun cozulmedi kontak actigimda abs ve lastik basinc yaniyor 3 4 saniye yol gittikten sonra sonuyor, ve 10 20 metre gi...] | [...arkadaslar golf 7 aracimda karda yada buzda fren yaptigimda abs devreye gidiyor ama yere vurma yapmiyor cit cit cit diye ses geliyor karda kayarken sanki abs calismiyor gibi. eski arabam yere basincli vuruyordu clio 4, fakat bu araba yere sert vurmuyor sadece cit cit cit diye geliyor.. arkadaslar go...]",0.051576381353591313,5.2,3000 - 84000 km
20,"eksiltme, eksilten, kulbutor, eksiltiyor, segmanlari, eksiltir, carbon_clean, yagin, yagda, silindir",0.018373696009244773,0.03973217430219572,4.5312787573919335,1.4621097290829046,5200,129200,32500,"[...aracim golf 7 2013 model 131.500 km de aracim golf 7 2013 model 131.500 km de 128 binde bakimlarini yaptirdim . dun yap seviyesi azaldi uyarisi verdi 1 lt yag koydum duzeldi . 3500-4000 km arasi uyari veriyor . sorun ne olabilir bilgisi olan var mi . merhaba, forumu incelerseniz 1.2 1.4 tsi larda ya...] | [...arkadaslar iyi gunler ismim omer foruma istanbul'dan yeni katiliyorum. 2013 142000 kilometrede golf 7 1.2 twi 105 manuel aracim var. 7 ay once 132 binde aldim. ilk sahibi 120 bin kilometreye kadar full yetkili servis bakimli kullanmis ampul patlagina bile servise gitmis faturalari duruyor. aldigim k...] | [...clh motor kodlu aracimda enjektor diplerinde tabiri caizse yag goleti olusmaya baslamisti. ozellikle 3.ve 4. enjektor dibinde. buna bagli olarak enjektor kecesi (contasi) degistirildi. contalari aldigim ilk parcaci arac sase koduna baktiktan sonra conta kutusundan 2'si farkli marka 4 tane conta verd...]",0.0279850112410727,2.8,5000 - 129000 km
