doc_name,dominant_topic,topic_gamma
doc_00001,1,0.38929096
doc_00002,1,0.36070013
doc_00003,14,0.23067044
doc_00004,9,0.35334393
doc_00005,11,0.17024295
doc_00006,1,0.53197265
doc_00007,1,0.50909954
doc_00008,11,0.2354394
doc_00009,2,0.26350674
doc_00010,12,0.20990579
doc_00011,5,0.14881808
doc_00012,1,0.29885027
doc_00013,5,0.16082752
doc_00014,11,0.31767225
doc_00015,4,0.11807632
doc_00016,1,0.3793885
doc_00017,13,0.26240826
doc_00018,12,0.095157556
doc_00019,2,0.3428217
doc_00020,1,0.40934652
doc_00021,1,0.1949885
doc_00022,6,0.23094173
doc_00023,10,0.23844905
doc_00024,6,0.18261977
doc_00025,8,0.11042456
doc_00026,14,0.1512051
doc_00027,6,0.12713352
doc_00028,12,0.33692056
doc_00029,1,0.27322358
doc_00030,1,0.21505769
doc_00031,4,0.43971983
doc_00032,1,0.31902373
doc_00033,1,0.40559372
doc_00034,3,0.12017785
doc_00035,1,0.5250837
doc_00036,14,0.09933558
doc_00037,13,0.10724778
doc_00038,2,0.27752522
doc_00039,5,0.3211175
doc_00040,1,0.5497145
doc_00041,13,0.42189854
doc_00042,12,0.19027652
doc_00043,10,0.13848294
doc_00044,1,0.34095797
doc_00045,12,0.12341403
doc_00046,1,0.5264959
doc_00047,1,0.20896396
doc_00048,5,0.1776576
doc_00049,14,0.27171716
doc_00050,13,0.31362653
doc_00051,12,0.64420104
doc_00052,1,0.2844605
doc_00053,9,0.44019815
doc_00054,13,0.3342731
doc_00055,13,0.18602674
doc_00056,1,0.50788504
doc_00057,12,0.10853121
doc_00058,2,0.3353587
doc_00059,9,0.32524833
doc_00060,4,0.13928753
doc_00061,10,0.26882163
doc_00062,13,0.48129755
doc_00063,1,0.5152696
doc_00064,1,0.28850853
doc_00065,14,0.25594103
doc_00066,1,0.4551651
doc_00067,5,0.20809661
doc_00068,12,0.5522335
doc_00069,13,0.2258554
doc_00070,2,0.34981766
doc_00071,1,0.47694132
doc_00072,1,0.58787113
doc_00073,5,0.19697379
doc_00074,2,0.26217532
doc_00075,1,0.49196666
doc_00076,1,0.52409905
doc_00077,14,0.10129952
doc_00078,13,0.13216893
doc_00079,2,0.15936099
doc_00080,10,0.2999152
doc_00081,13,0.29257235
doc_00082,10,0.138707
doc_00083,10,0.42127767
doc_00084,12,0.23951373
doc_00085,5,0.30548942
doc_00086,1,0.19394235
doc_00087,1,0.50420076
doc_00088,2,0.24968024
doc_00089,2,0.22970732
doc_00090,1,0.4459202
doc_00091,2,0.32395387
doc_00092,2,0.3822887
doc_00093,1,0.4384233
doc_00094,10,0.27017948
doc_00095,1,0.4605109
doc_00096,1,0.1928566
doc_00097,1,0.4061485
doc_00098,1,0.5168405
doc_00099,1,0.60962576
doc_00100,1,0.47713566
doc_00101,1,0.557718
doc_00102,2,0.20178543
doc_00103,3,0.18042336
doc_00104,4,0.23515983
doc_00105,2,0.19906455
doc_00106,1,0.40735656
doc_00107,1,0.461158
doc_00108,4,0.12822911
doc_00109,10,0.5376134
doc_00110,1,0.49193618
doc_00111,5,0.24428345
doc_00112,1,0.42161494
doc_00113,1,0.26732165
doc_00114,1,0.4472597
doc_00115,4,0.16906387
doc_00116,1,0.5528495
doc_00117,1,0.50097895
doc_00118,1,0.45330375
doc_00119,1,0.45547366
doc_00120,1,0.60437465
doc_00121,8,0.14128652
doc_00122,4,0.13013983
doc_00123,12,0.2798673
doc_00124,5,0.10505449
doc_00125,1,0.35519922
doc_00126,4,0.21383852
doc_00127,5,0.15309694
doc_00128,4,0.4717288
doc_00129,1,0.3066178
doc_00130,2,0.20215617
doc_00131,1,0.3834059
doc_00132,3,0.24417746
doc_00133,3,0.35401818
doc_00134,1,0.17086256
doc_00135,1,0.45732749
doc_00136,1,0.52343667
doc_00137,9,0.6363015
doc_00138,5,0.24987438
doc_00139,9,0.5236269
doc_00140,5,0.105631955
doc_00141,12,0.118850954
doc_00142,6,0.1756512
doc_00143,5,0.36839262
doc_00144,13,0.21699607
doc_00145,1,0.3651981
doc_00146,1,0.3015247
doc_00147,9,0.24544674
doc_00148,1,0.56990004
doc_00149,10,0.35928863
doc_00150,1,0.47100303
doc_00151,4,0.19526884
doc_00152,9,0.14670411
doc_00153,1,0.48540264
doc_00154,3,0.30260777
doc_00155,1,0.44079113
doc_00156,1,0.37764
doc_00157,14,0.34203038
doc_00158,8,0.14294894
doc_00159,1,0.24311759
doc_00160,1,0.44811112
doc_00161,12,0.16487369
doc_00162,5,0.111588866
doc_00163,1,0.39024043
doc_00164,6,0.10523808
doc_00165,5,0.10910573
doc_00166,11,0.12675522
doc_00167,1,0.10551637
doc_00168,1,0.30861685
doc_00169,6,0.29136696
doc_00170,8,0.35424572
doc_00171,2,0.18449013
doc_00172,4,0.09892668
doc_00173,8,0.22308296
doc_00174,9,0.24751
doc_00175,13,0.1485152
doc_00176,12,0.5230945
doc_00177,13,0.12190936
doc_00178,2,0.2234718
doc_00179,9,0.12152939
doc_00180,1,0.25389764
doc_00181,9,0.2668071
doc_00182,3,0.25794065
doc_00183,1,0.21599633
doc_00184,1,0.418717
doc_00185,3,0.15619399
doc_00186,4,0.19498795
doc_00187,10,0.17881677
doc_00188,1,0.39695716
doc_00189,4,0.25410834
doc_00190,1,0.43148595
doc_00191,1,0.5515862
doc_00192,13,0.09014985
doc_00193,2,0.3273583
doc_00194,1,0.29979128
doc_00195,1,0.11896599
doc_00196,8,0.3726753
doc_00197,1,0.31788927
doc_00198,1,0.4625747
doc_00199,1,0.18154797
doc_00200,9,0.59653217
doc_00201,14,0.45671964
doc_00202,1,0.1811136
doc_00203,2,0.17418972
doc_00204,12,0.2563045
doc_00205,3,0.10321357
doc_00206,9,0.3381384
doc_00207,2,0.12378506
doc_00208,14,0.42747253
doc_00209,1,0.3591401
doc_00210,13,0.2191081
doc_00211,1,0.40419605
doc_00212,4,0.25572592
doc_00213,9,0.45689
doc_00214,5,0.5036088
doc_00215,1,0.45917112
doc_00216,14,0.34030315
doc_00217,4,0.11104536
doc_00218,2,0.32394728
doc_00219,9,0.6016047
doc_00220,1,0.4490788
doc_00221,13,0.28642014
doc_00222,12,0.13972464
doc_00223,12,0.53014284
doc_00224,13,0.19959864
doc_00225,5,0.13834594
doc_00226,1,0.1037025
doc_00227,9,0.5162911
doc_00228,2,0.591404
doc_00229,6,0.13079646
doc_00230,1,0.58604234
doc_00231,8,0.106398806
doc_00232,5,0.13285574
doc_00233,2,0.11800947
doc_00234,2,0.6072046
doc_00235,3,0.21010345
doc_00236,2,0.30850476
doc_00237,9,0.2942312
doc_00238,12,0.11502387
doc_00239,5,0.1399162
doc_00240,13,0.13802446
doc_00241,1,0.39134228
doc_00242,2,0.43099973
doc_00243,2,0.31998906
doc_00244,1,0.20108089
doc_00245,13,0.09683932
doc_00246,2,0.4615292
doc_00247,2,0.5969183
doc_00248,2,0.25094423
doc_00249,2,0.55211735
doc_00250,2,0.3163191
doc_00251,2,0.4978232
doc_00252,2,0.35223225
doc_00253,2,0.34147027
doc_00254,1,0.48015597
doc_00255,1,0.26625746
doc_00256,8,0.10320372
doc_00257,2,0.15287799
doc_00258,6,0.12784038
doc_00259,1,0.10400053
doc_00260,2,0.30999994
doc_00261,2,0.2912176
doc_00262,1,0.20708682
doc_00263,3,0.23130271
doc_00264,8,0.10857408
doc_00265,4,0.15686265
doc_00266,9,0.53145885
doc_00267,1,0.26856458
doc_00268,4,0.14344652
doc_00269,6,0.19380143
doc_00270,12,0.21971528
doc_00271,2,0.43352777
doc_00272,13,0.23632592
doc_00273,8,0.1846405
doc_00274,2,0.26663277
doc_00275,5,0.18310459
doc_00276,1,0.38416544
doc_00277,2,0.26673576
doc_00278,8,0.10470688
doc_00279,1,0.17337021
doc_00280,1,0.47778115
doc_00281,5,0.13380297
doc_00282,13,0.5792816
doc_00283,1,0.15393274
doc_00284,5,0.09739907
doc_00285,5,0.20065965
doc_00286,9,0.15111691
doc_00287,1,0.20553815
doc_00288,10,0.16941139
doc_00289,5,0.12490789
doc_00290,3,0.17984247
doc_00291,4,0.22288892
doc_00292,6,0.12271078
doc_00293,1,0.10506782
doc_00294,5,0.15951571
doc_00295,2,0.32403982
doc_00296,1,0.12867166
doc_00297,3,0.18324566
doc_00298,2,0.2509949
doc_00299,6,0.15359442
doc_00300,13,0.22517452
doc_00301,8,0.5745662
doc_00302,1,0.45120695
doc_00303,2,0.19417858
doc_00304,1,0.5114271
doc_00305,1,0.5856294
doc_00306,2,0.48317215
doc_00307,2,0.2967202
doc_00308,1,0.37720507
doc_00309,8,0.30428424
doc_00310,13,0.31224763
doc_00311,5,0.1692576
doc_00312,2,0.17842999
doc_00313,13,0.11417708
doc_00314,13,0.27567557
doc_00315,2,0.58508897
doc_00316,1,0.2288897
doc_00317,6,0.20636156
doc_00318,12,0.28101373
doc_00319,8,0.5619199
doc_00320,1,0.50135165
doc_00321,13,0.13875128
doc_00322,6,0.26985887
doc_00323,6,0.12311874
doc_00324,1,0.30253816
doc_00325,10,0.1637077
doc_00326,5,0.17910917
doc_00327,8,0.17140175
doc_00328,8,0.16437893
doc_00329,1,0.4775307
doc_00330,11,0.09498291
doc_00331,1,0.43725142
doc_00332,4,0.09075559
doc_00333,9,0.3255241
doc_00334,2,0.23618774
doc_00335,12,0.16341859
doc_00336,9,0.5850237
doc_00337,12,0.12693137
doc_00338,12,0.1693929
doc_00339,14,0.22220407
doc_00340,14,0.342046
doc_00341,10,0.20487502
doc_00342,14,0.115646645
doc_00343,5,0.46161148
doc_00344,1,0.27105382
doc_00345,6,0.16406818
doc_00346,1,0.26017597
doc_00347,2,0.24341439
doc_00348,13,0.09382762
doc_00349,4,0.24222533
doc_00350,1,0.48791373
doc_00351,10,0.5782002
doc_00352,1,0.4456677
doc_00353,13,0.10587262
doc_00354,8,0.13428827
doc_00355,1,0.4094045
doc_00356,8,0.340822
doc_00357,8,0.22704077
doc_00358,8,0.1377086
doc_00359,6,0.358748
doc_00360,1,0.107066
doc_00361,10,0.2119231
doc_00362,1,0.3842384
doc_00363,1,0.46806514
doc_00364,1,0.54511684
doc_00365,2,0.16494668
doc_00366,2,0.29351607
doc_00367,3,0.30407408
doc_00368,1,0.16305979
doc_00369,2,0.114923544
doc_00370,1,0.24735297
doc_00371,5,0.09493587
doc_00372,8,0.35774654
doc_00373,5,0.20736758
doc_00374,13,0.14589067
doc_00375,2,0.27358407
doc_00376,6,0.20626576
doc_00377,1,0.30440494
doc_00378,8,0.28922662
doc_00379,2,0.27661604
doc_00380,4,0.12969552
doc_00381,4,0.121860206
doc_00382,1,0.15180567
doc_00383,6,0.11761905
doc_00384,6,0.20441023
doc_00385,11,0.16709994
doc_00386,1,0.4064076
doc_00387,4,0.2255511
doc_00388,12,0.15285173
doc_00389,2,0.50529337
doc_00390,6,0.10065513
doc_00391,4,0.09803272
doc_00392,14,0.3494453
doc_00393,1,0.37304202
doc_00394,9,0.20894216
doc_00395,1,0.52920496
doc_00396,1,0.5059185
doc_00397,1,0.2702551
doc_00398,1,0.3164534
doc_00399,14,0.20155182
doc_00400,1,0.38656074
doc_00401,10,0.09839265
doc_00402,4,0.23409477
doc_00403,1,0.4379717
doc_00404,8,0.22978897
doc_00405,1,0.42974356
doc_00406,1,0.5026207
doc_00407,1,0.5831263
doc_00408,1,0.22588317
doc_00409,1,0.58917147
doc_00410,1,0.42547348
doc_00411,2,0.54675674
doc_00412,1,0.13437533
doc_00413,1,0.1331225
doc_00414,2,0.26566708
doc_00415,8,0.095485136
doc_00416,1,0.5047233
doc_00417,10,0.15021919
doc_00418,4,0.11009401
doc_00419,5,0.24119784
doc_00420,5,0.30548975
doc_00421,5,0.17026517
doc_00422,1,0.44075787
doc_00423,12,0.20196539
doc_00424,5,0.30892405
doc_00425,4,0.27887297
doc_00426,14,0.15343913
doc_00427,5,0.23462632
doc_00428,1,0.40671661
doc_00429,5,0.29178315
doc_00430,5,0.45747194
doc_00431,12,0.13663296
doc_00432,5,0.14612705
doc_00433,12,0.2629735
doc_00434,5,0.42447576
doc_00435,3,0.34438834
doc_00436,12,0.21140833
doc_00437,13,0.15322466
doc_00438,14,0.12348019
doc_00439,12,0.25126383
doc_00440,5,0.1540413
doc_00441,3,0.22654201
doc_00442,13,0.119035326
doc_00443,14,0.09411426
doc_00444,9,0.10715468
doc_00445,5,0.3250447
doc_00446,8,0.16861065
doc_00447,1,0.10932353
doc_00448,5,0.27908936
doc_00449,5,0.12952363
doc_00450,5,0.09793332
doc_00451,8,0.22731416
doc_00452,9,0.10894515
doc_00453,12,0.17772278
doc_00454,5,0.16307536
doc_00455,1,0.19816245
doc_00456,6,0.20221722
doc_00457,5,0.2125879
doc_00458,5,0.28087842
doc_00459,5,0.11154477
doc_00460,8,0.23014206
doc_00461,1,0.48048505
doc_00462,5,0.3136776
doc_00463,13,0.3309974
doc_00464,5,0.09628724
doc_00465,5,0.13982245
doc_00466,5,0.2673573
doc_00467,2,0.22812851
doc_00468,2,0.38955063
doc_00469,10,0.1401418
doc_00470,14,0.23146895
doc_00471,12,0.10036595
doc_00472,12,0.08316608
doc_00473,5,0.1431354
doc_00474,12,0.121963605
doc_00475,1,0.11160974
doc_00476,14,0.09171602
doc_00477,12,0.42197874
doc_00478,12,0.20848063
doc_00479,4,0.13613741
doc_00480,1,0.13039824
doc_00481,3,0.24205719
doc_00482,1,0.12520996
doc_00483,5,0.15409939
doc_00484,13,0.19860919
doc_00485,8,0.1081195
doc_00486,1,0.10508116
doc_00487,14,0.19699311
doc_00488,14,0.19882151
doc_00489,12,0.1408338
doc_00490,1,0.33449617
doc_00491,5,0.16654395
doc_00492,10,0.3802974
doc_00493,12,0.29390875
doc_00494,8,0.20247303
doc_00495,5,0.14960063
doc_00496,4,0.2156732
doc_00497,12,0.6105664
doc_00498,8,0.16819814
doc_00499,2,0.32200325
doc_00500,1,0.26572984
doc_00501,13,0.17579143
doc_00502,12,0.17099082
doc_00503,5,0.3018646
doc_00504,3,0.103436545
doc_00505,3,0.103436574
doc_00506,12,0.2356011
doc_00507,8,0.12402931
doc_00508,5,0.15711947
doc_00509,1,0.3731556
doc_00510,1,0.44971344
doc_00511,1,0.5628184
doc_00512,6,0.13344151
doc_00513,12,0.21333653
doc_00514,12,0.38735592
doc_00515,3,0.5204091
doc_00516,1,0.37469664
doc_00517,12,0.11931427
doc_00518,6,0.6025089
doc_00519,1,0.20501041
doc_00520,1,0.44935367
doc_00521,5,0.08403176
doc_00522,9,0.40445605
doc_00523,9,0.59491026
doc_00524,9,0.6185183
doc_00525,5,0.27998787
doc_00526,5,0.23158589
doc_00527,1,0.16472496
doc_00528,8,0.103326894
doc_00529,10,0.28305072
doc_00530,8,0.14944306
doc_00531,14,0.3554777
doc_00532,5,0.30975333
doc_00533,4,0.35762915
doc_00534,9,0.14762056
doc_00535,1,0.5168254
doc_00536,2,0.31752262
doc_00537,8,0.18102713
doc_00538,13,0.16266532
doc_00539,9,0.31851265
doc_00540,5,0.25161502
doc_00541,5,0.18918489
doc_00542,1,0.35605097
doc_00543,6,0.30238122
doc_00544,3,0.18188737
doc_00545,1,0.38832906
doc_00546,8,0.10283981
doc_00547,2,0.6289353
doc_00548,5,0.18148631
doc_00549,6,0.12839152
doc_00550,5,0.13486204
doc_00551,13,0.31472465
doc_00552,13,0.14037035
doc_00553,6,0.113445
doc_00554,1,0.49067172
doc_00555,12,0.2797286
doc_00556,2,0.5857161
doc_00557,9,0.22164422
doc_00558,1,0.269538
doc_00559,4,0.099211425
doc_00560,1,0.40024132
doc_00561,9,0.38452038
doc_00562,3,0.12954223
doc_00563,1,0.36216396
doc_00564,9,0.56117916
doc_00565,9,0.46832085
doc_00566,1,0.4352433
doc_00567,2,0.30521616
doc_00568,2,0.17025857
doc_00569,4,0.6061313
doc_00570,9,0.3876588
doc_00571,1,0.40131092
doc_00572,2,0.33201417
doc_00573,1,0.5156265
doc_00574,10,0.0954867
doc_00575,3,0.44695488
doc_00576,3,0.12057923
doc_00577,6,0.121764176
doc_00578,2,0.4104996
doc_00579,3,0.120565414
doc_00580,1,0.34713426
doc_00581,9,0.46273637
doc_00582,3,0.54436135
doc_00583,3,0.38201907
doc_00584,3,0.37798017
doc_00585,1,0.23982413
doc_00586,1,0.45925447
doc_00587,3,0.2968175
doc_00588,3,0.1110903
doc_00589,13,0.092912905
doc_00590,5,0.12578128
doc_00591,2,0.18622258
doc_00592,3,0.12650058
doc_00593,1,0.43063033
doc_00594,1,0.5305549
doc_00595,4,0.2541484
doc_00596,9,0.23719607
doc_00597,14,0.13732967
doc_00598,10,0.14945857
doc_00599,2,0.15535223
doc_00600,1,0.5005438
doc_00601,5,0.42498246
doc_00602,2,0.41479588
doc_00603,9,0.3682731
doc_00604,1,0.25363785
doc_00605,9,0.27310458
doc_00606,1,0.4284055
doc_00607,8,0.16463664
doc_00608,1,0.47090957
doc_00609,2,0.27014294
doc_00610,1,0.12025691
doc_00611,1,0.33792475
doc_00612,8,0.23766339
doc_00613,1,0.30669028
doc_00614,1,0.44993567
doc_00615,1,0.42405266
doc_00616,1,0.44896713
doc_00617,9,0.3872806
doc_00618,1,0.29240793
doc_00619,1,0.37270695
doc_00620,9,0.14918469
doc_00621,1,0.607124
doc_00622,1,0.1862584
doc_00623,2,0.30489668
doc_00624,8,0.087568946
doc_00625,10,0.10026925
doc_00626,5,0.16927607
doc_00627,1,0.2746343
doc_00628,12,0.20877111
doc_00629,1,0.15184334
doc_00630,1,0.41024417
doc_00631,1,0.19556944
doc_00632,1,0.5257736
doc_00633,1,0.48500323
doc_00634,9,0.49568716
doc_00635,4,0.21672525
doc_00636,4,0.109178126
doc_00637,1,0.46582457
doc_00638,12,0.17144345
doc_00639,1,0.5798853
doc_00640,2,0.10916449
doc_00641,14,0.270788
doc_00642,9,0.39674577
doc_00643,3,0.15348846
doc_00644,3,0.39842707
doc_00645,1,0.40695605
doc_00646,9,0.15446295
doc_00647,13,0.32000887
doc_00648,1,0.43096155
doc_00649,2,0.28946903
doc_00650,9,0.11251674
doc_00651,4,0.18327473
doc_00652,2,0.3051555
doc_00653,13,0.1032279
doc_00654,14,0.21737677
doc_00655,2,0.0892481
doc_00656,13,0.15469071
doc_00657,3,0.12271792
doc_00658,5,0.2046265
doc_00659,1,0.2486562
doc_00660,4,0.22347216
doc_00661,6,0.118556224
doc_00662,2,0.6120414
doc_00663,1,0.29895812
doc_00664,11,0.16624895
doc_00665,14,0.1579226
doc_00666,1,0.4310783
doc_00667,1,0.42870075
doc_00668,1,0.42563608
doc_00669,1,0.46227318
doc_00670,6,0.19187202
doc_00671,1,0.09577804
doc_00672,5,0.13252227
doc_00673,13,0.1114
doc_00674,1,0.43639943
doc_00675,1,0.47920117
doc_00676,2,0.23979677
doc_00677,1,0.52943474
doc_00678,2,0.1754333
doc_00679,1,0.22511935
doc_00680,1,0.3397325
doc_00681,1,0.38044485
doc_00682,13,0.42721182
doc_00683,4,0.3085617
doc_00684,6,0.4292386
doc_00685,9,0.21453762
doc_00686,9,0.582287
doc_00687,8,0.15333459
doc_00688,14,0.17781703
doc_00689,14,0.20786153
doc_00690,4,0.20082676
doc_00691,1,0.14214823
doc_00692,1,0.22011095
doc_00693,1,0.3833732
doc_00694,3,0.101820834
doc_00695,13,0.33913133
doc_00696,1,0.2030141
doc_00697,6,0.07692215
doc_00698,10,0.16078725
doc_00699,3,0.2597254
doc_00700,12,0.17429918
doc_00701,2,0.19872433
doc_00702,12,0.105196424
doc_00703,6,0.39532408
doc_00704,1,0.46421584
doc_00705,1,0.18915634
doc_00706,1,0.38464496
doc_00707,1,0.3882319
doc_00708,1,0.42849228
doc_00709,8,0.30903906
doc_00710,8,0.28880912
doc_00711,1,0.5393167
doc_00712,2,0.1498932
doc_00713,2,0.65089446
doc_00714,2,0.20783857
doc_00715,1,0.094208695
doc_00716,10,0.14111048
doc_00717,1,0.46588936
doc_00718,9,0.10106766
doc_00719,1,0.41394022
doc_00720,6,0.25071585
doc_00721,2,0.09264507
doc_00722,4,0.22041702
doc_00723,12,0.34385076
doc_00724,5,0.16862741
doc_00725,1,0.45218134
doc_00726,12,0.41490027
doc_00727,1,0.13141519
doc_00728,4,0.4250653
doc_00729,1,0.40669996
doc_00730,1,0.4108597
doc_00731,10,0.5469837
doc_00732,13,0.15380707
doc_00733,2,0.23961481
doc_00734,5,0.16320258
doc_00735,13,0.34770572
doc_00736,14,0.12645271
doc_00737,10,0.1813666
doc_00738,5,0.10047013
doc_00739,4,0.1167725
doc_00740,13,0.151513
doc_00741,1,0.44349784
doc_00742,1,0.43738693
doc_00743,1,0.5140292
doc_00744,10,0.105510615
doc_00745,14,0.0962541
doc_00746,1,0.21290101
doc_00747,1,0.59292376
doc_00748,1,0.2908477
doc_00749,15,0.34242597
doc_00750,1,0.2707595
doc_00751,1,0.4260294
doc_00752,13,0.14270169
doc_00753,2,0.6261713
doc_00754,1,0.40288043
doc_00755,1,0.2983976
doc_00756,11,0.17048217
doc_00757,13,0.20180874
doc_00758,2,0.29554647
doc_00759,9,0.49346948
doc_00760,13,0.30463776
doc_00761,4,0.18113486
doc_00762,4,0.1212242
doc_00763,2,0.110875174
doc_00764,1,0.30769503
doc_00765,5,0.18068479
doc_00766,1,0.47952193
doc_00767,13,0.21171391
doc_00768,6,0.083148755
doc_00769,1,0.4858223
doc_00770,1,0.2679487
doc_00771,10,0.496169
doc_00772,13,0.5254218
doc_00773,10,0.091460034
doc_00774,5,0.33803645
doc_00775,1,0.51225436
doc_00776,9,0.32684
doc_00777,2,0.20723917
doc_00778,1,0.5713356
doc_00779,9,0.20291312
doc_00780,1,0.44376373
doc_00781,1,0.51302975
doc_00782,14,0.11790846
doc_00783,1,0.33004624
doc_00784,1,0.31172982
doc_00785,4,0.28609207
doc_00786,8,0.111382134
doc_00787,5,0.25924766
doc_00788,1,0.4573629
doc_00789,7,0.117156774
doc_00790,5,0.1434233
doc_00791,12,0.13305083
doc_00792,2,0.09695465
doc_00793,14,0.22243473
doc_00794,1,0.2097097
doc_00795,8,0.16465545
doc_00796,2,0.19582443
doc_00797,4,0.17668691
doc_00798,2,0.51337564
doc_00799,4,0.16075799
doc_00800,1,0.171008
doc_00801,8,0.23337871
doc_00802,1,0.39878014
doc_00803,5,0.1491324
doc_00804,1,0.6194606
doc_00805,1,0.5194282
doc_00806,1,0.503266
doc_00807,1,0.46359244
doc_00808,1,0.46936306
doc_00809,14,0.36246923
doc_00810,2,0.11232509
doc_00811,2,0.24678172
doc_00812,4,0.10139711
doc_00813,5,0.117235005
doc_00814,1,0.2680682
doc_00815,3,0.122813135
doc_00816,10,0.1328972
doc_00817,4,0.3307852
doc_00818,9,0.37734595
doc_00819,3,0.17817162
doc_00820,1,0.5209963
doc_00821,9,0.424165
doc_00822,1,0.28521672
doc_00823,1,0.2057596
doc_00824,2,0.4476091
doc_00825,1,0.3996979
doc_00826,2,0.322285
doc_00827,1,0.103600144
doc_00828,4,0.22866559
doc_00829,1,0.49245337
doc_00830,2,0.31143156
doc_00831,1,0.3119842
doc_00832,12,0.6446346
doc_00833,1,0.18187693
doc_00834,12,0.17368737
doc_00835,8,0.12810767
doc_00836,6,0.171277
doc_00837,5,0.14921091
doc_00838,6,0.28597686
doc_00839,4,0.11386597
doc_00840,8,0.16129439
doc_00841,1,0.08829851
doc_00842,5,0.43307176
doc_00843,5,0.15635936
doc_00844,1,0.38288844
doc_00845,3,0.49355936
doc_00846,2,0.34583858
doc_00847,5,0.12761055
doc_00848,3,0.37587145
doc_00849,8,0.31487247
doc_00850,5,0.14876397
doc_00851,5,0.21076275
doc_00852,1,0.43101364
doc_00853,1,0.28966883
doc_00854,1,0.5075144
doc_00855,1,0.3054215
doc_00856,10,0.22680393
doc_00857,1,0.32884425
doc_00858,5,0.14811207
doc_00859,5,0.12771691
doc_00860,1,0.21136379
doc_00861,15,0.14111707
doc_00862,5,0.22993283
doc_00863,5,0.23640345
doc_00864,12,0.23553568
doc_00865,1,0.5467971
doc_00866,4,0.14357859
doc_00867,9,0.40085036
doc_00868,1,0.44504657
doc_00869,13,0.21886459
doc_00870,2,0.5529483
doc_00871,5,0.27246636
doc_00872,9,0.41843995
doc_00873,13,0.21902558
doc_00874,1,0.1668393
doc_00875,1,0.16141139
doc_00876,5,0.14237593
doc_00877,1,0.45280993
doc_00878,1,0.5059316
doc_00879,9,0.34424177
doc_00880,2,0.3549516
doc_00881,6,0.09035532
doc_00882,2,0.3111159
doc_00883,1,0.4114019
doc_00884,6,0.26557449
doc_00885,5,0.10444806
doc_00886,4,0.33757767
doc_00887,5,0.09028487
doc_00888,1,0.552944
doc_00889,6,0.1268164
doc_00890,9,0.28335688
doc_00891,1,0.13088645
doc_00892,13,0.11799937
doc_00893,5,0.46518642
doc_00894,2,0.4171495
doc_00895,2,0.15098973
doc_00896,1,0.4300945
doc_00897,1,0.5089438
doc_00898,1,0.51251864
doc_00899,2,0.23131457
doc_00900,6,0.12645338
doc_00901,10,0.11206013
doc_00902,5,0.09286396
doc_00903,1,0.11201543
doc_00904,1,0.179304
doc_00905,12,0.58656204
doc_00906,12,0.108549185
doc_00907,7,0.15849993
doc_00908,4,0.24487418
doc_00909,5,0.2312761
doc_00910,2,0.18817568
doc_00911,5,0.19202118
doc_00912,5,0.19653839
doc_00913,12,0.19990918
doc_00914,12,0.15978253
doc_00915,3,0.10961265
doc_00916,3,0.53107786
doc_00917,2,0.13268876
doc_00918,1,0.22578186
doc_00919,3,0.11752791
doc_00920,2,0.49495545
doc_00921,1,0.3988153
doc_00922,7,0.15227827
doc_00923,2,0.31574923
doc_00924,2,0.24197108
doc_00925,1,0.2663966
doc_00926,2,0.34921712
doc_00927,2,0.10641745
doc_00928,1,0.09153024
doc_00929,4,0.13750255
doc_00930,5,0.17675497
doc_00931,12,0.16617867
doc_00932,3,0.12678267
doc_00933,2,0.15833132
doc_00934,1,0.36885324
doc_00935,11,0.22425687
doc_00936,2,0.17479964
doc_00937,2,0.59949154
doc_00938,14,0.2356125
doc_00939,2,0.55303377
doc_00940,2,0.4754404
doc_00941,2,0.08827234
doc_00942,10,0.12965868
doc_00943,4,0.17514214
doc_00944,9,0.17237584
doc_00945,1,0.33297428
doc_00946,2,0.62121576
doc_00947,14,0.26528445
doc_00948,3,0.12075055
doc_00949,3,0.15530607
doc_00950,9,0.20407583
doc_00951,5,0.12520073
doc_00952,1,0.47106296
doc_00953,1,0.44048664
doc_00954,1,0.3028116
doc_00955,1,0.3284521
doc_00956,5,0.5113235
doc_00957,3,0.24181977
doc_00958,1,0.46115786
doc_00959,5,0.32863247
doc_00960,1,0.29917485
doc_00961,3,0.29660708
doc_00962,5,0.22185121
doc_00963,10,0.20378423
doc_00964,1,0.44307604
doc_00965,2,0.3254175
doc_00966,5,0.44066638
doc_00967,8,0.41514355
doc_00968,1,0.3953132
doc_00969,1,0.19117765
doc_00970,5,0.32529432
doc_00971,1,0.40204763
doc_00972,1,0.2469769
doc_00973,4,0.098864645
doc_00974,2,0.11062017
doc_00975,2,0.4572606
doc_00976,3,0.15294991
doc_00977,5,0.16028297
doc_00978,9,0.274005
doc_00979,1,0.17471994
doc_00980,1,0.22872105
doc_00981,5,0.25701144
doc_00982,13,0.08044943
doc_00983,1,0.5156514
doc_00984,1,0.5196065
doc_00985,5,0.13435894
doc_00986,5,0.15580218
doc_00987,13,0.2991107
doc_00988,5,0.106048785
doc_00989,6,0.11890547
doc_00990,9,0.10592195
doc_00991,6,0.10769491
doc_00992,10,0.12475595
doc_00993,2,0.31119984
doc_00994,1,0.5192293
doc_00995,4,0.2996807
doc_00996,12,0.18136798
doc_00997,12,0.62149316
doc_00998,12,0.406274
doc_00999,12,0.2879765
doc_01000,12,0.51276207
doc_01001,12,0.640604
doc_01002,2,0.15463337
doc_01003,2,0.31006104
doc_01004,1,0.18529062
doc_01005,3,0.21747202
doc_01006,10,0.2764297
doc_01007,12,0.16432798
doc_01008,1,0.29529068
doc_01009,1,0.3992292
doc_01010,1,0.39119738
doc_01011,1,0.42903182
doc_01012,1,0.49231207
doc_01013,1,0.5215097
doc_01014,10,0.29265246
doc_01015,14,0.16602021
doc_01016,9,0.30078936
doc_01017,1,0.37162498
doc_01018,1,0.137109
doc_01019,2,0.32851958
doc_01020,1,0.2829668
doc_01021,12,0.577445
doc_01022,2,0.11904509
doc_01023,10,0.10347017
doc_01024,8,0.10929226
doc_01025,2,0.37194335
doc_01026,1,0.084802
doc_01027,1,0.43159282
doc_01028,10,0.1972029
doc_01029,7,0.08564457
doc_01030,12,0.2154284
doc_01031,10,0.09688866
doc_01032,1,0.3884226
doc_01033,3,0.28111917
doc_01034,5,0.21115085
doc_01035,13,0.122638404
doc_01036,2,0.29941994
doc_01037,2,0.54071414
doc_01038,1,0.20873249
doc_01039,13,0.15865107
doc_01040,1,0.2404255
doc_01041,1,0.40412
doc_01042,11,0.17729758
doc_01043,8,0.34569058
doc_01044,2,0.30853096
doc_01045,1,0.53002167
doc_01046,4,0.3732205
doc_01047,12,0.40020603
doc_01048,12,0.547457
doc_01049,13,0.104129404
doc_01050,1,0.19160277
doc_01051,8,0.2674765
doc_01052,12,0.17174865
doc_01053,12,0.42000833
doc_01054,12,0.52576697
doc_01055,9,0.57524025
doc_01056,9,0.3168156
doc_01057,1,0.21550733
doc_01058,9,0.1848126
doc_01059,13,0.18030137
doc_01060,6,0.16962372
doc_01061,14,0.17646773
doc_01062,1,0.48341814
doc_01063,5,0.10411741
doc_01064,5,0.21150115
doc_01065,1,0.20459038
doc_01066,2,0.31526798
doc_01067,1,0.5209573
doc_01068,6,0.12208255
doc_01069,1,0.37915808
doc_01070,1,0.19290972
doc_01071,5,0.26365986
doc_01072,3,0.11437729
doc_01073,1,0.35167217
doc_01074,1,0.07895199
doc_01075,4,0.21266292
doc_01076,5,0.31067726
doc_01077,11,0.14357524
doc_01078,6,0.11321706
doc_01079,9,0.09756233
doc_01080,1,0.11985646
doc_01081,9,0.2828904
doc_01082,1,0.41551727
doc_01083,1,0.3405199
doc_01084,1,0.17222223
doc_01085,10,0.13001707
doc_01086,4,0.08819668
doc_01087,6,0.12360738
doc_01088,1,0.49073118
doc_01089,5,0.14090557
doc_01090,12,0.20268619
doc_01091,3,0.20378001
doc_01092,13,0.13773169
doc_01093,2,0.30852103
doc_01094,6,0.14633702
doc_01095,4,0.121219285
doc_01096,1,0.13233523
doc_01097,1,0.39631942
doc_01098,2,0.6363649
doc_01099,1,0.45037895
doc_01100,1,0.11506426
doc_01101,2,0.14217015
doc_01102,9,0.3238303
doc_01103,14,0.083685756
doc_01104,1,0.42639747
doc_01105,3,0.37784943
doc_01106,11,0.15712419
doc_01107,12,0.27213916
doc_01108,12,0.120069064
doc_01109,14,0.08696127
doc_01110,1,0.3934604
doc_01111,1,0.42292094
doc_01112,13,0.09245794
doc_01113,1,0.17781411
doc_01114,1,0.44785032
doc_01115,1,0.14768524
doc_01116,12,0.11738987
doc_01117,12,0.33586425
doc_01118,1,0.43010774
doc_01119,4,0.14094163
doc_01120,4,0.11247702
doc_01121,6,0.11449991
doc_01122,6,0.103339
doc_01123,1,0.1958517
doc_01124,4,0.10206246
doc_01125,5,0.2062706
doc_01126,1,0.10190532
doc_01127,12,0.099961676
doc_01128,12,0.15149087
doc_01129,13,0.13243024
doc_01130,9,0.12232811
doc_01131,1,0.439343
doc_01132,6,0.16434693
doc_01133,3,0.21027784
doc_01134,5,0.22737476
doc_01135,5,0.28194463
doc_01136,10,0.69987243
doc_01137,6,0.18577504
doc_01138,5,0.12605776
doc_01139,1,0.46418262
doc_01140,1,0.49665892
doc_01141,1,0.354235
doc_01142,12,0.16583492
doc_01143,14,0.15001093
doc_01144,10,0.45318145
doc_01145,3,0.21444175
doc_01146,15,0.35740337
doc_01147,1,0.26800922
doc_01148,9,0.113543265
doc_01149,8,0.13792491
doc_01150,1,0.13784412
doc_01151,13,0.32296348
doc_01152,4,0.18637381
doc_01153,6,0.23694624
doc_01154,1,0.26311058
doc_01155,2,0.17782056
doc_01156,6,0.29122674
doc_01157,5,0.11286926
doc_01158,1,0.5098003
doc_01159,5,0.14462738
doc_01160,1,0.37767917
doc_01161,1,0.37722987
doc_01162,9,0.28804287
doc_01163,14,0.43485054
doc_01164,14,0.28987485
doc_01165,13,0.20615453
doc_01166,14,0.42894047
doc_01167,14,0.39607123
doc_01168,14,0.15363535
doc_01169,2,0.10993388
doc_01170,3,0.13079847
doc_01171,8,0.17295545
doc_01172,8,0.17257068
doc_01173,14,0.16673541
doc_01174,14,0.27450973
doc_01175,14,0.28934836
doc_01176,10,0.117603675
doc_01177,14,0.21284826
doc_01178,10,0.09108663
doc_01179,1,0.21341492
doc_01180,4,0.1637355
doc_01181,14,0.15997857
doc_01182,6,0.13774166
doc_01183,12,0.28525102
doc_01184,14,0.17730093
doc_01185,2,0.21196875
doc_01186,5,0.32998157
doc_01187,1,0.4126271
doc_01188,3,0.17419954
doc_01189,14,0.20426445
doc_01190,1,0.29016837
doc_01191,12,0.14186108
doc_01192,1,0.47456563
doc_01193,3,0.31937712
doc_01194,3,0.13763137
doc_01195,1,0.38872004
doc_01196,12,0.33185807
doc_01197,6,0.11065504
doc_01198,8,0.19879796
doc_01199,6,0.19948399
doc_01200,2,0.29730803
doc_01201,12,0.13175894
doc_01202,4,0.12975836
doc_01203,2,0.33737445
doc_01204,12,0.12490207
doc_01205,9,0.3224554
doc_01206,1,0.09212908
doc_01207,1,0.100345425
doc_01208,1,0.44409457
doc_01209,9,0.55726594
doc_01210,4,0.29337144
doc_01211,9,0.39427644
doc_01212,6,0.13651977
doc_01213,4,0.3073112
doc_01214,2,0.10756695
doc_01215,12,0.14100677
doc_01216,9,0.15212584
doc_01217,2,0.50438213
doc_01218,14,0.2927875
doc_01219,12,0.13009472
doc_01220,5,0.115707286
doc_01221,13,0.112377554
doc_01222,10,0.09515314
doc_01223,1,0.39684087
doc_01224,1,0.17300998
doc_01225,13,0.24654153
doc_01226,10,0.093479134
doc_01227,2,0.27412638
doc_01228,4,0.16216306
doc_01229,1,0.45824364
doc_01230,1,0.42735928
doc_01231,4,0.18984276
doc_01232,11,0.14770278
doc_01233,1,0.44793865
doc_01234,4,0.10799432
doc_01235,10,0.24764115
doc_01236,1,0.115421735
doc_01237,2,0.3078064
doc_01238,2,0.56645846
doc_01239,1,0.44386837
doc_01240,9,0.3488531
doc_01241,2,0.18561472
doc_01242,1,0.26985094
doc_01243,5,0.27317953
doc_01244,13,0.1810196
doc_01245,3,0.13933915
doc_01246,12,0.10088713
doc_01247,5,0.31978536
doc_01248,3,0.20711774
doc_01249,1,0.20500937
doc_01250,3,0.65853643
doc_01251,4,0.32439947
doc_01252,5,0.19889319
doc_01253,14,0.14026828
doc_01254,1,0.16843762
doc_01255,13,0.1350655
doc_01256,9,0.121120214
doc_01257,3,0.1752832
doc_01258,6,0.1739046
doc_01259,13,0.17290469
doc_01260,4,0.38950077
doc_01261,5,0.17783694
doc_01262,9,0.50589895
doc_01263,10,0.30128422
doc_01264,6,0.16649817
doc_01265,10,0.10814082
doc_01266,3,0.28995118
doc_01267,1,0.38002768
doc_01268,13,0.15752296
doc_01269,14,0.4467848
doc_01270,3,0.11994618
doc_01271,8,0.17577042
doc_01272,1,0.34239528
doc_01273,1,0.41577205
doc_01274,10,0.086984165
doc_01275,12,0.23560816
doc_01276,12,0.19655602
doc_01277,2,0.34191203
doc_01278,10,0.101877764
doc_01279,1,0.1289025
doc_01280,1,0.38957486
doc_01281,4,0.13439833
doc_01282,1,0.26014695
doc_01283,4,0.09863439
doc_01284,1,0.096460104
doc_01285,13,0.1265043
doc_01286,1,0.12223016
doc_01287,1,0.15539911
doc_01288,4,0.29643902
doc_01289,1,0.6018453
doc_01290,1,0.6061903
doc_01291,1,0.27908117
doc_01292,4,0.41349384
doc_01293,10,0.09924276
doc_01294,4,0.24520098
doc_01295,8,0.18476792
doc_01296,15,0.77596325
doc_01297,14,0.20812011
doc_01298,14,0.24212538
doc_01299,1,0.53709984
doc_01300,1,0.61044693
doc_01301,1,0.4502154
doc_01302,1,0.4371286
doc_01303,8,0.42774954
doc_01304,4,0.15466247
doc_01305,8,0.22279003
doc_01306,12,0.36671972
doc_01307,10,0.15852949
doc_01308,10,0.10224181
doc_01309,6,0.138281
doc_01310,12,0.15856418
doc_01311,2,0.116821356
doc_01312,13,0.14080442
doc_01313,8,0.13179351
doc_01314,5,0.33031905
doc_01315,1,0.22732355
doc_01316,5,0.15629627
doc_01317,5,0.31032202
doc_01318,5,0.21748173
doc_01319,8,0.33260545
doc_01320,11,0.2581235
doc_01321,1,0.41230854
doc_01322,10,0.23574172
doc_01323,6,0.14203568
doc_01324,11,0.12749678
doc_01325,3,0.14540604
doc_01326,1,0.43884403
doc_01327,2,0.5442045
doc_01328,14,0.40448648
doc_01329,5,0.13186325
doc_01330,1,0.42182544
doc_01331,5,0.3770055
doc_01332,5,0.1021537
doc_01333,5,0.12794311
doc_01334,9,0.5005798
doc_01335,1,0.3770767
doc_01336,2,0.5505535
doc_01337,2,0.33903003
doc_01338,8,0.2583612
doc_01339,1,0.44849408
doc_01340,1,0.20214328
doc_01341,4,0.11539548
doc_01342,1,0.29760376
doc_01343,3,0.11807778
doc_01344,5,0.29208595
doc_01345,2,0.16152143
doc_01346,9,0.39497975
doc_01347,2,0.21342774
doc_01348,10,0.1323519
doc_01349,2,0.17141977
doc_01350,11,0.16566944
doc_01351,2,0.2592881
doc_01352,6,0.28701407
doc_01353,1,0.22760865
doc_01354,2,0.33717078
doc_01355,2,0.22795452
doc_01356,1,0.121938415
doc_01357,1,0.31882873
doc_01358,2,0.32152435
doc_01359,6,0.09237407
doc_01360,5,0.10534702
doc_01361,9,0.29753622
doc_01362,1,0.41338784
doc_01363,1,0.45199955
doc_01364,2,0.10844278
doc_01365,12,0.39478496
doc_01366,5,0.24374424
doc_01367,1,0.22477396
doc_01368,5,0.14570023
doc_01369,13,0.13213135
doc_01370,1,0.23415995
doc_01371,2,0.44700497
doc_01372,2,0.6247953
doc_01373,1,0.52486277
doc_01374,1,0.29868028
doc_01375,8,0.18491289
doc_01376,1,0.5593222
doc_01377,8,0.5254919
doc_01378,1,0.22049417
doc_01379,14,0.1982653
doc_01380,5,0.22921558
doc_01381,8,0.20048921
doc_01382,11,0.28436196
doc_01383,13,0.53818214
doc_01384,13,0.21167532
doc_01385,5,0.3191214
doc_01386,8,0.15350302
doc_01387,4,0.10854562
doc_01388,1,0.11508189
doc_01389,12,0.18593845
doc_01390,12,0.2975065
doc_01391,12,0.21881925
doc_01392,12,0.1952012
doc_01393,12,0.12777829
doc_01394,1,0.43133286
doc_01395,5,0.14539081
doc_01396,2,0.28162032
doc_01397,1,0.510671
doc_01398,1,0.15482037
doc_01399,12,0.22383885
doc_01400,3,0.10990238
doc_01401,2,0.110093005
doc_01402,1,0.5184797
doc_01403,1,0.31074253
doc_01404,12,0.13581683
doc_01405,8,0.12130012
doc_01406,4,0.124938875
doc_01407,5,0.32196176
doc_01408,2,0.15140103
doc_01409,1,0.52049166
doc_01410,6,0.271884
doc_01411,1,0.2934452
doc_01412,4,0.147391
doc_01413,1,0.41062424
doc_01414,1,0.41374812
doc_01415,2,0.4581009
doc_01416,2,0.32178402
doc_01417,2,0.10917974
doc_01418,4,0.22366859
doc_01419,9,0.20391068
doc_01420,6,0.34939855
doc_01421,1,0.42341948
doc_01422,1,0.42928565
doc_01423,1,0.4506344
doc_01424,14,0.5121372
doc_01425,6,0.14556171
doc_01426,1,0.220201
doc_01427,1,0.44465816
doc_01428,13,0.107096724
doc_01429,13,0.12116867
doc_01430,1,0.104480766
doc_01431,6,0.10507919
doc_01432,1,0.18799508
doc_01433,6,0.12994325
doc_01434,1,0.47473934
doc_01435,2,0.22119017
doc_01436,1,0.12116652
doc_01437,8,0.31798875
doc_01438,2,0.59042645
doc_01439,2,0.61839384
doc_01440,5,0.30658692
doc_01441,1,0.38312536
doc_01442,3,0.26043516
doc_01443,3,0.4541846
doc_01444,5,0.349834
doc_01445,2,0.17130862
doc_01446,5,0.11300092
doc_01447,5,0.22417474
doc_01448,1,0.4065564
doc_01449,2,0.215194
doc_01450,6,0.16852349
doc_01451,1,0.13374773
doc_01452,3,0.23559043
doc_01453,1,0.13374771
doc_01454,2,0.24955763
doc_01455,5,0.35575125
doc_01456,1,0.47859344
doc_01457,5,0.26977542
doc_01458,1,0.13737868
doc_01459,13,0.16038133
doc_01460,4,0.16085741
doc_01461,3,0.1514233
doc_01462,6,0.098393574
doc_01463,1,0.19629209
doc_01464,1,0.31836718
doc_01465,4,0.18293115
doc_01466,4,0.103876404
doc_01467,1,0.41081414
doc_01468,12,0.15932162
doc_01469,6,0.11294316
doc_01470,10,0.21069892
doc_01471,10,0.19564503
doc_01472,10,0.39343503
doc_01473,4,0.20607837
doc_01474,9,0.1356182
doc_01475,2,0.5427611
doc_01476,1,0.4566471
doc_01477,1,0.54411954
doc_01478,1,0.28204092
doc_01479,6,0.15947482
doc_01480,1,0.6049574
doc_01481,1,0.42786223
doc_01482,4,0.39708397
doc_01483,1,0.6320073
doc_01484,2,0.39069563
doc_01485,1,0.4123216
doc_01486,1,0.14596272
doc_01487,10,0.086947426
doc_01488,9,0.12577699
doc_01489,1,0.19862027
doc_01490,12,0.45880646
doc_01491,1,0.46900088
doc_01492,3,0.42711288
doc_01493,8,0.11683038
doc_01494,13,0.17508857
doc_01495,1,0.21651597
doc_01496,5,0.26590085
doc_01497,2,0.41738454
doc_01498,1,0.116972275
doc_01499,12,0.14000714
doc_01500,9,0.28123334
doc_01501,1,0.30860758
doc_01502,14,0.21704063
doc_01503,1,0.49052775
doc_01504,9,0.20612109
doc_01505,3,0.1934065
doc_01506,8,0.17995504
doc_01507,1,0.44758895
doc_01508,2,0.3870533
doc_01509,1,0.52977777
doc_01510,1,0.28966367
doc_01511,1,0.41698694
doc_01512,8,0.19584927
doc_01513,3,0.10216295
doc_01514,15,0.6375467
doc_01515,1,0.4087763
doc_01516,15,0.6449553
doc_01517,1,0.43685398
doc_01518,1,0.4202897
doc_01519,14,0.13512948
doc_01520,6,0.12692976
doc_01521,1,0.5052054
doc_01522,2,0.6343412
doc_01523,2,0.28550744
doc_01524,1,0.2814942
doc_01525,9,0.21558417
doc_01526,2,0.22988202
doc_01527,1,0.16097794
doc_01528,5,0.53607905
doc_01529,5,0.4488967
doc_01530,3,0.10488705
doc_01531,1,0.32024994
doc_01532,4,0.16459425
doc_01533,1,0.33835128
doc_01534,14,0.1349061
doc_01535,2,0.15992497
doc_01536,9,0.44439048
doc_01537,5,0.2817619
doc_01538,5,0.22855355
doc_01539,14,0.093576066
doc_01540,3,0.27177182
