issue_id,label,label_short,system_component,issue_type,severity,confidence,affected_engines,affected_years,onset_km_range,symptom,cause,fix,warning_signs,inspection_advice,mention_count,source_videos,source,data_quality,notes
tdi_injector_failure,TDI injector failure causing misfire and rough idle,Injector failure,fuel,chronic_failure,high,high,"[""1.6_TDI""]",,,"Engine runs rough with a noticeable tapping noise and misfire, engine warning light on, glow plug light flashing.",Piezo injectors failing or circuit failure; excessive carbon buildup can cause seizure.,"Replace or repair the faulty injectors, program new calibration codes to ECU, and clean injector bore if seized.","[""Rough idle"", ""Tapping noise"", ""Flashing glow plug light""]",Check for misfire codes and listen for irregular engine idle.,3,"[{""video_id"": ""cVVvlLlMhT0"", ""title"": ""VW Golf 1.6 TDI idling rough with a tapping noise... Fault finding and repair."", ""bucket"": ""diesel_engine""}, {""video_id"": ""JHpDWA0PqS0"", ""title"": ""VW Caddy 1.6 TDI Injector replacement"", ""bucket"": ""diesel_engine""}]",youtube,medium,"Includes piezo failure, circuit failure, and seizure from carbon buildup."
water_pump_failure_diesel,Water pump failure and seal damage on TDI engines,Water pump failure,cooling,chronic_failure,medium,high,"[""1.6_TDI"", ""2.0_TDI""]",,,Coolant leak from the water pump after installation; potential coolant circulation issues or pump failure.,Electronic water pump actuator complexity; dry rotation during installation damages the mechanical seal.,Replace with modified aftermarket pump that bypasses electronic actuator if needed; pre-lubricate pump with coolant before installation to prevent seal damage.,"[""Coolant leak"", ""Overheating warning""]",Inspect for coolant leaks around the water pump and check service history for replacement.,3,"[{""video_id"": ""f05um4A3vMU"", ""title"": ""2.0 TDI Timing belt & water pump replacement - MK7 VW Golf CRBC"", ""bucket"": ""diesel_engine""}, {""video_id"": ""en_GY0HGr_0"", ""title"": ""How to replace the timing belt and the water pump Golf mk7 1.6 or 2.0 TDI 🚗"", ""bucket"": ""diesel_engine""}]",youtube,medium,Merges electronic pump failure and dry rotation seal damage.
timing_chain_stretch_cam_bridge_issues,"Timing chain stretch, tensioner failure, and cam bridge issues",Timing chain and cam bridge,engine,chronic_failure,high,high,"[""2.0_TSI""]",,,"Engine timing issues, potential for severe engine damage; oil flow restriction to variator, potential camshaft timing issues; oil leak from cam bridge area after timing chain replacement.","Chain stretch beyond specified limits (e.g., 61-64 link measurement); screen in cam bridge becomes blocked or broken; original seal design is difficult to reinstall correctly and prone to leaking.","Replace timing chain kit and tensioner, verify timing marks; replace cam bridge assembly during timing chain service; replace seal with new one during reassembly; critical to prevent rework.","[""Engine timing issues"", ""Oil leak from cam bridge""]",Check timing chain stretch measurement and inspect cam bridge for leaks or screen blockage.,1,"[{""video_id"": ""myCt1ybXVGI"", ""title"": ""How To Replace TIMING CHAIN KIT on VW Audi EA888 2.0 tfsi tsi Video Tutorial"", ""bucket"": ""petrol_engine""}]",youtube,medium,"Multiple related cam bridge issues (screen blockage, seal leak) often addressed during timing chain service."
pcv_valve_oil_ingestion,PCV valve oil ingestion and inadequate air-oil separator,PCV valve failure,engine,chronic_failure,medium,high,"[""1.4_TSI"", ""1.5_TSI""]",,,"Excessive knock correction (up to 18 degrees) during hard cornering or track use, indicating oil ingestion into the intake; oil ingestion into the intake system, particularly during dynamic driving.","Stock Mk7 PCV valve design overwhelmed during hard braking/cornering, allowing oil to bypass the air-oil separator and enter the intake manifold; Mk7 PCV valve has a small air-oil separator drain hole and a bypass valve that opens under pressure differential, allowing oil to flood the diaphragm assembly.",Retrofit Mk8 PCV valve (revision B) with a 2021 Tiguan PCV hose and cap the unused port; Mk8 PCV valve features a revised separator with a larger drain outlet and improved bypass valve material.,"[""Excessive knock correction under load"", ""Oil in intake""]","Check for oil in the intake manifold and PCV valve condition, especially if used for performance driving.",1,"[{""video_id"": ""jYdF-sOLe3I"", ""title"": ""MK7 PCV Analysis - How it works, and why I've adapted the MK8 PCV (Pt 5)"", ""bucket"": ""petrol_engine""}]",youtube,high,Issue is particularly pronounced during aggressive driving or track use.
thermostat_housing_leak,Thermostat housing prone to leaking,Thermostat leak,cooling,fluid_leak,medium,high,"[""1.8_TSI"", ""2.0_TSI""]",,,"Coolant leak from the thermostat housing area, often with sweet-smelling vapor under the hood.",,Replace thermostat housing and water pump assembly; often requires intake manifold removal for proper cleaning and installation.,"[""Coolant leak"", ""Sweet-smelling vapor under hood""]",Inspect thermostat housing area for coolant residue or leaks.,1,"[{""video_id"": ""RIVyvfEWztc"", ""title"": ""Don't Overpay for a MK7 Waterpump/Thermostat Housing and How to do it Yourself"", ""bucket"": ""petrol_engine""}]",youtube,medium,
timing_belt_short_interval,Short timing belt replacement interval on TDI,Timing belt interval,engine,wear_item,high,high,"[""2.0_TDI""]",,,Risk of belt failure if not replaced on schedule.,Manufacturer-specified 5-year replacement interval regardless of mileage.,Replace timing belt and water pump every 5 years.,"[""Age-based maintenance due""]",Check service records for timing belt replacement date; replace if over 5 years old.,1,"[{""video_id"": ""f05um4A3vMU"", ""title"": ""2.0 TDI Timing belt & water pump replacement - MK7 VW Golf CRBC"", ""bucket"": ""diesel_engine""}]",youtube,medium,
dq200_mechatronics_pump_leakage,DQ200 mechatronics internal pump leakage,DSG Pump Leak,gearbox,chronic_failure,high,high,"[""1.6_TDI""]",,,Gearbox jumps out of gear and fails to engage due to low hydraulic pressure.,Internal leakage inside the mechatronics hydraulic pump preventing pressure buildup.,Remove and repair or replace the mechatronics unit.,"[""Gear disengagement"", ""Low pressure warnings""]",Check for transmission fault codes and test drive for gear engagement issues.,1,"[{""video_id"": ""u5bAMQPC5O0"", ""title"": ""Golf DSG gearbox jumping out of gear... Fault finding and repair."", ""bucket"": ""drivetrain_cooling""}]",youtube,medium,
dq200_input_speed_sensor_mounting_failure,DQ200 input speed sensor mounting failure,Sensor Mount Break,gearbox,sensor_fault,medium,high,"[""1.6_TDI""]",,,Gearbox fault codes for input speed sensor and erratic operation.,"Sensor mounting tab broken, allowing the sensor to dislodge.",Secure sensor with a custom bracket or replacement mount.,"[""Erratic shifting"", ""Sensor fault codes""]",Inspect sensor mounting for damage or looseness.,1,"[{""video_id"": ""u5bAMQPC5O0"", ""title"": ""Golf DSG gearbox jumping out of gear... Fault finding and repair."", ""bucket"": ""drivetrain_cooling""}]",youtube,medium,
dsg_mechatronics_circuit_board_burnout,DSG mechatronics circuit board burnout,DSG Board Burnout,gearbox,chronic_failure,high,high,"[""1.2_TSI"", ""1.4_TSI""]",,,"Gear indicator flashes, transmission does not respond, and a 30A fuse for the transmission control module keeps blowing.",Sulfur content in old hydraulic oil formulation causing internal short circuits over time.,Replace mechatronics unit with a remanufactured one filled with updated oil and perform basic calibration.,"[""Flashing gear indicator"", ""Blown TCM fuses""]",Check transmission oil age and for electrical faults.,1,"[{""video_id"": ""wxauAw_AuAo"", ""title"": ""DSG Gearbox Diagnosed explained Fixed"", ""bucket"": ""drivetrain_cooling""}]",youtube,medium,
rear_axle_beam_bushing_failure,Rear axle beam bushing wear or failure,Rear Bushing Wear,suspension,wear_item,medium,high,"[""all""]",,,Excessive play or noise from the rear suspension.,Bushing material degradation or rust leading to separation.,"Replace with new bonded rubber bushings, ensuring correct orientation during installation.","[""Rear clunking"", ""Loose handling""]","Check rear axle bushings for cracks, separation, or excessive movement.",1,"[{""video_id"": ""RllGdT3GIhc"", ""title"": ""Let’s Fix The Volkswagen Part 9:  Rear Axle Beam Bushings"", ""bucket"": ""drivetrain_cooling""}]",youtube,medium,
rear_subframe_bolt_shearing,Rear subframe bolt shearing off,Subframe Bolt Shear,suspension,structural,high,high,"[""all""]",,,Knocking noise from the rear suspension.,Bolt shearing off at the subframe mounting point.,Replace subframe and bolt; may require extraction of broken bolt.,"[""Knocking sounds"", ""Suspension misalignment""]","Inspect subframe bolts for corrosion and integrity, especially in rusty regions.",1,"[{""video_id"": ""S32KZ_Qh1xQ"", ""title"": ""So much RUST! Chassis refresh (pt.1) | 200k mile Golf GTI"", ""bucket"": ""drivetrain_cooling""}]",youtube,medium,
body_level_sensor_corrosion_failure,Body level sensor bracket corrosion failure,Sensor Bracket Rust,suspension,sensor_fault,medium,high,"[""all""]",,,Sensor bracket corroded and snapped.,Severe corrosion causing structural failure of the sensor bracket.,Replace entire body level sensor and bracket.,"[""Suspension warning lights"", ""Broken bracket""]","Check sensor brackets for rust and structural integrity, especially in winter climates.",1,"[{""video_id"": ""S32KZ_Qh1xQ"", ""title"": ""So much RUST! Chassis refresh (pt.1) | 200k mile Golf GTI"", ""bucket"": ""drivetrain_cooling""}]",youtube,medium,
suspension_bolt_seizure,Severe suspension bolt seizure,Bolt Seizure,suspension,wear_item,medium,high,"[""all""]",,,"Bolts (e.g., camber/toe adjustment bolt) are extremely difficult or impossible to remove.",Severe corrosion and rust seizing bolts in bushings and mounts.,"Requires extensive penetrating fluid, heat, or bolt extraction methods.","[""Frozen bolts"", ""Corrosion visible""]",Look for rust on suspension bolts and test movement if possible.,1,"[{""video_id"": ""S32KZ_Qh1xQ"", ""title"": ""So much RUST! Chassis refresh (pt.1) | 200k mile Golf GTI"", ""bucket"": ""drivetrain_cooling""}]",youtube,medium,
brake_line_retainer_corrosion,Brake line retainer corrosion failure,Brake Clip Rust,brakes,structural,high,high,"[""all""]",,,"Brake line clip/retainer snaps off during removal, potentially damaging the brake line.",Corrosion causing the metal retainer to become brittle and fail.,Repair or replace the damaged brake line and retainer.,"[""Brittle retainers"", ""Brake line damage""]","Inspect brake line retainers for rust and fragility, especially in salty environments.",1,"[{""video_id"": ""S32KZ_Qh1xQ"", ""title"": ""So much RUST! Chassis refresh (pt.1) | 200k mile Golf GTI"", ""bucket"": ""drivetrain_cooling""}]",youtube,medium,
rear_quarter_panel_corrosion,Rear quarter panel corrosion at bumper joint,Quarter Panel Rust,body,structural,medium,high,"[""all""]",,,Corrosion develops where the rear quarter panel meets the rear bumper.,Potential stone chipping or rubbing of the bumper on the panel.,"Remove debris, treat with rust remover, apply primer and stone chip paint, then protective wax.","[""Visible rust at bumper seam""]",Check rear bumper-to-body joint for bubbling paint or rust.,1,"[{""video_id"": ""PxLU0b5fL5k"", ""title"": ""MK7 VW GOLF RUST ISSUES + HOW TO PROTECT YOURS  #golf7 #mk7golf"", ""bucket"": ""electrical_body""}]",youtube,medium,
front_sill_corrosion,Front sill corrosion under wheel arch,Front Sill Rust,body,structural,medium,high,"[""all""]",,,"Corrosion appears on the front sill area, exacerbated by wheels with offset.",Stone chipping and mud accumulation behind the wheel arch liner.,"Clean area, apply rust remover, primer, stone chip paint, and protective wax.","[""Rust on front sill behind wheel""]",Inspect front wheel arch liner and sill for mud buildup and corrosion.,1,"[{""video_id"": ""PxLU0b5fL5k"", ""title"": ""MK7 VW GOLF RUST ISSUES + HOW TO PROTECT YOURS  #golf7 #mk7golf"", ""bucket"": ""electrical_body""}]",youtube,medium,
wheel_arch_foam_pad_trapping_moisture,Wheel arch foam pad traps moisture and causes rust,Foam Pad Rust,body,structural,medium,high,"[""all""]",,,"Foam pad on wheel arch lip traps dirt and moisture, promoting corrosion.",Design flaw where foam pad absorbs or traps water and muck against the metal.,"Remove wheel arch liner and foam pad, clean area, and apply protective wax.","[""Damp foam pad, rust under pad""]",Remove wheel arch liner to check foam pad and underlying metal.,1,"[{""video_id"": ""PxLU0b5fL5k"", ""title"": ""MK7 VW GOLF RUST ISSUES + HOW TO PROTECT YOURS  #golf7 #mk7golf"", ""bucket"": ""electrical_body""}]",youtube,medium,
suspension_arm_corrosion,Suspension arm surface corrosion,Suspension Rust,suspension,structural,low,high,"[""all""]",,,Front suspension arms show surface rust and corrosion.,Insufficient corrosion protection on painted steel components.,Apply protective wax or corrosion inhibitor to suspension arms.,"[""Surface rust on suspension arms""]",Check front lower control arms for rust during service.,1,"[{""video_id"": ""PxLU0b5fL5k"", ""title"": ""MK7 VW GOLF RUST ISSUES + HOW TO PROTECT YOURS  #golf7 #mk7golf"", ""bucket"": ""electrical_body""}]",youtube,medium,"Primarily cosmetic, but monitor for structural weakening."
door_seal_corrosion,Corrosion under door seal trim,Door Seal Rust,body,structural,medium,high,"[""all""]",,,Corrosion develops under the door seal on the dry side.,Moisture and debris trapped under the seal.,Peel back seal and apply corrosion inhibitor like ACF-50.,"[""Rust under door weatherstrip""]",Lift door seals to inspect for hidden corrosion.,1,"[{""video_id"": ""PxLU0b5fL5k"", ""title"": ""MK7 VW GOLF RUST ISSUES + HOW TO PROTECT YOURS  #golf7 #mk7golf"", ""bucket"": ""electrical_body""}]",youtube,medium,
fuse_box_water_ingress_wire_corrosion,Fuse box water ingress and wire corrosion,Fuse Box Corrosion,electrical,intermittent_fault,high,medium,"[""all""]",,,Vehicle fails to start or crank due to loss of ECU power.,"Water ingress into fuse box due to improperly sealed cover, leading to corroded power wires.","Repair corroded wiring, add missing power wire, and properly seal fuse box cover.","[""Intermittent no-crank, corrosion in fuse box""]","Check fuse box for moisture and corrosion, especially on main power wires.",1,"[{""video_id"": ""LRjzq2kh_Nk"", ""title"": ""2017 Audi S6 P164E00 code issue. Bentley Flying Spur with electrical gremlins VLOG #66"", ""bucket"": ""electrical_body""}]",youtube,medium,"Based on Audi S6 example, but relevant to similar VW Group electrical layouts."
oil_pressure_regulation_valve_failure,Oil pressure regulation valve electrical error,Oil Valve Failure,engine,sensor_fault,high,medium,"[""all""]",,,Engine trouble code for oil pressure regulation valve electrical error.,Internal failure of the oil pressure regulation valve solenoid (open circuit).,"Replace the oil pressure regulation valve, requiring significant disassembly of engine subframe and components.","[""Oil pressure warning light, fault code P164E00""]",Scan for fault codes related to oil pressure control.,1,"[{""video_id"": ""LRjzq2kh_Nk"", ""title"": ""2017 Audi S6 P164E00 code issue. Bentley Flying Spur with electrical gremlins VLOG #66"", ""bucket"": ""electrical_body""}]",youtube,medium,"Based on Audi S6, repair is labor-intensive."
wheel_speed_sensor_wiring_damage,Wheel speed sensor wiring damage causes multiple warnings,ABS Wiring Damage,electrical,intermittent_fault,high,high,"[""2.0_TSI""]",,,"Multiple dash warning lights illuminate (ABS, start-stop, hill hold, lane assist, travel assist, tire pressure, rear traffic alert) and systems become unavailable.","Rodent damage to the wiring harness for the magneto-resistive wheel speed sensor, specifically a broken wire.","Locate and repair the broken wire in the harness, typically found in the underbody area, and protect against future rodent intrusion.","[""Cluster of warning lights, ABS/ESC faults""]","Inspect underbody wiring harness for damage, especially if parked outdoors.",1,"[{""video_id"": ""1UHpywmw56o"", ""title"": ""VW Passat Multiple Dash Warning Lights"", ""bucket"": ""electrical_body""}]",youtube,high,"Example from Passat, applicable to similar MQB platform vehicles like Golf."
water_pump_leak,Water pump leaks prematurely,Water Pump Leak,cooling,fluid_leak,medium,high,"[""1.4_TSI"", ""1.5_TSI"", ""2.0_TSI""]",,,Water pump leaks coolant continuously.,,Replace water pump.,"[""Coolant loss, low coolant warning""]",Check for coolant residue around water pump housing.,1,"[{""video_id"": ""P4nQsN7zNcA"", ""title"": ""This Golf R Has A HUGE LIST OF PROBLEMS!"", ""bucket"": ""electrical_body""}]",youtube,medium,Common issue on EA888 and related TSI engines.
camshaft_magnet_failure,Camshaft magnet failure affects timing,Cam Magnet Failure,engine,sensor_fault,medium,high,"[""1.4_TSI"", ""1.5_TSI"", ""2.0_TSI""]",,,"Camshaft timing not controlled properly, especially exhaust side.",,Replace both cam magnets and associated valves.,"[""Rough idle, timing fault codes""]",Scan for camshaft position sensor/actuator fault codes.,1,"[{""video_id"": ""P4nQsN7zNcA"", ""title"": ""This Golf R Has A HUGE LIST OF PROBLEMS!"", ""bucket"": ""electrical_body""}]",youtube,medium,
dq200_dsg_software_anomaly,DSG software anomaly causes 4th gear hesitation,DSG Software Issue,gearbox,intermittent_fault,medium,high,"[""1.4_TSI"", ""2.0_TSI""]",,,Ignition pull or hesitation when shifting into 4th gear.,Incorrect or outdated transmission software calibration.,Update DSG software to latest revision.,"[""Hesitation/jerk into 4th gear""]","Test drive focusing on 3-4 upshift, check for TSBs/software updates.",1,"[{""video_id"": ""P4nQsN7zNcA"", ""title"": ""This Golf R Has A HUGE LIST OF PROBLEMS!"", ""bucket"": ""electrical_body""}]",youtube,medium,Specific to DQ200 7-speed dry-clutch DSG.
rear_shock_absorber_fluid_leak,Rear shock absorber fluid leak,Rear Damper Leak,suspension,fluid_leak,medium,high,"[""2.0_TSI""]",,,"Nearside rear damper loses all fluid, leading to reduced damping.",,Replace the leaking damper (often with a used unit to avoid mandatory pair replacement).,"[""Oil on damper body, poor ride quality""]",Check rear dampers for oil seepage or coating.,1,"[{""video_id"": ""P4nQsN7zNcA"", ""title"": ""This Golf R Has A HUGE LIST OF PROBLEMS!"", ""bucket"": ""electrical_body""}]",youtube,medium,
