issue_id,label,label_short,system_component,issue_type,severity,confidence,affected_engines,affected_years,onset_km_range,symptom,cause,fix,warning_signs,inspection_advice,mention_count,distinct_channel_count,source_videos,source,data_quality,notes,corroboration_count,model_scope,affected_engines_original,_scope_notes,trim_evidence,distinct_trim_count,dominant_trim,cross_trim_corroboration_count,trim_scope_warning,affected_years_evidence
wiper_motor_failure,Wiper motor failure or sticking,Wiper motor failure,electrical,chronic_failure,medium,high,[],,,Front and rear wiper motors fail permanently or wipers stick mid-screen due to a faulty motor or perished wiring.,Faulty motor or perished wiring,Replace wiper motor,"[""Wipers moving slowly"", ""Wipers stopping mid-cycle""]",Test front and rear wipers on all speeds.,2,1,"[{""video_id"": ""Xsh3AZ8Jh3M"", ""title"": ""..."", ""channel"": ""..."", ""video_type_category"": ""..."", ""trim"": ""base""}, {""video_id"": ""gHsrxWl0O2I"", ""title"": ""..."", ""channel"": ""..."", ""video_type_category"": ""..."", ""trim"": ""base""}]",youtube,medium,Mentioned for general model and specifically for 2.0_16V.,2,"[""all_renault_clio_mk2""]","[""2.0_16V""]","[""system_component=electrical is not engine-scoped; cleared affected_engines (original preserved in affected_engines_original).""]","{""base"": 2}",1,base,0,False,"{""from_llm_year_phrase"": null, ""from_llm_year_parsed"": [], ""from_transcript_context"": [], ""from_source_video_titles"": [], ""from_engine_production_windows"": [""2000-2005""], ""from_model_scope_window"": [""2000-2005""], ""window_source"": ""engine"", ""content_combine_rule"": ""no_content"", ""confidence"": ""low"", ""fallback_window"": ""2000-2005"", ""fallback_window_source"": ""engine""}"
clutch_wear_high_bite,Clutch wear leading to high bite point,Clutch wear,gearbox,wear_item,high,medium,"[""2.0_16V""]",,,"The self-adjusting clutch wears, causing the bite point to become very high.",Self-adjusting clutch mechanism wear,Clutch replacement,"[""High bite point"", ""Slipping under load""]",Test clutch bite point during test drive,1,1,"[{""video_id"": ""gHsrxWl0O2I"", ""title"": ""None"", ""channel"": ""None"", ""video_type_category"": ""None"", ""trim"": ""base""}]",youtube,medium,,1,"[""all_renault_clio_mk2""]",,,"{""base"": 1}",1,base,0,False,"{""from_llm_year_phrase"": null, ""from_llm_year_parsed"": [], ""from_transcript_context"": [], ""from_source_video_titles"": [], ""from_engine_production_windows"": [""2000-2005""], ""from_model_scope_window"": [""2000-2005""], ""window_source"": ""engine"", ""content_combine_rule"": ""no_content"", ""confidence"": ""low"", ""fallback_window"": ""2000-2005"", ""fallback_window_source"": ""engine""}"
driveshaft_wear_vibration,Driveshaft wear causing vibration,Driveshaft vibration,gearbox,wear_item,medium,medium,"[""2.0_16V""]",,,Worn driveshafts cause a vibration felt through the steering wheel.,Worn driveshafts,Driveshaft replacement,"[""Steering wheel vibration"", ""Clunking on turns""]",Check for play in driveshafts and listen for clunks,1,1,"[{""video_id"": ""gHsrxWl0O2I"", ""title"": ""None"", ""channel"": ""None"", ""video_type_category"": ""None"", ""trim"": ""base""}]",youtube,medium,,1,"[""all_renault_clio_mk2""]",,,"{""base"": 1}",1,base,0,False,"{""from_llm_year_phrase"": null, ""from_llm_year_parsed"": [], ""from_transcript_context"": [], ""from_source_video_titles"": [], ""from_engine_production_windows"": [""2000-2005""], ""from_model_scope_window"": [""2000-2005""], ""window_source"": ""engine"", ""content_combine_rule"": ""no_content"", ""confidence"": ""low"", ""fallback_window"": ""2000-2005"", ""fallback_window_source"": ""engine""}"
engine_oil_leaks_sealant,Engine oil leaks from non-solidifying sealant,Oil leaks,engine,fluid_leak,medium,high,"[""2.0_16V""]",,,Oil leaks develop over time as the factory-applied non-solidifying sealant degrades.,Degradation of factory non-solidifying sealant,Reseal with appropriate gasket maker or solid gasket,"[""Oil spots under car"", ""Low oil level"", ""Burning oil smell""]","Inspect engine for oil seepage, especially around sump and timing cover.",1,1,"[{""video_id"": ""gHsrxWl0O2I"", ""title"": ""..."", ""channel"": ""..."", ""video_type_category"": ""..."", ""trim"": ""base""}]",youtube,medium,,1,"[""all_renault_clio_mk2""]",,,"{""base"": 1}",1,base,0,False,"{""from_llm_year_phrase"": null, ""from_llm_year_parsed"": [], ""from_transcript_context"": [], ""from_source_video_titles"": [], ""from_engine_production_windows"": [""2000-2005""], ""from_model_scope_window"": [""2000-2005""], ""window_source"": ""engine"", ""content_combine_rule"": ""no_content"", ""confidence"": ""low"", ""fallback_window"": ""2000-2005"", ""fallback_window_source"": ""engine""}"
excessive_oil_consumption_1_2,Excessive oil consumption on 1.2 petrol,Oil consumption,engine,chronic_failure,high,medium,"[""1.2""]",,,"Engine consumes oil, which can lead to catastrophic engine failure.",,"Regular oil level checks, top-ups, potential engine repair or rebuild.","[""Low oil level"", ""Blue exhaust smoke"", ""Oil smell""]","Check oil level and condition, look for smoke from exhaust, inspect for oil leaks.",1,1,"[{""video_id"": ""Xsh3AZ8Jh3M"", ""title"": ""Buying a Used 4th Gen Clio? Problems"", ""channel"": ""Pit-Stop"", ""video_type_category"": ""organic"", ""trim"": ""base""}]",youtube,medium,,1,"[""all_renault_clio_mk2""]",,,"{""base"": 1}",1,base,0,False,"{""from_llm_year_phrase"": null, ""from_llm_year_parsed"": [], ""from_transcript_context"": [], ""from_source_video_titles"": [], ""from_engine_production_windows"": [""1998-2012""], ""from_model_scope_window"": [""1998-2012""], ""window_source"": ""engine"", ""content_combine_rule"": ""no_content"", ""confidence"": ""low"", ""fallback_window"": ""1998-2012"", ""fallback_window_source"": ""engine""}"
faulty_fuel_gauge,Faulty fuel gauge,Fuel gauge fault,fuel,sensor_fault,low,high,[],,,"Fuel gauge shows incorrect level, often getting stuck at half a tank before suddenly indicating empty.",Faulty fuel level sender or wiring,Replace fuel level sender unit,"[""Gauge reading erratically"", ""Sudden drop to empty""]",Fill fuel tank and monitor gauge for accurate reading.,1,1,"[{""video_id"": ""Xsh3AZ8Jh3M"", ""title"": ""..."", ""channel"": ""..."", ""video_type_category"": ""..."", ""trim"": ""base""}]",youtube,medium,No specific engine mentioned; may be widespread.,1,"[""all_renault_clio_mk2""]",,,"{""base"": 1}",1,base,0,False,"{""from_llm_year_phrase"": null, ""from_llm_year_parsed"": [], ""from_transcript_context"": [], ""from_source_video_titles"": [], ""from_engine_production_windows"": [], ""from_model_scope_window"": [""1998-2012""], ""window_source"": ""model_window"", ""content_combine_rule"": ""no_content"", ""confidence"": ""low"", ""fallback_window"": ""1998-2012"", ""fallback_window_source"": ""model_window""}"
fragile_air_vent_controls,Fragile air vent controls,Fragile vents,body,wear_item,low,medium,[],,,Vent controls are made from poor plastic and break easily if handled aggressively.,Poor quality plastic materials.,"Replace broken vent controls, handle with care.","[""Loose or broken vent slats""]",Operate all vent controls to check for breakage or looseness.,1,1,"[{""video_id"": ""Xsh3AZ8Jh3M"", ""title"": ""Buying a Used 4th Gen Clio? Problems"", ""channel"": ""Pit-Stop"", ""video_type_category"": ""organic"", ""trim"": ""base""}]",youtube,medium,,1,"[""all_renault_clio_mk2""]",,,"{""base"": 1}",1,base,0,False,"{""from_llm_year_phrase"": null, ""from_llm_year_parsed"": [], ""from_transcript_context"": [], ""from_source_video_titles"": [], ""from_engine_production_windows"": [], ""from_model_scope_window"": [""1998-2012""], ""window_source"": ""model_window"", ""content_combine_rule"": ""no_content"", ""confidence"": ""low"", ""fallback_window"": ""1998-2012"", ""fallback_window_source"": ""model_window""}"
power_steering_switch_leak,Power steering switch leak,PS switch leak,other,fluid_leak,medium,high,[],,,Fluid leak from the power steering switch located underneath the engine.,Failed switch seal or connection,Replace power steering switch or seal,"[""Low power steering fluid"", ""Whining noise from pump"", ""Fluid spots under front""]",Check power steering fluid level and inspect switch area for leaks.,1,1,"[{""video_id"": ""gHsrxWl0O2I"", ""title"": ""..."", ""channel"": ""..."", ""video_type_category"": ""..."", ""trim"": ""base""}]",youtube,medium,,1,"[""all_renault_clio_mk2""]","[""2.0_16V""]","[""system_component=other is not engine-scoped; cleared affected_engines (original preserved in affected_engines_original).""]","{""base"": 1}",1,base,0,False,"{""from_llm_year_phrase"": null, ""from_llm_year_parsed"": [], ""from_transcript_context"": [], ""from_source_video_titles"": [], ""from_engine_production_windows"": [""2000-2005""], ""from_model_scope_window"": [""2000-2005""], ""window_source"": ""engine"", ""content_combine_rule"": ""no_content"", ""confidence"": ""low"", ""fallback_window"": ""2000-2005"", ""fallback_window_source"": ""engine""}"
r_link_infotainment_bugs,R-Link infotainment system bugs,Infotainment bugs,electrical,intermittent_fault,medium,medium,[],,,"Infotainment system is buggy, slow, crashes, and can prevent access to climate controls.",Software bugs or hardware limitations.,"Software updates, system reset, or unit replacement.","[""System freezes"", ""Slow response"", ""Crashes""]","Test infotainment system thoroughly, check for responsiveness and crashes.",1,1,"[{""video_id"": ""Xsh3AZ8Jh3M"", ""title"": ""Buying a Used 4th Gen Clio? Problems"", ""channel"": ""Pit-Stop"", ""video_type_category"": ""organic"", ""trim"": ""base""}]",youtube,medium,,1,"[""all_renault_clio_mk2""]",,,"{""base"": 1}",1,base,0,False,"{""from_llm_year_phrase"": null, ""from_llm_year_parsed"": [], ""from_transcript_context"": [], ""from_source_video_titles"": [], ""from_engine_production_windows"": [], ""from_model_scope_window"": [""1998-2012""], ""window_source"": ""model_window"", ""content_combine_rule"": ""no_content"", ""confidence"": ""low"", ""fallback_window"": ""1998-2012"", ""fallback_window_source"": ""model_window""}"
rear_wheel_bearing_wear,Rear wheel bearing wear and rumble,Rear bearing rumble,suspension,wear_item,medium,medium,[],,,"Rear wheel bearings are susceptible to wear, producing a rumbling noise like roller skates.",Wheel bearing wear,Wheel bearing replacement,"[""Rumbling noise"", ""Noise increases with speed""]","Listen for bearing rumble, check for play in rear wheels",1,1,"[{""video_id"": ""gHsrxWl0O2I"", ""title"": ""None"", ""channel"": ""None"", ""video_type_category"": ""None"", ""trim"": ""base""}]",youtube,medium,,1,"[""all_renault_clio_mk2""]","[""2.0_16V""]","[""system_component=suspension is not engine-scoped; cleared affected_engines (original preserved in affected_engines_original).""]","{""base"": 1}",1,base,0,False,"{""from_llm_year_phrase"": null, ""from_llm_year_parsed"": [], ""from_transcript_context"": [], ""from_source_video_titles"": [], ""from_engine_production_windows"": [""2000-2005""], ""from_model_scope_window"": [""2000-2005""], ""window_source"": ""engine"", ""content_combine_rule"": ""no_content"", ""confidence"": ""low"", ""fallback_window"": ""2000-2005"", ""fallback_window_source"": ""engine""}"
rust_fuel_filler_cap,Rust around fuel filler cap,Filler cap rust,body,structural,medium,high,[],,,Rust can develop around the fuel filler cap area.,Corrosion from fuel spills and moisture,"Treat rust, repaint, and seal","[""Bubbling paint around filler"", ""Visible rust""]",Inspect area around fuel filler cap for corrosion.,1,1,"[{""video_id"": ""gHsrxWl0O2I"", ""title"": ""..."", ""channel"": ""..."", ""video_type_category"": ""..."", ""trim"": ""base""}]",youtube,medium,,1,"[""all_renault_clio_mk2""]","[""2.0_16V""]","[""system_component=body is not engine-scoped; cleared affected_engines (original preserved in affected_engines_original).""]","{""base"": 1}",1,base,0,False,"{""from_llm_year_phrase"": null, ""from_llm_year_parsed"": [], ""from_transcript_context"": [], ""from_source_video_titles"": [], ""from_engine_production_windows"": [""2000-2005""], ""from_model_scope_window"": [""2000-2005""], ""window_source"": ""engine"", ""content_combine_rule"": ""no_content"", ""confidence"": ""low"", ""fallback_window"": ""2000-2005"", ""fallback_window_source"": ""engine""}"
rust_rear_arches,Rust on rear wheel arches,Rear arch rust,body,structural,high,high,[],,,Rust is appearing on the rear wheel arches as the cars age.,Age and corrosion,"Cut out and weld new metal, treat and protect","[""Bubbling paint"", ""Visible orange/brown corrosion""]","Check rear wheel arches thoroughly, especially inside edges.",1,1,"[{""video_id"": ""gHsrxWl0O2I"", ""title"": ""..."", ""channel"": ""..."", ""video_type_category"": ""..."", ""trim"": ""base""}]",youtube,medium,,1,"[""all_renault_clio_mk2""]","[""2.0_16V""]","[""system_component=body is not engine-scoped; cleared affected_engines (original preserved in affected_engines_original).""]","{""base"": 1}",1,base,0,False,"{""from_llm_year_phrase"": null, ""from_llm_year_parsed"": [], ""from_transcript_context"": [], ""from_source_video_titles"": [], ""from_engine_production_windows"": [""2000-2005""], ""from_model_scope_window"": [""2000-2005""], ""window_source"": ""engine"", ""content_combine_rule"": ""no_content"", ""confidence"": ""low"", ""fallback_window"": ""2000-2005"", ""fallback_window_source"": ""engine""}"
rust_sills,Rust on sills,Sill rust,body,structural,high,high,[],,,"Rust can form on the metal sills, which are hidden by plastic side skirts.",Trapped moisture and corrosion under side skirts,"Remove skirts, treat rust, weld if necessary, protect","[""Rust visible at skirt edges"", ""Dampness under skirts""]",Remove plastic side skirts if possible to inspect metal sills.,1,1,"[{""video_id"": ""gHsrxWl0O2I"", ""title"": ""..."", ""channel"": ""..."", ""video_type_category"": ""..."", ""trim"": ""base""}]",youtube,medium,,1,"[""all_renault_clio_mk2""]","[""2.0_16V""]","[""system_component=body is not engine-scoped; cleared affected_engines (original preserved in affected_engines_original).""]","{""base"": 1}",1,base,0,False,"{""from_llm_year_phrase"": null, ""from_llm_year_parsed"": [], ""from_transcript_context"": [], ""from_source_video_titles"": [], ""from_engine_production_windows"": [""2000-2005""], ""from_model_scope_window"": [""2000-2005""], ""window_source"": ""engine"", ""content_combine_rule"": ""no_content"", ""confidence"": ""low"", ""fallback_window"": ""2000-2005"", ""fallback_window_source"": ""engine""}"
start_stop_battery_drain,Start-stop system battery drain,Battery drain,electrical,chronic_failure,medium,medium,[],,,"Start-stop system drains the battery, often resulting in a dead battery.",Battery degradation or system fault.,"Replace battery, diagnose start-stop system.","[""Frequent battery warnings"", ""Start-stop not working""]","Check battery health and age, test start-stop function.",1,1,"[{""video_id"": ""Xsh3AZ8Jh3M"", ""title"": ""Buying a Used 4th Gen Clio? Problems"", ""channel"": ""Pit-Stop"", ""video_type_category"": ""organic"", ""trim"": ""base""}]",youtube,medium,,1,"[""all_renault_clio_mk2""]",,,"{""base"": 1}",1,base,0,False,"{""from_llm_year_phrase"": null, ""from_llm_year_parsed"": [], ""from_transcript_context"": [], ""from_source_video_titles"": [], ""from_engine_production_windows"": [], ""from_model_scope_window"": [""1998-2012""], ""window_source"": ""model_window"", ""content_combine_rule"": ""no_content"", ""confidence"": ""low"", ""fallback_window"": ""1998-2012"", ""fallback_window_source"": ""model_window""}"
starter_motor_water_ingress,Starter motor water ingress and freezing,Starter water ingress,electrical,intermittent_fault,medium,medium,[],,,"Water seeps into the starter motor, freezes overnight, and prevents the car from starting.",Water ingress into starter motor housing.,"Replace or reseal starter motor, protect from water exposure.","[""Slow cranking in wet conditions"", ""Starter noise""]",Inspect starter motor location for signs of water exposure or corrosion.,1,1,"[{""video_id"": ""Xsh3AZ8Jh3M"", ""title"": ""Buying a Used 4th Gen Clio? Problems"", ""channel"": ""Pit-Stop"", ""video_type_category"": ""organic"", ""trim"": ""base""}]",youtube,medium,,1,"[""all_renault_clio_mk2""]",,,"{""base"": 1}",1,base,0,False,"{""from_llm_year_phrase"": null, ""from_llm_year_parsed"": [], ""from_transcript_context"": [], ""from_source_video_titles"": [], ""from_engine_production_windows"": [], ""from_model_scope_window"": [""1998-2012""], ""window_source"": ""model_window"", ""content_combine_rule"": ""no_content"", ""confidence"": ""low"", ""fallback_window"": ""1998-2012"", ""fallback_window_source"": ""model_window""}"
steering_wheel_melting,Steering wheel leather melts and becomes sticky,Sticky steering wheel,other,wear_item,low,medium,[],,,"The cheap leather on the steering wheel degrades, melting and becoming sticky to the touch.",Degradation of cheap leather material,Steering wheel cover or replacement,"[""Sticky feel"", ""Discoloration""]",Feel steering wheel for tackiness,1,1,"[{""video_id"": ""gHsrxWl0O2I"", ""title"": ""None"", ""channel"": ""None"", ""video_type_category"": ""None"", ""trim"": ""base""}]",youtube,medium,,1,"[""all_renault_clio_mk2""]","[""2.0_16V""]","[""system_component=other is not engine-scoped; cleared affected_engines (original preserved in affected_engines_original).""]","{""base"": 1}",1,base,0,False,"{""from_llm_year_phrase"": null, ""from_llm_year_parsed"": [], ""from_transcript_context"": [], ""from_source_video_titles"": [], ""from_engine_production_windows"": [""2000-2005""], ""from_model_scope_window"": [""2000-2005""], ""window_source"": ""engine"", ""content_combine_rule"": ""no_content"", ""confidence"": ""low"", ""fallback_window"": ""2000-2005"", ""fallback_window_source"": ""engine""}"
suspension_noise_rough_roads,Suspension noise on rough roads,Suspension noise,suspension,noise,low,medium,[],,,Excessive noise when driving on damaged roads.,,"Inspect and replace worn suspension components (bushings, struts).","[""Clunking or rattling over bumps""]","Test drive on rough roads, listen for noises, inspect suspension for wear.",1,1,"[{""video_id"": ""Xsh3AZ8Jh3M"", ""title"": ""Buying a Used 4th Gen Clio? Problems"", ""channel"": ""Pit-Stop"", ""video_type_category"": ""organic"", ""trim"": ""base""}]",youtube,medium,,1,"[""all_renault_clio_mk2""]",,,"{""base"": 1}",1,base,0,False,"{""from_llm_year_phrase"": null, ""from_llm_year_parsed"": [], ""from_transcript_context"": [], ""from_source_video_titles"": [], ""from_engine_production_windows"": [], ""from_model_scope_window"": [""1998-2012""], ""window_source"": ""model_window"", ""content_combine_rule"": ""no_content"", ""confidence"": ""low"", ""fallback_window"": ""1998-2012"", ""fallback_window_source"": ""model_window""}"
washer_jet_blockage,Washer jets become blocked,Blocked washer jets,electrical,chronic_failure,low,high,[],,,"Washer jets are infamous for becoming blocked, which is an MOT failure.","Dirt, debris, or mineral deposits in jets",Clean or replace washer jets,"[""Weak or no spray"", ""Uneven spray pattern""]",Test washer jets during pre-purchase inspection.,1,1,"[{""video_id"": ""gHsrxWl0O2I"", ""title"": ""..."", ""channel"": ""..."", ""video_type_category"": ""..."", ""trim"": ""base""}]",youtube,medium,,1,"[""all_renault_clio_mk2""]","[""2.0_16V""]","[""system_component=electrical is not engine-scoped; cleared affected_engines (original preserved in affected_engines_original).""]","{""base"": 1}",1,base,0,False,"{""from_llm_year_phrase"": null, ""from_llm_year_parsed"": [], ""from_transcript_context"": [], ""from_source_video_titles"": [], ""from_engine_production_windows"": [""2000-2005""], ""from_model_scope_window"": [""2000-2005""], ""window_source"": ""engine"", ""content_combine_rule"": ""no_content"", ""confidence"": ""low"", ""fallback_window"": ""2000-2005"", ""fallback_window_source"": ""engine""}"
water_ingress_boot,Water ingress into boot/trunk,Boot water leak,body,chronic_failure,medium,high,[],,,"Water leaks into the boot, often due to failed rubber bungs, causing dampness or mold.",Failed rubber bungs or seals,Replace or reseal rubber bungs and check boot seal,"[""Damp carpet in boot"", ""Musty smell"", ""Visible mold""]",Check boot carpet for dampness and inspect rubber bungs in spare wheel well.,1,1,"[{""video_id"": ""gHsrxWl0O2I"", ""title"": ""..."", ""channel"": ""..."", ""video_type_category"": ""..."", ""trim"": ""base""}]",youtube,medium,,1,"[""all_renault_clio_mk2""]","[""2.0_16V""]","[""system_component=body is not engine-scoped; cleared affected_engines (original preserved in affected_engines_original).""]","{""base"": 1}",1,base,0,False,"{""from_llm_year_phrase"": null, ""from_llm_year_parsed"": [], ""from_transcript_context"": [], ""from_source_video_titles"": [], ""from_engine_production_windows"": [""2000-2005""], ""from_model_scope_window"": [""2000-2005""], ""window_source"": ""engine"", ""content_combine_rule"": ""no_content"", ""confidence"": ""low"", ""fallback_window"": ""2000-2005"", ""fallback_window_source"": ""engine""}"
water_ingress_flooding,Water ingress from blocked drains or seals,Water leaks,body,fluid_leak,medium,high,[],,,Carpets become sodden and flooded with water inside the vehicle. Water leaks from the courtesy light area or sunroof when turning.,Scuttle panel drain tube blockage or sunroof drain blockage/seal failure.,"Clear blocked drain tubes, check and reseal sunroof seals.","[""Damp carpets"", ""Water stains on headliner"", ""Musty odor""]","Inspect carpets for dampness, check scuttle drains and sunroof drains for blockages.",1,1,"[{""video_id"": ""V87ZBmLrkyU"", ""title"": ""Is your clio getting wet inside? WATCH THIS! It's Highly likely this could be your problem"", ""channel"": ""MK2 CLIO OWNERS UK"", ""video_type_category"": ""organic"", ""trim"": ""base""}]",youtube,medium,Merged scuttle and sunroof drain issues as common water ingress causes.,1,"[""all_renault_clio_mk2""]","[""all""]","[""system_component=body is not engine-scoped; cleared affected_engines (original preserved in affected_engines_original).""]","{""base"": 1}",1,base,0,False,"{""from_llm_year_phrase"": null, ""from_llm_year_parsed"": [], ""from_transcript_context"": [], ""from_source_video_titles"": [], ""from_engine_production_windows"": [], ""from_model_scope_window"": [""1998-2012""], ""window_source"": ""model_window"", ""content_combine_rule"": ""no_content"", ""confidence"": ""low"", ""fallback_window"": ""1998-2012"", ""fallback_window_source"": ""model_window""}"
water_ingress_interior,Water ingress into interior cabin,Water ingress,body,chronic_failure,medium,medium,[],,,"Water finds its way into the interior, potentially from blocked scuttle drains or failed door seals.",Blocked scuttle drains or failed door seals,"Clear drains, replace seals","[""Damp carpets"", ""Musty smell""]",Check footwells and door seals for dampness,1,1,"[{""video_id"": ""gHsrxWl0O2I"", ""title"": ""None"", ""channel"": ""None"", ""video_type_category"": ""None"", ""trim"": ""base""}]",youtube,medium,,1,"[""all_renault_clio_mk2""]","[""2.0_16V""]","[""system_component=body is not engine-scoped; cleared affected_engines (original preserved in affected_engines_original).""]","{""base"": 1}",1,base,0,False,"{""from_llm_year_phrase"": null, ""from_llm_year_parsed"": [], ""from_transcript_context"": [], ""from_source_video_titles"": [], ""from_engine_production_windows"": [""2000-2005""], ""from_model_scope_window"": [""2000-2005""], ""window_source"": ""engine"", ""content_combine_rule"": ""no_content"", ""confidence"": ""low"", ""fallback_window"": ""2000-2005"", ""fallback_window_source"": ""engine""}"
