issue_id,label,system_component,affected_engines,affected_years,symptom,cause,fix,confidence,data_quality,source_videos,topic_id,topic_size,topic_top_terms,source,mention_count,distinct_channel_count,corroboration_count,engine_year_context
rear_wiper_squeak,Rear wiper always squeaks,body,[],,"Rear wiper just always squeaks, not much you can do.",,,medium,low,"[{""video_id"": ""zoSbJVeqdnQ"", ""title"": ""Finding Problems on a Used MK7 | Inspection Video"", ""channel"": ""Deutsche Auto Parts"", ""video_type_category"": ""organic""}, {""video_id"": ""TPoLnxbsqUE"", ""title"": ""Volkswagen Golf Mk7 used review: the best Golf EVER?"", ""channel"": ""Auto Express"", ""video_type_category"": ""organic""}, {""video_id"": ""RPskR5TPnh0"", ""title"": ""Why the Mk7 is the best generation of VW Golf"", ""channel"": ""Parkers Cars"", ""video_type_category"": ""organic""}, {""video_id"": ""yv2_SPxQFLI"", ""title"": ""Used Volkswagen Golf Review - Mk 7 (2013 - 2020): The best used family car?"", ""channel"": ""Cazoo"", ""video_type_category"": ""organic""}, {""video_id"": ""nDkdFw4z1UE"", ""title"": ""How to install SoloWerks Coilovers on a MK7 Golf SportWagen S7EP33"", ""channel"": ""PincheAls Garage"", ""video_type_category"": ""organic""}, {""video_id"": ""AhRpFZIZKDA"", ""title"": ""Common MK7 Golf R Problems"", ""channel"": ""Sam A"", ""video_type_category"": ""organic""}, {""video_id"": ""ENL7ozzMuJI"", ""title"": ""6 years 72k Mile Update For My Mk7.5 Volkswagen GTI - Maintenance Is Adding Up"", ""channel"": ""Boston Auto Blog"", ""video_type_category"": ""organic""}]",1,14,"[""yeah"", ""mark"", ""kind"", ""mark seven"", ""seven"", ""funny"", ""basically"", ""mark golf"", ""like"", ""things""]",youtube,7,7,7,
carbon_buildup_oil_consumption,Carbon buildup and oil consumption,engine,"[""1.8_TSI"", ""2.0_TSI""]",,Gradual loss of engine performance over time and potential excessive oil consumption.,"Carbon deposits accumulating on intake valves and ports due to direct injection design, with some engines also experiencing oil consumption issues.","Walnut blasting or cleaning of intake ports every 60,000-80,000 miles; aftermarket port injection kits available in some markets.",high,high,"[{""video_id"": ""RPskR5TPnh0"", ""title"": ""Why the Mk7 is the best generation of VW Golf"", ""channel"": ""Parkers Cars"", ""video_type_category"": ""organic""}, {""video_id"": ""nNJ1RNB9wK0"", ""title"": ""The Truth About VW’s EA211 Engine Reliability (VW 1.4 TSI)"", ""channel"": ""8020 Automotive"", ""video_type_category"": ""organic""}, {""video_id"": ""04rxrrv6yyE"", ""title"": ""Golf R buyers guide MK7 & MK7.5 (2013-2021) Avoid buying broken Golf R with common faults (2.0TSI)"", ""channel"": ""The Miles Driven"", ""video_type_category"": ""list_format""}, {""video_id"": ""9s5dyDCpGMs"", ""title"": ""120,000 Mile Review: 2018 VW GTI Autobahn (Mk7.5) | Long-Term Ownership Insights"", ""channel"": ""tevo"", ""video_type_category"": ""organic""}, {""video_id"": ""GBRszP9yMsE"", ""title"": ""My 400hp Daily Driver - Volkswagen Mk7 GTI Walkthrough"", ""channel"": ""Arkansas Offroad"", ""video_type_category"": ""organic""}]",4,10,"[""carbon"", ""injection"", ""carbon buildup"", ""buildup"", ""markets"", ""intake"", ""oil consumption"", ""deposits"", ""consumption"", ""carbon deposits""]",youtube,5,5,5,"[{""engine"": ""2.0_TSI"", ""years"": ""2013-2021"", ""evidence_hits"": 1}]"
rear_main_seal_failure,Rear main seal known to fail,engine,[],,Rear main seals are known to fail and owners usually opt to change these at the same time as the clutch.,,Switch to an aftermarket billet aluminium construction for a more permanent resolution that should last the life of the vehicle.,medium,medium,"[{""video_id"": ""RPskR5TPnh0"", ""title"": ""Why the Mk7 is the best generation of VW Golf"", ""channel"": ""Parkers Cars"", ""video_type_category"": ""organic""}, {""video_id"": ""s_hLRII-tBU"", ""title"": ""Car Servicing - VW Golf MK7"", ""channel"": ""Turners Workshop"", ""video_type_category"": ""organic""}, {""video_id"": ""nNJ1RNB9wK0"", ""title"": ""The Truth About VW’s EA211 Engine Reliability (VW 1.4 TSI)"", ""channel"": ""8020 Automotive"", ""video_type_category"": ""organic""}, {""video_id"": ""04rxrrv6yyE"", ""title"": ""Golf R buyers guide MK7 & MK7.5 (2013-2021) Avoid buying broken Golf R with common faults (2.0TSI)"", ""channel"": ""The Miles Driven"", ""video_type_category"": ""list_format""}, {""video_id"": ""9s5dyDCpGMs"", ""title"": ""120,000 Mile Review: 2018 VW GTI Autobahn (Mk7.5) | Long-Term Ownership Insights"", ""channel"": ""tevo"", ""video_type_category"": ""organic""}]",6,9,"[""fail"", ""120000"", ""owners"", ""maintenance"", ""change"", ""like subscribe"", ""developed"", ""snap"", ""specific"", ""supposed replace""]",youtube,5,5,5,
early_turbo_failure,early turbo failure on 2015 GTIs,engine,"[""2.0_TSI""]",early 2015,"Turbo failure causing major engine problems, especially on early 2015 cars.",Early revision turbos prone to failure compared to newer model years.,"Turbo replacement, potentially under warranty if still covered.",high,high,"[{""video_id"": ""Vgxon_BrQck"", ""title"": ""Volkswagen Golf MK7.5, 3 Years Ownership Review (UK)(4K) | Carcode"", ""channel"": ""Carcode"", ""video_type_category"": ""organic""}, {""video_id"": ""Zskb3HeOWMA"", ""title"": ""Volkswagen Reliability... My Experience"", ""channel"": ""NewEnglandPete"", ""video_type_category"": ""organic""}, {""video_id"": ""TxQX5uAQnV8"", ""title"": ""Used Mk7 Buyers Guide! How to avoid a previously modified car."", ""channel"": ""Baun Performance"", ""video_type_category"": ""list_format""}, {""video_id"": ""ENL7ozzMuJI"", ""title"": ""6 years 72k Mile Update For My Mk7.5 Volkswagen GTI - Maintenance Is Adding Up"", ""channel"": ""Boston Auto Blog"", ""video_type_category"": ""organic""}, {""video_id"": ""UaYN_JlMb48"", ""title"": ""MK7 Volkswagen GTI - Common Problems"", ""channel"": ""CashedOutCars"", ""video_type_category"": ""list_format""}]",24,7,"[""car"", ""great"", ""cars"", ""know"", ""years"", ""really"", ""2015"", ""problem"", ""things"", ""just""]",youtube,5,5,5,
water_pump_failure_carbon_buildup,Water pump failure and carbon buildup issues,cooling,"[""1.4_TSI"", ""1.8_TSI"", ""2.0_TSI""]",,"Coolant leaks, temperature fluctuations, and performance loss with misfires.",Plastic water pump housing failure and carbon buildup on fuel injectors/valves.,Replace water pump/thermostat and perform carbon cleaning service.,high,high,"[{""video_id"": ""RPskR5TPnh0"", ""title"": ""Why the Mk7 is the best generation of VW Golf"", ""channel"": ""Parkers Cars"", ""video_type_category"": ""organic""}, {""video_id"": ""04rxrrv6yyE"", ""title"": ""Golf R buyers guide MK7 & MK7.5 (2013-2021) Avoid buying broken Golf R with common faults (2.0TSI)"", ""channel"": ""The Miles Driven"", ""video_type_category"": ""list_format""}, {""video_id"": ""9s5dyDCpGMs"", ""title"": ""120,000 Mile Review: 2018 VW GTI Autobahn (Mk7.5) | Long-Term Ownership Insights"", ""channel"": ""tevo"", ""video_type_category"": ""organic""}, {""video_id"": ""GBRszP9yMsE"", ""title"": ""My 400hp Daily Driver - Volkswagen Mk7 GTI Walkthrough"", ""channel"": ""Arkansas Offroad"", ""video_type_category"": ""organic""}]",5,9,"[""fuel"", ""pump"", ""issue"", ""water pump"", ""injectors"", ""fuel injectors"", ""water"", ""sign"", ""filters"", ""carbon""]",youtube,4,4,4,"[{""engine"": ""2.0_TSI"", ""years"": ""2013-2021"", ""evidence_hits"": 1}]"
dq200_dsg_dry_clutch_problems,DQ200 dry clutch DSG reliability issues,gearbox,"[""1.2_TSI"", ""1.4_TSI""]",,"Jerky takeoff from a stop, hesitation when shifting, rough behavior when cold, and mechatronics failures.",Design limitations of the 7-speed dry clutch DQ200 transmission.,Opt for the wet clutch DSG versions (DQ250/DQ381) for long-term reliability.,high,high,"[{""video_id"": ""RPskR5TPnh0"", ""title"": ""Why the Mk7 is the best generation of VW Golf"", ""channel"": ""Parkers Cars"", ""video_type_category"": ""organic""}, {""video_id"": ""NVlT0G8sUPA"", ""title"": ""VW Golf 7: REAL Reliability Review – Common Problems, Failures & Best Engines"", ""channel"": ""Car Issues"", ""video_type_category"": ""list_format""}, {""video_id"": ""04rxrrv6yyE"", ""title"": ""Golf R buyers guide MK7 & MK7.5 (2013-2021) Avoid buying broken Golf R with common faults (2.0TSI)"", ""channel"": ""The Miles Driven"", ""video_type_category"": ""list_format""}, {""video_id"": ""GBRszP9yMsE"", ""title"": ""My 400hp Daily Driver - Volkswagen Mk7 GTI Walkthrough"", ""channel"": ""Arkansas Offroad"", ""video_type_category"": ""organic""}]",19,7,"[""clutch"", ""sixspeed"", ""wet"", ""dsg"", ""dry"", ""manual"", ""hand"", ""dry clutch"", ""complaints"", ""longterm""]",youtube,4,4,4,
cabin_blower_motor_failure,Cabin blower motor failure and control issues,electrical,[],2012 to 2019,"No airflow or reduced airflow from vents, blower motor works intermittently, or HVAC system generates OBD code B10B.","Faulty blower motor, blower resistor, blower switch, wiring issues, or blown fuse in HVAC system.","Test blower motor and electrical components, replace faulty parts like motor, resistor, or switch, check and replace fuses.",high,high,"[{""video_id"": ""ftdK1Rg2ob8"", ""title"": ""Addressing common faults in VW Golf MK7 (2012-2019)"", ""channel"": ""Luxe Rides & More"", ""video_type_category"": ""list_format""}, {""video_id"": ""Vgxon_BrQck"", ""title"": ""Volkswagen Golf MK7.5, 3 Years Ownership Review (UK)(4K) | Carcode"", ""channel"": ""Carcode"", ""video_type_category"": ""organic""}, {""video_id"": ""s_hLRII-tBU"", ""title"": ""Car Servicing - VW Golf MK7"", ""channel"": ""Turners Workshop"", ""video_type_category"": ""organic""}, {""video_id"": ""9s5dyDCpGMs"", ""title"": ""120,000 Mile Review: 2018 VW GTI Autobahn (Mk7.5) | Long-Term Ownership Insights"", ""channel"": ""tevo"", ""video_type_category"": ""organic""}]",1001,4,"[""air"", ""blower"", ""car"", ""golf"", ""issues"", ""motor"", ""blower motor"", ""turbocharger"", ""just"", ""ive""]",youtube,4,4,4,
trim_peeling_interior_plastic,fake metal trim peeling and sharp edges,body,[],,"The plastic fake metal interior trim starts to bubble, peel, and develop sharp edges that can cut the driver.",Material degradation or poor adhesion of the metallic finish on interior plastic trim.,Replace the affected trim pieces or apply a protective film to prevent further peeling.,medium,low,"[{""video_id"": ""dlAJkW6qK9o"", ""title"": ""SOLOWERKS MK7 Golf SportWagon Coilovers Unboxing"", ""channel"": ""PincheAls Garage"", ""video_type_category"": ""organic""}, {""video_id"": ""9s5dyDCpGMs"", ""title"": ""120,000 Mile Review: 2018 VW GTI Autobahn (Mk7.5) | Long-Term Ownership Insights"", ""channel"": ""tevo"", ""video_type_category"": ""organic""}, {""video_id"": ""GBRszP9yMsE"", ""title"": ""My 400hp Daily Driver - Volkswagen Mk7 GTI Walkthrough"", ""channel"": ""Arkansas Offroad"", ""video_type_category"": ""organic""}]",0,18,"[""white"", ""uh"", ""wheels"", ""coilovers"", ""like"", ""little"", ""did"", ""dont"", ""wagon"", ""um""]",youtube,3,3,3,
cooling_system_water_pump_leaks,Cooling system water pump leaks,cooling,"[""1.0_TSI"", ""1.2_TSI"", ""1.4_TSI"", ""1.5_TSI"", ""1.8_TSI"", ""2.0_TSI"", ""1.6_TDI"", ""2.0_TDI""]",,"Slowly dripping coolant, dropping coolant level, sweet smell under the hood, or moisture around the engine.",Leaks from the water pump or thermostat housing,Replace water pump and/or thermostat housing,high,high,"[{""video_id"": ""RPskR5TPnh0"", ""title"": ""Why the Mk7 is the best generation of VW Golf"", ""channel"": ""Parkers Cars"", ""video_type_category"": ""organic""}, {""video_id"": ""NVlT0G8sUPA"", ""title"": ""VW Golf 7: REAL Reliability Review – Common Problems, Failures & Best Engines"", ""channel"": ""Car Issues"", ""video_type_category"": ""list_format""}, {""video_id"": ""04rxrrv6yyE"", ""title"": ""Golf R buyers guide MK7 & MK7.5 (2013-2021) Avoid buying broken Golf R with common faults (2.0TSI)"", ""channel"": ""The Miles Driven"", ""video_type_category"": ""list_format""}]",14,7,"[""mk7"", ""golf mk7"", ""75 golf"", ""news"", ""honest"", ""cooling"", ""avoid"", ""coolant"", ""golf"", ""popular""]",youtube,3,3,3,"[{""engine"": ""1.5_TSI"", ""years"": ""2017"", ""evidence_hits"": 2}, {""engine"": ""2.0_TSI"", ""years"": ""2013-2021"", ""evidence_hits"": 1}]"
suspension_rattling_noise,Rear suspension knocking and rattling noise,suspension,[],early models,"Knocking and rattling noise from the rear suspension, especially under 30mph, often mistaken for trim panel rattles.","Suspension component issue, possibly shock absorbers (a revised shock absorber was introduced but noise remained).",Inspect and potentially replace suspension components; check for revised parts.,high,high,"[{""video_id"": ""RPskR5TPnh0"", ""title"": ""Why the Mk7 is the best generation of VW Golf"", ""channel"": ""Parkers Cars"", ""video_type_category"": ""organic""}, {""video_id"": ""NVlT0G8sUPA"", ""title"": ""VW Golf 7: REAL Reliability Review – Common Problems, Failures & Best Engines"", ""channel"": ""Car Issues"", ""video_type_category"": ""list_format""}, {""video_id"": ""04rxrrv6yyE"", ""title"": ""Golf R buyers guide MK7 & MK7.5 (2013-2021) Avoid buying broken Golf R with common faults (2.0TSI)"", ""channel"": ""The Miles Driven"", ""video_type_category"": ""list_format""}]",15,7,"[""suspension"", ""rattling"", ""noises"", ""hear"", ""noise"", ""introduced"", ""remained"", ""rattling noise"", ""expensive fix"", ""car happens""]",youtube,3,3,3,
turbocharger_failure_early_models,early turbocharger failure and replacement,engine,"[""1.8_TSI"", ""2.0_TSI""]",2013 and 2014,"Loss of power and inefficient turbo operation, potentially requiring full turbocharger replacement.",Stop/start function causing lack of lubrication leading to overheating in early production models.,"Replace turbocharger or upgrade actuators, with 2013-2014 models showing higher failure rates.",high,high,"[{""video_id"": ""nNJ1RNB9wK0"", ""title"": ""The Truth About VW’s EA211 Engine Reliability (VW 1.4 TSI)"", ""channel"": ""8020 Automotive"", ""video_type_category"": ""organic""}, {""video_id"": ""04rxrrv6yyE"", ""title"": ""Golf R buyers guide MK7 & MK7.5 (2013-2021) Avoid buying broken Golf R with common faults (2.0TSI)"", ""channel"": ""The Miles Driven"", ""video_type_category"": ""list_format""}, {""video_id"": ""GBRszP9yMsE"", ""title"": ""My 400hp Daily Driver - Volkswagen Mk7 GTI Walkthrough"", ""channel"": ""Arkansas Offroad"", ""video_type_category"": ""organic""}]",26,6,"[""turbocharger"", ""turbo"", ""turbocharged"", ""issues turbocharger"", ""turbochargers"", ""efficiently"", ""significant"", ""setup"", ""ultimately"", ""replace""]",youtube,3,3,3,"[{""engine"": ""2.0_TSI"", ""years"": ""2013-2021"", ""evidence_hits"": 1}]"
rear_caliper_seizing,GTI rear brake caliper seizing,brakes,[],,"Driver hears persistent screeching noise from the rear brakes, which becomes constant over time.","Rear brake caliper seizing up, often requiring replacement.","Replace the affected rear caliper, along with brake pads and rotors.",high,high,"[{""video_id"": ""RPskR5TPnh0"", ""title"": ""Why the Mk7 is the best generation of VW Golf"", ""channel"": ""Parkers Cars"", ""video_type_category"": ""organic""}, {""video_id"": ""04rxrrv6yyE"", ""title"": ""Golf R buyers guide MK7 & MK7.5 (2013-2021) Avoid buying broken Golf R with common faults (2.0TSI)"", ""channel"": ""The Miles Driven"", ""video_type_category"": ""list_format""}, {""video_id"": ""ENL7ozzMuJI"", ""title"": ""6 years 72k Mile Update For My Mk7.5 Volkswagen GTI - Maintenance Is Adding Up"", ""channel"": ""Boston Auto Blog"", ""video_type_category"": ""organic""}]",30,6,"[""wasnt"", ""gti"", ""noise"", ""rear"", ""maintenance"", ""fact"", ""clips"", ""hear"", ""time"", ""coming""]",youtube,3,3,3,
dsg_clutch_flywheel_wear,DSG clutch and flywheel wear,gearbox,"[""1.8_TSI"", ""2.0_TSI"", ""2.0_TDI""]",,Jerkiness or transmission issues indicating clutch or flywheel wear.,Wear of clutch or flywheel components in DSG gearboxes.,Replace clutch or flywheel and perform gearbox service.,medium,medium,"[{""video_id"": ""RPskR5TPnh0"", ""title"": ""Why the Mk7 is the best generation of VW Golf"", ""channel"": ""Parkers Cars"", ""video_type_category"": ""organic""}, {""video_id"": ""NVlT0G8sUPA"", ""title"": ""VW Golf 7: REAL Reliability Review – Common Problems, Failures & Best Engines"", ""channel"": ""Car Issues"", ""video_type_category"": ""list_format""}, {""video_id"": ""yv2_SPxQFLI"", ""title"": ""Used Volkswagen Golf Review - Mk 7 (2013 - 2020): The best used family car?"", ""channel"": ""Cazoo"", ""video_type_category"": ""organic""}]",33,6,"[""controls"", ""blame"", ""theres climate"", ""new clutch"", ""failure common"", ""example like"", ""controls example"", ""physical controls"", ""climate controls"", ""repaired""]",youtube,3,3,3,
thermostat_housing_coolant_leak,Thermostat housing coolant leaks,cooling,"[""1.0_TSI"", ""1.2_TSI"", ""1.4_TSI"", ""1.5_TSI""]",older models,"Coolant leaks from the thermostat housing area, sometimes leaving puddles on the ground.",Plastic thermostat housing integrated into water pump cracks/warps under high heat (OEM design prone to failure).,Replace with upgraded/superseded thermostat housing unit (thermostat and water pump replaced together).,high,high,"[{""video_id"": ""rdQqxKgBEWg"", ""title"": ""Two BIG Problems The Volkswagen Golf 7.5 R Has!"", ""channel"": ""Carbonwurks"", ""video_type_category"": ""organic""}, {""video_id"": ""nNJ1RNB9wK0"", ""title"": ""The Truth About VW’s EA211 Engine Reliability (VW 1.4 TSI)"", ""channel"": ""8020 Automotive"", ""video_type_category"": ""organic""}, {""video_id"": ""04rxrrv6yyE"", ""title"": ""Golf R buyers guide MK7 & MK7.5 (2013-2021) Avoid buying broken Golf R with common faults (2.0TSI)"", ""channel"": ""The Miles Driven"", ""video_type_category"": ""list_format""}]",37,5,"[""um"", ""thermostat"", ""gearbox"", ""leaking"", ""thermostat housing"", ""housing"", ""tuning"", ""obviously"", ""actually"", ""hopefully""]",youtube,3,3,3,"[{""engine"": ""1.4_TSI"", ""years"": ""2012"", ""evidence_hits"": 3, ""post_years"": [2012]}]"
water_pump_leak,Water pump and thermostat housing leak,cooling,"[""2.0_TSI""]",,The driver notices a coolant leak from the water pump/thermostat housing assembly.,,Replace the leaking water pump and thermostat housing.,high,high,"[{""video_id"": ""s_hLRII-tBU"", ""title"": ""Car Servicing - VW Golf MK7"", ""channel"": ""Turners Workshop"", ""video_type_category"": ""organic""}, {""video_id"": ""9s5dyDCpGMs"", ""title"": ""120,000 Mile Review: 2018 VW GTI Autobahn (Mk7.5) | Long-Term Ownership Insights"", ""channel"": ""tevo"", ""video_type_category"": ""organic""}, {""video_id"": ""AhRpFZIZKDA"", ""title"": ""Common MK7 Golf R Problems"", ""channel"": ""Sam A"", ""video_type_category"": ""organic""}]",41,4,"[""service"", ""ive got"", ""ive"", ""um yeah"", ""car ive"", ""got"", ""um"", ""private"", ""car"", ""id""]",youtube,3,3,3,
rear_shock_replacement_difficulty,difficult rear shock replacement process,suspension,[],,Replacing rear shock absorbers requires specific tools and careful procedure due to tight clearances and welded components.,Design with welded nuts on suspension arms and tight clearance around fuel tank requiring TDI-specific springs.,"Use pass-through sockets, cut zip ties, carefully remove bump stops, and ensure proper spring orientation during installation.",high,high,"[{""video_id"": ""nDkdFw4z1UE"", ""title"": ""How to install SoloWerks Coilovers on a MK7 Golf SportWagen S7EP33"", ""channel"": ""PincheAls Garage"", ""video_type_category"": ""organic""}, {""video_id"": ""04rxrrv6yyE"", ""title"": ""Golf R buyers guide MK7 & MK7.5 (2013-2021) Avoid buying broken Golf R with common faults (2.0TSI)"", ""channel"": ""The Miles Driven"", ""video_type_category"": ""list_format""}]",2,12,"[""right"", ""way"", ""shock"", ""going"", ""strut"", ""spring"", ""unbolt"", ""guys"", ""bolt"", ""install""]",youtube,2,2,2,
panoramic_sunroof_water_ingress,panoramic sunroof water ingress,body,[],,"Water ingress occurs around the panoramic sunroof, potentially leading to interior leaks.",Sealing failure or cracks in the sunroof assembly allowing water entry.,Inspect and reseal sunroof seals or replace damaged components.,medium,low,"[{""video_id"": ""RPskR5TPnh0"", ""title"": ""Why the Mk7 is the best generation of VW Golf"", ""channel"": ""Parkers Cars"", ""video_type_category"": ""organic""}, {""video_id"": ""GBRszP9yMsE"", ""title"": ""My 400hp Daily Driver - Volkswagen Mk7 GTI Walkthrough"", ""channel"": ""Arkansas Offroad"", ""video_type_category"": ""organic""}]",18,7,"[""sunroof"", ""day"", ""fun"", ""getting car"", ""cruising"", ""beautiful"", ""sunshine"", ""rain"", ""having car"", ""panoramic sunroof""]",youtube,2,2,2,
electronic_handbrake_sticking,electronic handbrake sticks with age,brakes,[],,The electronic handbrake is known to jam or become sticky over time.,Age-related wear or mechanism failure,Inspect and service the handbrake mechanism,medium,low,"[{""video_id"": ""RPskR5TPnh0"", ""title"": ""Why the Mk7 is the best generation of VW Golf"", ""channel"": ""Parkers Cars"", ""video_type_category"": ""organic""}, {""video_id"": ""GBRszP9yMsE"", ""title"": ""My 400hp Daily Driver - Volkswagen Mk7 GTI Walkthrough"", ""channel"": ""Arkansas Offroad"", ""video_type_category"": ""organic""}]",22,7,"[""generation golf"", ""age"", ""generation"", ""known"", ""golf"", ""agile"", ""golden"", ""magic"", ""handbrake"", ""golf let""]",youtube,2,2,2,
early_mk7_gti_r_turbo_failures,Early MK7 GTI/R turbo failures,engine,"[""2.0_TSI""]",early Mark 7 generation,Turbocharger failures in early MK7 Golf GTI and Golf R models.,"Switch from Borg Warner turbos to IHI turbos (IS20 in GTI, IS38 in R) in early production batches, which had reliability issues.",Avoid early MK7 batches; prefer MK7.5 models where turbo issues were worked out.,high,high,"[{""video_id"": ""ADUK5PFB4k4"", ""title"": ""Should You Buy the VW Golf GTI/R? (EA888 Reliability)"", ""channel"": ""motoringfan"", ""video_type_category"": ""organic""}, {""video_id"": ""ENL7ozzMuJI"", ""title"": ""6 years 72k Mile Update For My Mk7.5 Volkswagen GTI - Maintenance Is Adding Up"", ""channel"": ""Boston Auto Blog"", ""video_type_category"": ""organic""}]",40,5,"[""think"", ""turbo"", ""gti"", ""mark"", ""german"", ""good"", ""motor"", ""golf"", ""reliability"", ""theyve""]",youtube,2,2,2,
sump_plug_socket_size_mismatch,sump plug requires larger socket,engine,[],,The sump plug may require a larger socket than the standard 19mm for proper tightening.,,Use a bigger socket to hold the sump plug securely during tightening.,medium,low,"[{""video_id"": ""s_hLRII-tBU"", ""title"": ""Car Servicing - VW Golf MK7"", ""channel"": ""Turners Workshop"", ""video_type_category"": ""organic""}, {""video_id"": ""nDkdFw4z1UE"", ""title"": ""How to install SoloWerks Coilovers on a MK7 Golf SportWagen S7EP33"", ""channel"": ""PincheAls Garage"", ""video_type_category"": ""organic""}]",44,4,"[""socket"", ""sump"", ""19"", ""good good"", ""sump plug"", ""millimeter socket"", ""sure just"", ""need bigger"", ""threads"", ""millimeter""]",youtube,2,2,2,
air_conditioning_gremlins,Air conditioning system gremlins,electrical,[],,"The air conditioning system is known to have gremlins, affecting the ability to blow cold air.",,,medium,low,"[{""video_id"": ""RPskR5TPnh0"", ""title"": ""Why the Mk7 is the best generation of VW Golf"", ""channel"": ""Parkers Cars"", ""video_type_category"": ""organic""}, {""video_id"": ""GBRszP9yMsE"", ""title"": ""My 400hp Daily Driver - Volkswagen Mk7 GTI Walkthrough"", ""channel"": ""Arkansas Offroad"", ""video_type_category"": ""organic""}]",47,3,"[""air"", ""air conditioning"", ""conditioning"", ""cold"", ""air intake"", ""cold air"", ""blown"", ""levels choose"", ""trim levels"", ""loads""]",youtube,2,2,2,
headlight_clouding,Headlight acrylic clouding over time,body,[],,Headlights become cloudy over time.,Acrylic material degradation,Headlight restoration kit with polishing,high,medium,"[{""video_id"": ""RPskR5TPnh0"", ""title"": ""Why the Mk7 is the best generation of VW Golf"", ""channel"": ""Parkers Cars"", ""video_type_category"": ""organic""}, {""video_id"": ""GBRszP9yMsE"", ""title"": ""My 400hp Daily Driver - Volkswagen Mk7 GTI Walkthrough"", ""channel"": ""Arkansas Offroad"", ""video_type_category"": ""organic""}]",48,3,"[""kit"", ""rays"", ""headlights"", ""headlight"", ""worth"", ""clear"", ""did"", ""time"", ""little"", ""right""]",youtube,2,2,2,
dpf_egr_clogging_city_driving,DPF and EGR clogging in city driving,exhaust,"[""2.0_TDI"", ""1.6_TDI""]",,"DPF not regenerating properly, EGR clogging, intake buildup, and warning lights related to emissions during city-only driving.",Diesel particulate filter and exhaust gas recirculation system clogging due to insufficient long drives needed for regeneration cycles.,Regular long motorway drives to allow DPF regeneration cycles; software updates in later years may improve the issue.,high,high,"[{""video_id"": ""NVlT0G8sUPA"", ""title"": ""VW Golf 7: REAL Reliability Review – Common Problems, Failures & Best Engines"", ""channel"": ""Car Issues"", ""video_type_category"": ""list_format""}, {""video_id"": ""9s5dyDCpGMs"", ""title"": ""120,000 Mile Review: 2018 VW GTI Autobahn (Mk7.5) | Long-Term Ownership Insights"", ""channel"": ""tevo"", ""video_type_category"": ""organic""}]",1000,5,"[""extremely"", ""music"", ""tdi"", ""issues"", ""car"", ""reliable"", ""20 tdi"", ""20"", ""occasional"", ""major""]",youtube,2,2,2,
wastegate_rattle_boost_issues,wastegate rattle causing boost problems,exhaust,"[""1.8_TSI"", ""2.0_TSI""]",,Driver notices wastegate rattle leading to inconsistent boost pressures.,"Wastegate actuator develops play over time, causing the rattle and affecting boost control.",Replace wastegate actuator or entire turbocharger assembly.,high,medium,"[{""video_id"": ""RPskR5TPnh0"", ""title"": ""Why the Mk7 is the best generation of VW Golf"", ""channel"": ""Parkers Cars"", ""video_type_category"": ""organic""}, {""video_id"": ""nNJ1RNB9wK0"", ""title"": ""The Truth About VW’s EA211 Engine Reliability (VW 1.4 TSI)"", ""channel"": ""8020 Automotive"", ""video_type_category"": ""organic""}]",1005,3,"[""wastegate"", ""rattle"", ""wastegate rattle"", ""known"", ""ultimately leads"", ""blocked known"", ""blocked"", ""actuator known"", ""going lead"", ""boost pressures""]",youtube,2,2,2,
modified_examples_clutch_wear,modified cars risk clutch wear,gearbox,[],,Clutch wear or failure due to increased stress from remapping and power upgrades.,Increased stress on mechanical components from modifications like remapping and power upgrades.,Inspect for modifications and ensure honest disclosure from owner before purchase.,medium,medium,"[{""video_id"": ""04rxrrv6yyE"", ""title"": ""Golf R buyers guide MK7 & MK7.5 (2013-2021) Avoid buying broken Golf R with common faults (2.0TSI)"", ""channel"": ""The Miles Driven"", ""video_type_category"": ""list_format""}, {""video_id"": ""GBRszP9yMsE"", ""title"": ""My 400hp Daily Driver - Volkswagen Mk7 GTI Walkthrough"", ""channel"": ""Arkansas Offroad"", ""video_type_category"": ""organic""}]",1007,3,"[""clutch"", ""know"", ""dont"", ""air south"", ""wrong remapped"", ""basically did"", ""bit power"", ""bend stage"", ""buying dont"", ""applies""]",youtube,2,2,2,
cold_start_hesitation_kangarooing,Cold start hesitation kangarooing,engine,"[""1.5_TSI""]",,Hesitation or jerking when pulling away gently during a cold start.,,,medium,low,"[{""video_id"": ""Zskb3HeOWMA"", ""title"": ""Volkswagen Reliability... My Experience"", ""channel"": ""NewEnglandPete"", ""video_type_category"": ""organic""}, {""video_id"": ""NVlT0G8sUPA"", ""title"": ""VW Golf 7: REAL Reliability Review – Common Problems, Failures & Best Engines"", ""channel"": ""Car Issues"", ""video_type_category"": ""list_format""}]",1008,3,"[""uh"", ""guys"", ""cold"", ""um"", ""launch"", ""sure"", ""think"", ""second"", ""video"", ""modern""]",youtube,2,2,2,
thermostat_water_pump_coolant_leak,Thermostat water pump coolant leak,cooling,"[""1.8_TSI"", ""2.0_TSI""]",later 2014 onwards,Coolant smell from under the hood and visible wetness/leak around the thermostat water pump assembly.,"Leaking thermostat water pump assembly, possibly from poor installation of replacement parts or seal failure between thermostat housing and pump.",Replace thermostat water pump assembly with updated kit (includes electronically adjustable thermostat housing and water pump).,high,high,"[{""video_id"": ""zoSbJVeqdnQ"", ""title"": ""Finding Problems on a Used MK7 | Inspection Video"", ""channel"": ""Deutsche Auto Parts"", ""video_type_category"": ""organic""}, {""video_id"": ""04rxrrv6yyE"", ""title"": ""Golf R buyers guide MK7 & MK7.5 (2013-2021) Avoid buying broken Golf R with common faults (2.0TSI)"", ""channel"": ""The Miles Driven"", ""video_type_category"": ""list_format""}]",1009,2,"[""going"", ""look"", ""like"", ""youre"", ""car"", ""oil"", ""probably"", ""want"", ""sure"", ""actually""]",youtube,2,2,2,"[{""engine"": ""2.0_TSI"", ""years"": ""2013-2021"", ""evidence_hits"": 1}]"
clutch_pulsation_vibration,Clutch pedal pulsation when engine running,gearbox,[],,Driver feels a pulsation or vibration through the clutch pedal when the engine is running.,,,medium,low,"[{""video_id"": ""RPskR5TPnh0"", ""title"": ""Why the Mk7 is the best generation of VW Golf"", ""channel"": ""Parkers Cars"", ""video_type_category"": ""organic""}, {""video_id"": ""nDkdFw4z1UE"", ""title"": ""How to install SoloWerks Coilovers on a MK7 Golf SportWagen S7EP33"", ""channel"": ""PincheAls Garage"", ""video_type_category"": ""organic""}]",1010,2,"[""clutch engine"", ""foot"", ""drivers make"", ""feel pulsation"", ""engine running"", ""got little"", ""form guy"", ""form"", ""foot youre"", ""shock lining""]",youtube,2,2,2,
excessive_oil_consumption,excessive oil consumption,engine,"[""1.2_TSI"", ""1.4_TSI""]",2012 to 2019,Oil level drops requiring frequent topping up between oil changes.,Specific production batches of engines with excessive oil consumption issues.,Regular oil level monitoring and topping up as needed to prevent oil starvation.,medium,low,"[{""video_id"": ""ftdK1Rg2ob8"", ""title"": ""Addressing common faults in VW Golf MK7 (2012-2019)"", ""channel"": ""Luxe Rides & More"", ""video_type_category"": ""list_format""}, {""video_id"": ""nNJ1RNB9wK0"", ""title"": ""The Truth About VW’s EA211 Engine Reliability (VW 1.4 TSI)"", ""channel"": ""8020 Automotive"", ""video_type_category"": ""organic""}]",2000,3,"[""oil consumption"", ""burning oil"", ""burns oil"", ""consumes oil"", ""quart of oil"", ""litre of oil"", ""liter of oil"", ""top up oil"", ""topping up oil"", ""oil level drops""]",youtube,2,2,2,"[{""engine"": ""1.4_TSI"", ""years"": ""2012"", ""evidence_hits"": 3, ""post_years"": [2012]}]"
rear_beam_suspension_tank_clearance,Rear beam suspension limits lowering,suspension,"[""1.6_TDI"", ""2.0_TDI""]",2015,"The rear suspension is a solid beam design, which restricts lowering due to proximity to the DEF/diesel tank.",Design change from independent rear suspension to a solid beam to accommodate the diesel/AdBlue tank.,Use TDI-specific coilovers and avoid excessive lowering to prevent tank damage.,high,high,"[{""video_id"": ""dlAJkW6qK9o"", ""title"": ""SOLOWERKS MK7 Golf SportWagon Coilovers Unboxing"", ""channel"": ""PincheAls Garage"", ""video_type_category"": ""organic""}, {""video_id"": ""nDkdFw4z1UE"", ""title"": ""How to install SoloWerks Coilovers on a MK7 Golf SportWagen S7EP33"", ""channel"": ""PincheAls Garage"", ""video_type_category"": ""organic""}]",52,3,"[""beam"", ""suspension"", ""holds"", ""guys"", ""rear"", ""wheels"", ""lift"", ""tank"", ""going"", ""shock""]",youtube,2,1,2,
takata_airbag_recall,Takata airbag inflator rupture risk,other,[],2014 model year vehicles,No direct symptom; recall issued for potential airbag inflator rupture during deployment.,"Takata airbag inflators absorbing moisture over time, creating excessive pressure and risking housing rupture.",Dealer recall replacement of affected airbag inflators (campaign 69Q7).,high,high,"[{""video_id"": ""04rxrrv6yyE"", ""title"": ""Golf R buyers guide MK7 & MK7.5 (2013-2021) Avoid buying broken Golf R with common faults (2.0TSI)"", ""channel"": ""The Miles Driven"", ""video_type_category"": ""list_format""}]",10,9,"[""recall"", ""model year"", ""2019"", ""2017"", ""airbag"", ""vehicles"", ""recalls"", ""child"", ""year"", ""potential""]",youtube,1,1,1,
ea211_timing_belt_stretch_risk,EA211 timing belt stretch risk,engine,"[""1.4_TSI""]",very early model years,"Timing belt can stretch, leading to catastrophic engine failure due to piston-valve collision.",Neglecting timing belt replacement intervals.,Replace timing belt at recommended intervals to prevent failure.,medium,high,"[{""video_id"": ""nNJ1RNB9wK0"", ""title"": ""The Truth About VW’s EA211 Engine Reliability (VW 1.4 TSI)"", ""channel"": ""8020 Automotive"", ""video_type_category"": ""organic""}]",20,7,"[""ea211"", ""timing"", ""timing belt"", ""belt"", ""engine"", ""related issues"", ""tsi engine"", ""covers"", ""14 tsi"", ""volkswagens""]",youtube,1,1,1,"[{""engine"": ""1.4_TSI"", ""years"": ""2012"", ""evidence_hits"": 3, ""post_years"": [2012]}]"
timing_belt_service_interval_turbo_wastegate,timing belt service interval and turbo wastegate actuator issues,engine,"[""1.0_TSI"", ""1.2_TSI"", ""1.4_TSI"", ""1.5_TSI"", ""1.6_TDI"", ""2.0_TDI""]",,Potential turbo wastegate actuator problems and concerns about timing belt service intervals.,Turbo wastegate actuator failure and timing belt requiring more frequent replacement than expected.,Replace turbo wastegate actuator and follow shortened timing belt service intervals.,medium,medium,"[{""video_id"": ""nNJ1RNB9wK0"", ""title"": ""The Truth About VW’s EA211 Engine Reliability (VW 1.4 TSI)"", ""channel"": ""8020 Automotive"", ""video_type_category"": ""organic""}]",39,5,"[""timing belt"", ""belt"", ""timing"", ""issues turbo"", ""list going"", ""wastegate actuator"", ""service interval"", ""problem"", ""jump"", ""interval""]",youtube,1,1,1,"[{""engine"": ""1.4_TSI"", ""years"": ""2012"", ""evidence_hits"": 3, ""post_years"": [2012]}]"
hot_weather_power_decrease,Hot weather variant lower power output,engine,"[""2.0_TSI""]",pre-facelift,Vehicles in hot climates have reduced engine power compared to standard models.,Engine detuned for reliability in high ambient temperatures.,Post-facelift models in most markets received power upgrade to match global output.,high,high,"[{""video_id"": ""04rxrrv6yyE"", ""title"": ""Golf R buyers guide MK7 & MK7.5 (2013-2021) Avoid buying broken Golf R with common faults (2.0TSI)"", ""channel"": ""The Miles Driven"", ""video_type_category"": ""list_format""}]",53,3,"[""code"", ""world"", ""facelift"", ""markets"", ""engine"", ""engines"", ""outputs"", ""additional"", ""american"", ""hot weather""]",youtube,1,1,1,"[{""engine"": ""2.0_TSI"", ""years"": ""2013-2021"", ""evidence_hits"": 1}]"
ea888_timing_chain_issues,EA888 timing chain stretch and tensioner,engine,"[""1.8_TSI"", ""2.0_TSI""]",pre-Mark 7,Timing chain rattle and potential failure due to chain stretch and tensioner problems.,Design/manufacturing issues with EA888 Gen 2 and Gen 1 timing chain systems.,"Replace timing chain, tensioner, and guides; upgrade to revised parts if available.",high,high,"[{""video_id"": ""ADUK5PFB4k4"", ""title"": ""Should You Buy the VW Golf GTI/R? (EA888 Reliability)"", ""channel"": ""motoringfan"", ""video_type_category"": ""organic""}]",2001,1,"[""timing chain"", ""chain stretch"", ""chain tensioner"", ""chain rattle"", ""chain guide""]",youtube,1,1,1,
