issue_id,label,label_short,system_component,issue_type,severity,confidence,affected_engines,affected_years,onset_km_range,symptom,cause,fix,warning_signs,inspection_advice,mention_count,distinct_channel_count,source_videos,source,data_quality,notes,corroboration_count,merged_from_issue_ids,model_scope,affected_engines_original,_scope_notes,trim_evidence,distinct_trim_count,dominant_trim,cross_trim_corroboration_count,trim_scope_warning,affected_years_evidence,affected_years_triangulated
touch_controls_unresponsive_unlit,Erratic or unresponsive touch-sensitive climate controls,Touch control issues,electrical,intermittent_fault,medium,high,[],2019,,"Touch pads for climate control and heated seats are unresponsive or hard to operate while driving. At night, the driver cannot see the touch-sensitive climate/volume controls to operate them. Includes accidental presses from overly sensitive capacitive/haptic buttons.",Overly sensitive touch controls and design oversight,"Software adjustment, careful handling, or use of memory/external light","[""Difficulty operating controls while driving"", ""Controls not illuminated at night"", ""Unintended setting changes during steering""]","Test all touch controls during day and night driving conditions, including during cornering.",6,1,"[{""video_id"": ""nFsGTPz5800"", ""title"": ""..."", ""channel"": ""..."", ""video_type_category"": ""..."", ""trim"": ""base""}, {""video_id"": ""A2gnwh7qYCk"", ""title"": ""..."", ""channel"": ""..."", ""video_type_category"": ""..."", ""trim"": ""base""}, {""video_id"": ""P9DleUljRjA"", ""title"": ""..."", ""channel"": ""..."", ""video_type_category"": ""..."", ""trim"": ""base""}, {""video_id"": ""oQp9KxVqiuQ"", ""title"": ""..."", ""channel"": ""..."", ""video_type_category"": ""..."", ""trim"": ""base""}, {""video_id"": ""RYZDp94LG80"", ""title"": ""..."", ""channel"": ""..."", ""video_type_category"": ""..."", ""trim"": ""base""}, {""video_id"": ""rNMHOg3SPog"", ""title"": ""..."", ""channel"": ""..."", ""video_type_category"": ""..."", ""trim"": ""base""}]",youtube,high,"Merged 'touch_controls_unresponsive', 'capacitive_controls_malfunction', 'climate_controls_unlit', and 'touch_interface_ergonomics'. Issue includes responsiveness, visibility, accidental activation, and ergonomics.",6,"[""touch_controls_unresponsive"", ""touch_controls_unresponsive_unlit""]","[""all_vw_golf_mk8""]","[""1.0_ETSI"", ""1.0_TSI"", ""1.4_EHYBRID"", ""1.5_ETSI"", ""1.5_TSI"", ""2.0_TDI"", ""2.0_TSI""]","[""system_component=electrical is not engine-scoped; cleared affected_engines (original preserved in affected_engines_original).""]","{""base"": 6}",1,base,0,False,"{""from_llm_year_phrase"": ""2019"", ""from_llm_year_parsed"": [], ""from_transcript_context"": [], ""from_source_video_titles"": [""2020""], ""from_engine_production_windows"": [""2020-2025""], ""from_model_scope_window"": [""2020-2025""], ""window_source"": ""engine"", ""content_combine_rule"": ""title_only"", ""confidence"": ""medium"", ""triangulated"": ""2020""}",2020
infotainment_ui_complexity,Overly complex touchscreen infotainment interface,Complex infotainment,electrical,other,medium,high,[],,,"The driver finds the touchscreen system infuriating and difficult to use while driving, requiring multiple steps for basic functions like climate control. The infotainment screen is also laggy or unresponsive.",Design choice for minimalist interior,Adaptation or aftermarket solutions,"[""Frustration accessing climate controls"", ""Distraction while driving"", ""Screen lag"", ""Unresponsive touch controls""]","Spend time navigating menus, especially climate settings, and test all infotainment functions thoroughly during a test drive.",5,2,"[{""video_id"": ""nFsGTPz5800"", ""title"": ""..."", ""channel"": ""..."", ""video_type_category"": ""..."", ""trim"": ""base""}, {""video_id"": ""A2gnwh7qYCk"", ""title"": ""..."", ""channel"": ""..."", ""video_type_category"": ""..."", ""trim"": ""base""}, {""video_id"": ""rNMHOg3SPog"", ""title"": ""..."", ""channel"": ""..."", ""video_type_category"": ""..."", ""trim"": ""base""}, {""video_id"": ""P9DleUljRjA"", ""title"": ""..."", ""channel"": ""..."", ""video_type_category"": ""..."", ""trim"": ""base""}, {""video_id"": ""EryhYgmqNAk"", ""title"": ""None"", ""channel"": ""None"", ""video_type_category"": ""None"", ""trim"": ""base""}]",youtube,high,Merged with 'voice_command_unreliable' as part of overall HMI frustration and 'infotainment_screen_failure' for lag/unresponsiveness.,5,,"[""all_vw_golf_mk8""]","[""1.0_ETSI"", ""1.0_TSI"", ""1.4_EHYBRID"", ""1.5_ETSI"", ""1.5_TSI"", ""2.0_TDI"", ""2.0_TSI""]","[""system_component=electrical is not engine-scoped; cleared affected_engines (original preserved in affected_engines_original).""]","{""base"": 5}",1,base,0,False,"{""from_llm_year_phrase"": null, ""from_llm_year_parsed"": [], ""from_transcript_context"": [], ""from_source_video_titles"": [""2020""], ""from_engine_production_windows"": [""2020-2025""], ""from_model_scope_window"": [""2020-2025""], ""window_source"": ""engine"", ""content_combine_rule"": ""title_only"", ""confidence"": ""medium"", ""triangulated"": ""2020""}",2020
infotainment_system_performance,"Infotainment system lag, blackout, and slow startup",Infotainment lag/blackout,electrical,intermittent_fault,medium,high,[],,,"The center screen may be slow, unresponsive, lag after startup, or black out/reboot during a drive, often requiring a firmware update.",Software/firmware issues,Firmware update,"[""Slow response on startup"", ""Screen freezing"", ""Unexpected reboots""]",Test infotainment responsiveness and check for software version during a test drive.,4,1,"[{""video_id"": ""zWCiJW8C63U"", ""title"": ""..."", ""channel"": ""..."", ""video_type_category"": ""..."", ""trim"": ""base""}, {""video_id"": ""oQp9KxVqiuQ"", ""title"": ""..."", ""channel"": ""..."", ""video_type_category"": ""..."", ""trim"": ""base""}, {""video_id"": ""RYZDp94LG80"", ""title"": ""..."", ""channel"": ""..."", ""video_type_category"": ""..."", ""trim"": ""base""}, {""video_id"": ""P9DleUljRjA"", ""title"": ""..."", ""channel"": ""..."", ""video_type_category"": ""..."", ""trim"": ""base""}]",youtube,high,"Merged from multiple reports of infotainment lag, blackout, and slow startup.",4,,"[""all_vw_golf_mk8""]","[""1.0_ETSI"", ""1.0_TSI"", ""1.4_EHYBRID"", ""1.5_ETSI"", ""1.5_TSI"", ""2.0_TDI"", ""2.0_TSI""]","[""system_component=electrical is not engine-scoped; cleared affected_engines (original preserved in affected_engines_original).""]","{""base"": 4}",1,base,0,False,"{""from_llm_year_phrase"": null, ""from_llm_year_parsed"": [], ""from_transcript_context"": [], ""from_source_video_titles"": [""2020""], ""from_engine_production_windows"": [""2020-2025""], ""from_model_scope_window"": [""2020-2025""], ""window_source"": ""engine"", ""content_combine_rule"": ""title_only"", ""confidence"": ""medium"", ""triangulated"": ""2020""}",2020
carbon_buildup_intake_valves,Carbon buildup on intake valves,Carbon buildup,engine,wear_item,medium,high,"[""2.0_TSI"", ""EA888 Gen 1"", ""EA888 Gen 2""]",pre-Mark 7,~100000 km,Engine runs rough or loses power due to intake valve deposits.,Direct injection design leading to deposit accumulation.,Manual cleaning of intake valves.,"[""Rough idle"", ""Loss of power"", ""Poor fuel economy"", ""Misfires""]","Check for service history of valve cleaning around 100,000 km.",2,1,"[{""video_id"": ""ADUK5PFB4k4"", ""title"": ""None"", ""channel"": ""None"", ""video_type_category"": ""list_format"", ""trim"": ""base""}, {""video_id"": ""5XND3jWg3sc"", ""title"": ""None"", ""channel"": ""None"", ""video_type_category"": ""None"", ""trim"": ""base""}]",youtube,high,Common in direct injection engines without port fuel injection.,2,"[""carbon_buildup_intake_valves"", ""carbon_buildup_on_intake_valves""]","[""all_vw_golf_mk8""]",,,"{""base"": 2}",1,base,0,False,"{""from_llm_year_phrase"": ""pre-Mark 7"", ""from_llm_year_parsed"": [], ""from_transcript_context"": [], ""from_source_video_titles"": [""2020""], ""from_engine_production_windows"": [""2020-2025""], ""from_model_scope_window"": [""2020-2025""], ""window_source"": ""engine"", ""content_combine_rule"": ""title_only"", ""confidence"": ""medium"", ""triangulated"": ""2020""}",2020
dsg_jerky_low_speed,DSG gearbox jerky at low speed,Jerky DSG,gearbox,chronic_failure,medium,medium,"[""1.0_ETSI"", ""1.5_ETSI"", ""2.0_TDI"", ""2.0_TSI""]",2019,,The automatic DSG gearbox feels jerky and unrefined during low-speed maneuvering.,,,"[""Rough shifts in parking lots or traffic""]",Test drive in stop-and-go traffic to assess low-speed behavior.,2,1,"[{""video_id"": ""A2gnwh7qYCk"", ""title"": ""..."", ""channel"": ""..."", ""video_type_category"": ""..."", ""trim"": ""base""}, {""video_id"": ""P9DleUljRjA"", ""title"": ""..."", ""channel"": ""..."", ""video_type_category"": ""..."", ""trim"": ""base""}]",youtube,medium,Merged with 'clutch_pedal_action' as related drivetrain refinement issue. Focus kept on DSG behavior.,2,,"[""auto_only""]",,,"{""base"": 2}",1,base,0,False,"{""from_llm_year_phrase"": ""2019"", ""from_llm_year_parsed"": [], ""from_transcript_context"": [], ""from_source_video_titles"": [""2020""], ""from_engine_production_windows"": [""2020-2025""], ""from_model_scope_window"": [""2020-2025""], ""window_source"": ""engine"", ""content_combine_rule"": ""title_only"", ""confidence"": ""medium"", ""triangulated"": ""2020""}",2020
electrical_system_faults,Multiple electrical system faults,Electrical faults,electrical,intermittent_fault,medium,medium,[],,,"Infotainment system malfunction, travel assist errors, and steering wheel issues reported.",,,"[""Travel assist warning message"", ""System deactivation"", ""Flashing screens"", ""Erratic behavior""]",Check for any driver assistance or infotainment system fault codes.,2,1,"[{""video_id"": ""2cfJPerhPss"", ""title"": ""None"", ""channel"": ""None"", ""video_type_category"": ""organic"", ""trim"": ""base""}, {""video_id"": ""B573CeuGMhM"", ""title"": ""None"", ""channel"": ""None"", ""video_type_category"": ""None"", ""trim"": ""base""}]",youtube,medium,"Includes infotainment malfunction, travel assist errors, and steering wheel issues. Some reports are anecdotal from online forums.",2,,"[""all_vw_golf_mk8""]","[""2.0_TSI""]","[""system_component=electrical is not engine-scoped; cleared affected_engines (original preserved in affected_engines_original).""]","{""base"": 2}",1,base,0,False,"{""from_llm_year_phrase"": null, ""from_llm_year_parsed"": [], ""from_transcript_context"": [], ""from_source_video_titles"": [""2025""], ""from_engine_production_windows"": [""2020-2025""], ""from_model_scope_window"": [""2020-2025""], ""window_source"": ""engine"", ""content_combine_rule"": ""title_only"", ""confidence"": ""medium"", ""triangulated"": ""2025""}",2025
suspension_issues,"Suspension knocks, groans, and harsh ride",Suspension issues,suspension,noise,medium,high,[],2021 and 2022,,"Noises, knocks, or groans from the front suspension, especially as mileage increases. On base models with torsion beam rear suspension, the rear of the car thumps and clatters heavily over transverse road ridges or repairs.",Torsion beam rear suspension design,Consider models with independent rear suspension if ride comfort is a priority.,"[""Knocking sounds from front"", ""Groaning over bumps"", ""Excessive noise from rear over bumps"", ""Jarring impacts""]","Listen for suspension noises during a test drive over varied surfaces. Drive over uneven surfaces, speed bumps, and repaired road sections to assess rear suspension comfort.",2,2,"[{""video_id"": ""P9DleUljRjA"", ""title"": ""..."", ""channel"": ""..."", ""video_type_category"": ""..."", ""trim"": ""base""}, {""video_id"": ""EryhYgmqNAk"", ""title"": ""None"", ""channel"": ""None"", ""video_type_category"": ""None"", ""trim"": ""base""}]",youtube,high,Merged 'early_suspension_knocks' and 'torsion_beam_ride_quality' as related suspension comfort and noise issues.,2,,"[""all_vw_golf_mk8""]","[""1.0_ETSI"", ""1.0_TSI"", ""1.4_EHYBRID"", ""1.5_ETSI"", ""1.5_TSI"", ""2.0_TDI"", ""2.0_TSI""]","[""system_component=suspension is not engine-scoped; cleared affected_engines (original preserved in affected_engines_original).""]","{""base"": 2}",1,base,0,False,"{""from_llm_year_phrase"": ""2021 and 2022"", ""from_llm_year_parsed"": [""2021-2022""], ""from_transcript_context"": [], ""from_source_video_titles"": [""2020""], ""from_engine_production_windows"": [""2020-2025""], ""from_model_scope_window"": [""2020-2025""], ""window_source"": ""engine"", ""content_combine_rule"": ""prefer_llm_phrase_on_conflict"", ""confidence"": ""high"", ""triangulated"": ""2021-2022""}",2021-2022
water_pump_thermostat_leak,Plastic water pump and thermostat housing leak,Water Pump,cooling,fluid_leak,high,high,"[""2.0_TSI"", ""EA888 Gen 3"", ""EA888 Gen 4""]",,,Coolant loss and potential overheating due to leaking plastic housing.,Plastic housing failure,Replace water pump/thermostat assembly,"[""Coolant level drop"", ""Overheating warning"", ""Overheating"", ""Coolant leak under car"", ""Coolant low warning""]",Check for coolant leaks around the water pump and inspect coolant level and condition.,2,1,"[{""video_id"": ""ADUK5PFB4k4"", ""title"": ""None"", ""channel"": ""None"", ""video_type_category"": ""None"", ""trim"": ""base""}, {""video_id"": ""5XND3jWg3sc"", ""title"": ""None"", ""channel"": ""None"", ""video_type_category"": ""None"", ""trim"": ""base""}]",youtube,medium,Common on EA888 engines.,2,"[""water_pump_failure"", ""water_pump_thermostat_leak""]","[""all_vw_golf_mk8""]",,,"{""base"": 2}",1,base,0,False,"{""from_llm_year_phrase"": null, ""from_llm_year_parsed"": [], ""from_transcript_context"": [], ""from_source_video_titles"": [""2020""], ""from_engine_production_windows"": [""2020-2025""], ""from_model_scope_window"": [""2020-2025""], ""window_source"": ""engine"", ""content_combine_rule"": ""title_only"", ""confidence"": ""medium"", ""triangulated"": ""2020""}",2020
ac_solenoid_valve_failure,Air conditioning solenoid valve failure,AC valve fault,cooling,sensor_fault,medium,medium,"[""all""]",,,Poor air conditioning performance accompanied by a noise from the engine bay.,Solenoid valve failure,Replace AC solenoid valve,"[""Poor cooling"", ""Unusual engine bay noise""]",Test AC cooling performance and listen for abnormal noises.,1,1,"[{""video_id"": ""5XND3jWg3sc"", ""title"": ""None"", ""channel"": ""None"", ""video_type_category"": ""None"", ""trim"": ""base""}]",youtube,medium,,1,,"[""all_vw_golf_mk8""]",,,"{""base"": 1}",1,base,0,False,"{""from_llm_year_phrase"": null, ""from_llm_year_parsed"": [], ""from_transcript_context"": [], ""from_source_video_titles"": [""2020""], ""from_engine_production_windows"": [], ""from_model_scope_window"": [""2020-2025""], ""window_source"": ""model_window"", ""content_combine_rule"": ""title_only"", ""confidence"": ""medium"", ""triangulated"": ""2020""}",2020
blower_motor_failure,HVAC blower motor failure,Blower motor fault,electrical,chronic_failure,medium,medium,[],,,Poor heater performance or weak fan speed on all settings.,Blower motor failure,Replace blower motor,"[""Weak airflow"", ""No fan operation""]",Test HVAC fan at all speed settings.,1,1,"[{""video_id"": ""5XND3jWg3sc"", ""title"": ""None"", ""channel"": ""None"", ""video_type_category"": ""None"", ""trim"": ""base""}]",youtube,medium,,1,,"[""all_vw_golf_mk8""]","[""all""]","[""system_component=electrical is not engine-scoped; cleared affected_engines (original preserved in affected_engines_original).""]","{""base"": 1}",1,base,0,False,"{""from_llm_year_phrase"": null, ""from_llm_year_parsed"": [], ""from_transcript_context"": [], ""from_source_video_titles"": [""2020""], ""from_engine_production_windows"": [], ""from_model_scope_window"": [""2020-2025""], ""window_source"": ""model_window"", ""content_combine_rule"": ""title_only"", ""confidence"": ""medium"", ""triangulated"": ""2020""}",2020
body_panel_misalignment,Front bumper misalignment at delivery,Bumper misalignment,body,structural,low,medium,[],,,There was a relatively large gap between the headlight and the bumper on the passenger side.,,,[],Check panel gaps around front bumper and headlights.,1,1,"[{""video_id"": ""2cfJPerhPss"", ""title"": ""None"", ""channel"": ""None"", ""video_type_category"": ""organic"", ""trim"": ""base""}]",youtube,medium,,1,,"[""all_vw_golf_mk8""]","[""2.0_TSI""]","[""system_component=body is not engine-scoped; cleared affected_engines (original preserved in affected_engines_original).""]","{""base"": 1}",1,base,0,False,"{""from_llm_year_phrase"": null, ""from_llm_year_parsed"": [], ""from_transcript_context"": [], ""from_source_video_titles"": [""2025""], ""from_engine_production_windows"": [""2020-2025""], ""from_model_scope_window"": [""2020-2025""], ""window_source"": ""engine"", ""content_combine_rule"": ""title_only"", ""confidence"": ""medium"", ""triangulated"": ""2025""}",2025
bonnet_release_cable_failure,Broken bonnet release cable,Bonnet cable break,body,structural,high,medium,[],,,Inability to open the bonnet due to a broken release cable.,Cable failure,Replace bonnet release cable,"[""Stiff bonnet release"", ""Cable slack""]",Test bonnet release operation for smoothness.,1,1,"[{""video_id"": ""5XND3jWg3sc"", ""title"": ""None"", ""channel"": ""None"", ""video_type_category"": ""None"", ""trim"": ""base""}]",youtube,medium,,1,,"[""all_vw_golf_mk8""]","[""all""]","[""system_component=body is not engine-scoped; cleared affected_engines (original preserved in affected_engines_original).""]","{""base"": 1}",1,base,0,False,"{""from_llm_year_phrase"": null, ""from_llm_year_parsed"": [], ""from_transcript_context"": [], ""from_source_video_titles"": [""2020""], ""from_engine_production_windows"": [], ""from_model_scope_window"": [""2020-2025""], ""window_source"": ""model_window"", ""content_combine_rule"": ""title_only"", ""confidence"": ""medium"", ""triangulated"": ""2020""}",2020
brake_melting,Brake melting under track use,Brake overheating,brakes,wear_item,high,high,[],,,"Brakes melted, causing the car to be off the road for a couple of weeks.",Extreme track use,Upgraded brake components,"[""Severe brake fade"", ""Burning smell"", ""Brake pedal sponginess""]","Inspect brake pads, discs, and fluid condition if car has seen track use.",1,1,"[{""video_id"": ""B573CeuGMhM"", ""title"": ""None"", ""channel"": ""None"", ""video_type_category"": ""None"", ""trim"": ""base""}]",youtube,medium,Primarily a concern for vehicles used on track.,1,,"[""all_vw_golf_mk8""]","[""2.0_TSI""]","[""system_component=brakes is not engine-scoped; cleared affected_engines (original preserved in affected_engines_original).""]","{""base"": 1}",1,base,0,False,"{""from_llm_year_phrase"": null, ""from_llm_year_parsed"": [], ""from_transcript_context"": [], ""from_source_video_titles"": [], ""from_engine_production_windows"": [""2020-2025""], ""from_model_scope_window"": [""2020-2025""], ""window_source"": ""engine"", ""content_combine_rule"": ""no_content"", ""confidence"": ""low"", ""fallback_window"": ""2020-2025"", ""fallback_window_source"": ""engine""}",
carbon_buildup_1_0_tsi,Carbon buildup on 1.0 TSI engine,Carbon buildup,engine,wear_item,medium,high,"[""1.0_TSI""]",,,Engine performance issues due to carbon buildup from direct injection.,Carbon buildup from direct injection,Intake valve cleaning,"[""Rough idle"", ""Reduced power"", ""Poor fuel economy""]",Consider a borescope inspection of the intake valves if mileage is high.,1,1,"[{""video_id"": ""EryhYgmqNAk"", ""title"": ""None"", ""channel"": ""None"", ""video_type_category"": ""None"", ""trim"": ""base""}]",youtube,medium,,1,,"[""all_vw_golf_mk8""]",,,"{""base"": 1}",1,base,0,False,"{""from_llm_year_phrase"": null, ""from_llm_year_parsed"": [], ""from_transcript_context"": [], ""from_source_video_titles"": [], ""from_engine_production_windows"": [""2020-2025""], ""from_model_scope_window"": [""2020-2025""], ""window_source"": ""engine"", ""content_combine_rule"": ""no_content"", ""confidence"": ""low"", ""fallback_window"": ""2020-2025"", ""fallback_window_source"": ""engine""}",
clutch_at_power_limit,Clutch wear at factory power limit,Clutch wear,gearbox,wear_item,medium,medium,"[""2.0_TSI""]",,,"Clutch wear is accelerated, especially with tuning, and may require an uprated unit.",Clutch at factory power limit,Uprated clutch kit,"[""Clutch slip"", ""Burning smell""]",Test for clutch slip under hard acceleration.,1,1,"[{""video_id"": ""5XND3jWg3sc"", ""title"": ""None"", ""channel"": ""None"", ""video_type_category"": ""None"", ""trim"": ""base""}]",youtube,medium,Accelerated by tuning.,1,,"[""all_vw_golf_mk8""]",,,"{""base"": 1}",1,base,0,False,"{""from_llm_year_phrase"": null, ""from_llm_year_parsed"": [], ""from_transcript_context"": [], ""from_source_video_titles"": [""2020""], ""from_engine_production_windows"": [""2020-2025""], ""from_model_scope_window"": [""2020-2025""], ""window_source"": ""engine"", ""content_combine_rule"": ""title_only"", ""confidence"": ""medium"", ""triangulated"": ""2020""}",2020
cooling_system_thermostat_housing_leak,Thermostat housing coolant leak,Coolant Leak,cooling,fluid_leak,medium,high,"[""2.0_TSI""]",,,Coolant smell or loss.,Deterioration of the plastic thermostat housing.,Replace thermostat housing assembly.,"[""Coolant smell"", ""Low coolant level"", ""Overheating""]",Check thermostat housing and coolant hoses for leaks or seepage.,1,1,"[{""video_id"": ""5XND3jWg3sc"", ""title"": ""None"", ""channel"": ""None"", ""video_type_category"": ""None"", ""trim"": ""base""}]",youtube,medium,,1,,"[""all_vw_golf_mk8""]",,,"{""base"": 1}",1,base,0,False,"{""from_llm_year_phrase"": null, ""from_llm_year_parsed"": [], ""from_transcript_context"": [], ""from_source_video_titles"": [""2020""], ""from_engine_production_windows"": [""2020-2025""], ""from_model_scope_window"": [""2020-2025""], ""window_source"": ""engine"", ""content_combine_rule"": ""title_only"", ""confidence"": ""medium"", ""triangulated"": ""2020""}",2020
dcc_adaptive_suspension_failure,Expensive DCC adaptive suspension failure,DCC failure,suspension,chronic_failure,high,high,[],,,Very expensive repair costs when the adaptive suspension system goes wrong.,,,"[""Erratic damping"", ""Suspension warning light""]",Check for fault codes and test all suspension modes if equipped.,1,1,"[{""video_id"": ""EryhYgmqNAk"", ""title"": ""None"", ""channel"": ""None"", ""video_type_category"": ""None"", ""trim"": ""base""}]",youtube,medium,Only affects vehicles with optional DCC.,1,,"[""all_vw_golf_mk8""]","[""1.0_ETSI"", ""1.0_TSI"", ""1.4_EHYBRID"", ""1.5_ETSI"", ""1.5_TSI"", ""2.0_TDI"", ""2.0_TSI""]","[""system_component=suspension is not engine-scoped; cleared affected_engines (original preserved in affected_engines_original).""]","{""base"": 1}",1,base,0,False,"{""from_llm_year_phrase"": null, ""from_llm_year_parsed"": [], ""from_transcript_context"": [], ""from_source_video_titles"": [], ""from_engine_production_windows"": [""2020-2025""], ""from_model_scope_window"": [""2020-2025""], ""window_source"": ""engine"", ""content_combine_rule"": ""no_content"", ""confidence"": ""low"", ""fallback_window"": ""2020-2025"", ""fallback_window_source"": ""engine""}",
diesel_dpf_regeneration_issues,DPF regeneration failure on short trips,DPF clogging,exhaust,chronic_failure,high,high,"[""2.0_TDI""]",,,"Diesel particulate filter cannot complete regenerations due to short, stop-start journeys.",Short trips preventing active regeneration,Forced regeneration or DPF replacement,"[""DPF warning light"", ""Loss of power"", ""Increased fuel consumption""]",Check for DPF-related fault codes and soot/ash load levels via scan tool.,1,1,"[{""video_id"": ""EryhYgmqNAk"", ""title"": ""None"", ""channel"": ""None"", ""video_type_category"": ""None"", ""trim"": ""base""}]",youtube,medium,,1,,"[""diesel_only""]",,,"{""base"": 1}",1,base,0,False,"{""from_llm_year_phrase"": null, ""from_llm_year_parsed"": [], ""from_transcript_context"": [], ""from_source_video_titles"": [], ""from_engine_production_windows"": [""2020-2025""], ""from_model_scope_window"": [""2020-2025""], ""window_source"": ""engine"", ""content_combine_rule"": ""no_content"", ""confidence"": ""low"", ""fallback_window"": ""2020-2025"", ""fallback_window_source"": ""engine""}",
early_suspension_knocks,Suspension knocks and groans,Suspension noise,suspension,noise,medium,high,[],2021 and 2022,,"Noises, knocks, or groans from the front suspension, especially as mileage increases.",,,"[""Knocking sounds from front"", ""Groaning over bumps""]",Listen for suspension noises during a test drive over varied surfaces.,1,1,"[{""video_id"": ""EryhYgmqNAk"", ""title"": ""None"", ""channel"": ""None"", ""video_type_category"": ""None"", ""trim"": ""base""}]",youtube,medium,,1,,"[""all_vw_golf_mk8""]","[""1.0_ETSI"", ""1.0_TSI"", ""1.4_EHYBRID"", ""1.5_ETSI"", ""1.5_TSI"", ""2.0_TDI"", ""2.0_TSI""]","[""system_component=suspension is not engine-scoped; cleared affected_engines (original preserved in affected_engines_original).""]","{""base"": 1}",1,base,0,False,"{""from_llm_year_phrase"": ""2021 and 2022"", ""from_llm_year_parsed"": [""2021-2022""], ""from_transcript_context"": [], ""from_source_video_titles"": [], ""from_engine_production_windows"": [""2020-2025""], ""from_model_scope_window"": [""2020-2025""], ""window_source"": ""engine"", ""content_combine_rule"": ""llm_phrase_only"", ""confidence"": ""medium"", ""triangulated"": ""2021-2022""}",2021-2022
electrical_system_intermittent_faults,Electrical system intermittent faults,Electrical faults,electrical,intermittent_fault,medium,medium,[],,,"Infotainment system malfunction, travel assist errors, and steering wheel issues reported.",,,"[""Travel assist warning message"", ""System deactivation"", ""Infotainment screen flashing""]",Check for any driver assistance or infotainment system fault codes.,1,1,"[{""video_id"": ""2cfJPerhPss"", ""title"": ""None"", ""channel"": ""None"", ""video_type_category"": ""organic"", ""trim"": ""base""}]",youtube,medium,"Merged travel assist errors, steering wheel replacement, and infotainment malfunction as related electrical/intermittent issues from same source.",1,,"[""all_vw_golf_mk8""]","[""2.0_TSI""]","[""system_component=electrical is not engine-scoped; cleared affected_engines (original preserved in affected_engines_original).""]","{""base"": 1}",1,base,0,False,"{""from_llm_year_phrase"": null, ""from_llm_year_parsed"": [], ""from_transcript_context"": [], ""from_source_video_titles"": [""2025""], ""from_engine_production_windows"": [""2020-2025""], ""from_model_scope_window"": [""2020-2025""], ""window_source"": ""engine"", ""content_combine_rule"": ""title_only"", ""confidence"": ""medium"", ""triangulated"": ""2025""}",2025
evap_fuel_tank_pump_recall,EVAP system fuel tank pump recall,EVAP Recall,fuel,sensor_fault,medium,high,"[""2.0_TSI""]",2015 and 2016,,Clogged charcoal canister or EVAP system faults.,Faulty fuel tank pump/EVAP component.,Repair under recall 20Y6.,"[""EVAP fault codes"", ""Check engine light"", ""Fuel smell""]",Check vehicle history for recall 20Y6 completion.,1,1,"[{""video_id"": ""5XND3jWg3sc"", ""title"": ""None"", ""channel"": ""None"", ""video_type_category"": ""None"", ""trim"": ""base""}]",youtube,high,Official recall exists for specific model years.,1,,"[""all_vw_golf_mk8""]",,,"{""base"": 1}",1,base,0,False,"{""from_llm_year_phrase"": ""2015 and 2016"", ""from_llm_year_parsed"": [], ""from_transcript_context"": [], ""from_source_video_titles"": [""2020""], ""from_engine_production_windows"": [""2020-2025""], ""from_model_scope_window"": [""2020-2025""], ""window_source"": ""engine"", ""content_combine_rule"": ""title_only"", ""confidence"": ""medium"", ""triangulated"": ""2020""}",2020
excessive_road_noise,Excessive road noise at motorway speeds,Road noise,body,noise,low,medium,[],,,"The driver notices a surprising amount of road noise at motorway speeds, detracting from the car's refinement.",,,"[""Loud tire roar on highways""]",Conduct a test drive at sustained motorway speeds to evaluate cabin noise levels.,1,1,"[{""video_id"": ""nFsGTPz5800"", ""title"": ""..."", ""channel"": ""..."", ""video_type_category"": ""..."", ""trim"": ""base""}]",youtube,medium,Expanded affected engines based on body/common platform assumption.,1,,"[""all_vw_golf_mk8""]","[""1.0_ETSI"", ""1.0_TSI"", ""1.4_EHYBRID"", ""1.5_ETSI"", ""1.5_TSI"", ""2.0_TDI"", ""2.0_TSI""]","[""system_component=body is not engine-scoped; cleared affected_engines (original preserved in affected_engines_original).""]","{""base"": 1}",1,base,0,False,"{""from_llm_year_phrase"": null, ""from_llm_year_parsed"": [], ""from_transcript_context"": [], ""from_source_video_titles"": [], ""from_engine_production_windows"": [""2020-2025""], ""from_model_scope_window"": [""2020-2025""], ""window_source"": ""engine"", ""content_combine_rule"": ""no_content"", ""confidence"": ""low"", ""fallback_window"": ""2020-2025"", ""fallback_window_source"": ""engine""}",
glossy_plastic_fingerprints_dust,Glossy plastic attracts fingerprints and dust,Fingerprint magnet,body,other,low,high,[],,,"The glossy black plastic trim on the dashboard gets dirty easily, showing fingerprints and dust marks.",Material choice,Regular cleaning with microfiber cloth.,"[""Visible smudges and dust on dashboard""]",Inspect interior trim under bright light for cleanliness and wear.,1,1,"[{""video_id"": ""nFsGTPz5800"", ""title"": ""..."", ""channel"": ""..."", ""video_type_category"": ""..."", ""trim"": ""base""}]",youtube,high,,1,,"[""all_vw_golf_mk8""]","[""1.4_EHYBRID""]","[""system_component=body is not engine-scoped; cleared affected_engines (original preserved in affected_engines_original).""]","{""base"": 1}",1,base,0,False,"{""from_llm_year_phrase"": null, ""from_llm_year_parsed"": [], ""from_transcript_context"": [], ""from_source_video_titles"": [], ""from_engine_production_windows"": [""2020-2025""], ""from_model_scope_window"": [""2020-2025""], ""window_source"": ""engine"", ""content_combine_rule"": ""no_content"", ""confidence"": ""low"", ""fallback_window"": ""2020-2025"", ""fallback_window_source"": ""engine""}",
gte_battery_degradation,Plug-in hybrid battery degradation and failure,PHEV battery failure,electrical,wear_item,high,high,[],,,High likelihood of needing a very expensive battery replacement due to natural degradation over time.,Natural battery degradation,Battery replacement,"[""Reduced electric range"", ""Battery warning light""]",Check the high-voltage battery's state of health via diagnostic scan.,1,1,"[{""video_id"": ""EryhYgmqNAk"", ""title"": ""None"", ""channel"": ""None"", ""video_type_category"": ""None"", ""trim"": ""base""}]",youtube,medium,,1,,"[""all_vw_golf_mk8""]","[""1.4_EHYBRID""]","[""system_component=electrical is not engine-scoped; cleared affected_engines (original preserved in affected_engines_original).""]","{""base"": 1}",1,base,0,False,"{""from_llm_year_phrase"": null, ""from_llm_year_parsed"": [], ""from_transcript_context"": [], ""from_source_video_titles"": [], ""from_engine_production_windows"": [""2020-2025""], ""from_model_scope_window"": [""2020-2025""], ""window_source"": ""engine"", ""content_combine_rule"": ""no_content"", ""confidence"": ""low"", ""fallback_window"": ""2020-2025"", ""fallback_window_source"": ""engine""}",
haptic_steering_wheel_controls,Haptic steering wheel control usability,Poor haptic controls,electrical,intermittent_fault,low,high,[],,,Requires more presses and taking eyes off the road to operate climate controls.,,,"[""Frustrating control operation"", ""Distracting interface""]",Spend time operating the steering wheel controls during a test drive.,1,1,"[{""video_id"": ""B573CeuGMhM"", ""title"": ""None"", ""channel"": ""None"", ""video_type_category"": ""None"", ""trim"": ""base""}]",youtube,medium,,1,,"[""all_vw_golf_mk8""]","[""2.0_TSI""]","[""system_component=electrical is not engine-scoped; cleared affected_engines (original preserved in affected_engines_original).""]","{""base"": 1}",1,base,0,False,"{""from_llm_year_phrase"": null, ""from_llm_year_parsed"": [], ""from_transcript_context"": [], ""from_source_video_titles"": [], ""from_engine_production_windows"": [""2020-2025""], ""from_model_scope_window"": [""2020-2025""], ""window_source"": ""engine"", ""content_combine_rule"": ""no_content"", ""confidence"": ""low"", ""fallback_window"": ""2020-2025"", ""fallback_window_source"": ""engine""}",
headlight_foreign_object,Foreign object inside headlight assembly,Headlight debris,body,other,low,medium,[],,,"A small piece of plastic was loose inside the passenger front headlight, bouncing around when driving.",,,[],Inspect headlight assemblies for loose debris or rattling sounds.,1,1,"[{""video_id"": ""2cfJPerhPss"", ""title"": ""None"", ""channel"": ""None"", ""video_type_category"": ""organic"", ""trim"": ""base""}]",youtube,medium,,1,,"[""all_vw_golf_mk8""]","[""2.0_TSI""]","[""system_component=body is not engine-scoped; cleared affected_engines (original preserved in affected_engines_original).""]","{""base"": 1}",1,base,0,False,"{""from_llm_year_phrase"": null, ""from_llm_year_parsed"": [], ""from_transcript_context"": [], ""from_source_video_titles"": [""2025""], ""from_engine_production_windows"": [""2020-2025""], ""from_model_scope_window"": [""2020-2025""], ""window_source"": ""engine"", ""content_combine_rule"": ""title_only"", ""confidence"": ""medium"", ""triangulated"": ""2025""}",2025
ignition_coil_pack_failure,Ignition coil pack failure,Ignition Coils,engine,intermittent_fault,medium,high,"[""2.0_TSI""]",,,"Engine misfire codes (P0300-P0304), poor running, or rough idle.",Coil pack failure.,Replace faulty ignition coil(s).,"[""Misfires"", ""Rough idle"", ""Check engine light for cylinder misfire""]",Scan for misfire codes and inspect ignition coils and spark plugs.,1,1,"[{""video_id"": ""5XND3jWg3sc"", ""title"": ""None"", ""channel"": ""None"", ""video_type_category"": ""None"", ""trim"": ""base""}]",youtube,medium,,1,,"[""all_vw_golf_mk8""]",,,"{""base"": 1}",1,base,0,False,"{""from_llm_year_phrase"": null, ""from_llm_year_parsed"": [], ""from_transcript_context"": [], ""from_source_video_titles"": [""2020""], ""from_engine_production_windows"": [""2020-2025""], ""from_model_scope_window"": [""2020-2025""], ""window_source"": ""engine"", ""content_combine_rule"": ""title_only"", ""confidence"": ""medium"", ""triangulated"": ""2020""}",2020
infotainment_screen_failure,Infotainment screen lag or unresponsiveness,Infotainment lag,electrical,intermittent_fault,medium,high,[],2021 and 2022,,The infotainment screen is really laggy or unresponsive.,,,"[""Screen lag"", ""Unresponsive touch controls""]",Test all infotainment functions thoroughly during a test drive.,1,1,"[{""video_id"": ""EryhYgmqNAk"", ""title"": ""None"", ""channel"": ""None"", ""video_type_category"": ""None"", ""trim"": ""base""}]",youtube,medium,,1,,"[""all_vw_golf_mk8""]","[""1.0_ETSI"", ""1.0_TSI"", ""1.4_EHYBRID"", ""1.5_ETSI"", ""1.5_TSI"", ""2.0_TDI"", ""2.0_TSI""]","[""system_component=electrical is not engine-scoped; cleared affected_engines (original preserved in affected_engines_original).""]","{""base"": 1}",1,base,0,False,"{""from_llm_year_phrase"": ""2021 and 2022"", ""from_llm_year_parsed"": [""2021-2022""], ""from_transcript_context"": [], ""from_source_video_titles"": [], ""from_engine_production_windows"": [""2020-2025""], ""from_model_scope_window"": [""2020-2025""], ""window_source"": ""engine"", ""content_combine_rule"": ""llm_phrase_only"", ""confidence"": ""medium"", ""triangulated"": ""2021-2022""}",2021-2022
manual_gear_change_notchy,Notchy manual gear change,Notchy gearbox,gearbox,intermittent_fault,low,high,"[""1.0_ETSI"", ""1.0_TSI"", ""1.5_ETSI"", ""1.5_TSI"", ""2.0_TDI""]",2019,,"The manual gear change feels notchy and imprecise, detracting from driving smoothness.",,,"[""Notchy shifting feel"", ""Imprecise gear engagement""]","Test all gears thoroughly during a test drive, especially when cold.",1,1,"[{""video_id"": ""A2gnwh7qYCk"", ""title"": ""None"", ""channel"": ""None"", ""video_type_category"": ""None"", ""trim"": ""base""}]",youtube,medium,,1,,"[""all_vw_golf_mk8""]",,,"{""base"": 1}",1,base,0,False,"{""from_llm_year_phrase"": ""2019"", ""from_llm_year_parsed"": [], ""from_transcript_context"": [], ""from_source_video_titles"": [""2020""], ""from_engine_production_windows"": [""2020-2025""], ""from_model_scope_window"": [""2020-2025""], ""window_source"": ""engine"", ""content_combine_rule"": ""title_only"", ""confidence"": ""medium"", ""triangulated"": ""2020""}",2020
pcv_failure_rear_main_seal_leak,PCV failure causing rear main seal leak,PCV / Oil Leak,engine,fluid_leak,medium,high,"[""2.0_TSI""]",,,Oil leak from the rear of the engine.,PCV failure pressurizing the crankcase.,Replace PCV valve and rear main seal as needed.,"[""Oil spots under car"", ""Oil consumption""]",Inspect engine rear for oil leaks and check PCV system function.,1,1,"[{""video_id"": ""5XND3jWg3sc"", ""title"": ""None"", ""channel"": ""None"", ""video_type_category"": ""None"", ""trim"": ""base""}]",youtube,medium,,1,,"[""all_vw_golf_mk8""]",,,"{""base"": 1}",1,base,0,False,"{""from_llm_year_phrase"": null, ""from_llm_year_parsed"": [], ""from_transcript_context"": [], ""from_source_video_titles"": [""2020""], ""from_engine_production_windows"": [""2020-2025""], ""from_model_scope_window"": [""2020-2025""], ""window_source"": ""engine"", ""content_combine_rule"": ""title_only"", ""confidence"": ""medium"", ""triangulated"": ""2020""}",2020
pcv_valve_diaphragm_failure,PCV valve/diaphragm failure,PCV failure,engine,wear_item,medium,high,"[""EA888 Gen 3"", ""EA888 Gen 4""]",,,"Engine oil consumption, rough idle, or oil leaks.",PCV valve or diaphragm wear/rupture,PCV valve replacement,"[""Increased oil consumption"", ""Rough idle"", ""Oil leaks around valve cover""]",Check for oil leaks and monitor oil consumption.,1,1,"[{""video_id"": ""ADUK5PFB4k4"", ""title"": ""None"", ""channel"": ""None"", ""video_type_category"": ""list_format"", ""trim"": ""base""}]",youtube,high,,1,,"[""all_vw_golf_mk8""]",,,"{""base"": 1}",1,base,0,False,"{""from_llm_year_phrase"": null, ""from_llm_year_parsed"": [], ""from_transcript_context"": [], ""from_source_video_titles"": [], ""from_engine_production_windows"": [], ""from_model_scope_window"": [""2020-2025""], ""window_source"": ""model_window"", ""content_combine_rule"": ""no_content"", ""confidence"": ""low"", ""fallback_window"": ""2020-2025"", ""fallback_window_source"": ""model_window""}",
phev_boot_cable_storage,No dedicated storage for PHEV charging cables,No cable storage,body,structural,low,high,[],,,"There is no dedicated storage compartment for the charging cables in the plug-in hybrid version, forcing them to take up boot space.",Design omission,Use aftermarket storage bag or place cables in boot.,"[""Cables loose in boot""]",Check boot for included cables and assess available storage space.,1,1,"[{""video_id"": ""nFsGTPz5800"", ""title"": ""..."", ""channel"": ""..."", ""video_type_category"": ""..."", ""trim"": ""base""}]",youtube,high,,1,,"[""all_vw_golf_mk8""]","[""1.4_EHYBRID""]","[""system_component=body is not engine-scoped; cleared affected_engines (original preserved in affected_engines_original).""]","{""base"": 1}",1,base,0,False,"{""from_llm_year_phrase"": null, ""from_llm_year_parsed"": [], ""from_transcript_context"": [], ""from_source_video_titles"": [], ""from_engine_production_windows"": [""2020-2025""], ""from_model_scope_window"": [""2020-2025""], ""window_source"": ""engine"", ""content_combine_rule"": ""no_content"", ""confidence"": ""low"", ""fallback_window"": ""2020-2025"", ""fallback_window_source"": ""engine""}",
plastic_oil_pan_plug_leak,Plastic oil pan and plug leaks,Oil pan leak,engine,fluid_leak,medium,medium,"[""2.0_TSI""]",,,Potential oil leaks if the plastic drain plug is reused or from heat-cycled plastic oil pan.,Plastic drain plug or pan failure,Replace drain plug or oil pan,"[""Oil spots under car"", ""Low oil level""]",Inspect oil pan and drain plug area for leaks.,1,1,"[{""video_id"": ""5XND3jWg3sc"", ""title"": ""None"", ""channel"": ""None"", ""video_type_category"": ""None"", ""trim"": ""base""}]",youtube,medium,Avoid reusing plastic drain plug.,1,,"[""all_vw_golf_mk8""]",,,"{""base"": 1}",1,base,0,False,"{""from_llm_year_phrase"": null, ""from_llm_year_parsed"": [], ""from_transcript_context"": [], ""from_source_video_titles"": [""2020""], ""from_engine_production_windows"": [""2020-2025""], ""from_model_scope_window"": [""2020-2025""], ""window_source"": ""engine"", ""content_combine_rule"": ""title_only"", ""confidence"": ""medium"", ""triangulated"": ""2020""}",2020
stone_chips_front_bonnet,Stone chips on bonnet leading edge,Bonnet stone chips,body,wear_item,low,medium,[],,,The front end is prone to picking up stone chips along the leading edge of the bonnet.,Paint/design vulnerability,Paint protection film or touch-up,"[""Paint chips on front bonnet edge""]",Inspect front bonnet leading edge for stone chip damage.,1,1,"[{""video_id"": ""zWCiJW8C63U"", ""title"": ""..."", ""channel"": ""..."", ""video_type_category"": ""..."", ""trim"": ""base""}]",youtube,medium,,1,,"[""all_vw_golf_mk8""]","[""1.0_ETSI"", ""1.0_TSI"", ""1.4_EHYBRID"", ""1.5_ETSI"", ""1.5_TSI"", ""2.0_TDI"", ""2.0_TSI""]","[""system_component=body is not engine-scoped; cleared affected_engines (original preserved in affected_engines_original).""]","{""base"": 1}",1,base,0,False,"{""from_llm_year_phrase"": null, ""from_llm_year_parsed"": [], ""from_transcript_context"": [], ""from_source_video_titles"": [""2020""], ""from_engine_production_windows"": [""2020-2025""], ""from_model_scope_window"": [""2020-2025""], ""window_source"": ""engine"", ""content_combine_rule"": ""title_only"", ""confidence"": ""medium"", ""triangulated"": ""2020""}",2020
subframe_bolt_issue,Front subframe bolt clunking,Subframe clunk,suspension,noise,medium,medium,[],,,Clunking sound from the front end not caused by worn dampers or bushings.,Subframe bolt issue,Tighten or replace subframe bolts,"[""Front end clunking over bumps""]",Listen for clunks from front suspension over bumps and check subframe bolts.,1,1,"[{""video_id"": ""5XND3jWg3sc"", ""title"": ""None"", ""channel"": ""None"", ""video_type_category"": ""None"", ""trim"": ""base""}]",youtube,medium,,1,,"[""all_vw_golf_mk8""]","[""all""]","[""system_component=suspension is not engine-scoped; cleared affected_engines (original preserved in affected_engines_original).""]","{""base"": 1}",1,base,0,False,"{""from_llm_year_phrase"": null, ""from_llm_year_parsed"": [], ""from_transcript_context"": [], ""from_source_video_titles"": [""2020""], ""from_engine_production_windows"": [], ""from_model_scope_window"": [""2020-2025""], ""window_source"": ""model_window"", ""content_combine_rule"": ""title_only"", ""confidence"": ""medium"", ""triangulated"": ""2020""}",2020
sunroof_operation_failure,Sunroof fails to open or close,Sunroof,body,intermittent_fault,low,medium,[],,,The sunroof opened one day and could not be closed for a couple of days.,,,[],,1,1,"[{""video_id"": ""2cfJPerhPss"", ""title"": ""None"", ""channel"": ""None"", ""video_type_category"": ""organic"", ""trim"": ""base""}]",youtube,medium,,1,,"[""all_vw_golf_mk8""]","[""2.0_TSI""]","[""system_component=body is not engine-scoped; cleared affected_engines (original preserved in affected_engines_original).""]","{""base"": 1}",1,base,0,False,"{""from_llm_year_phrase"": null, ""from_llm_year_parsed"": [], ""from_transcript_context"": [], ""from_source_video_titles"": [""2025""], ""from_engine_production_windows"": [""2020-2025""], ""from_model_scope_window"": [""2020-2025""], ""window_source"": ""engine"", ""content_combine_rule"": ""title_only"", ""confidence"": ""medium"", ""triangulated"": ""2025""}",2025
sunroof_seal_failure,Sunroof seal fitment or part issue,Sunroof leak,body,fluid_leak,medium,medium,[],,,Potential water ingress due to incorrectly fitted or inadequately sized factory sunroof seal.,Incorrect seal fitment or part,Reseal or replace sunroof seal,"[""Water stains on headliner"", ""Damp interior""]",Check for water marks around sunroof and headliner after rain.,1,1,"[{""video_id"": ""5XND3jWg3sc"", ""title"": ""None"", ""channel"": ""None"", ""video_type_category"": ""None"", ""trim"": ""base""}]",youtube,medium,,1,,"[""all_vw_golf_mk8""]","[""all""]","[""system_component=body is not engine-scoped; cleared affected_engines (original preserved in affected_engines_original).""]","{""base"": 1}",1,base,0,False,"{""from_llm_year_phrase"": null, ""from_llm_year_parsed"": [], ""from_transcript_context"": [], ""from_source_video_titles"": [""2020""], ""from_engine_production_windows"": [], ""from_model_scope_window"": [""2020-2025""], ""window_source"": ""model_window"", ""content_combine_rule"": ""title_only"", ""confidence"": ""medium"", ""triangulated"": ""2020""}",2020
timing_chain_tensioner_failure,Timing chain tensioner failure,Timing chain,engine,chronic_failure,high,high,"[""EA888 Gen 1"", ""EA888 Gen 2""]",pre-Mark 7,,Potential for catastrophic engine damage from timing chain failure.,Tensioner design flaw,Timing chain and tensioner replacement,"[""Rattling noise from engine on startup"", ""Check engine light""]",Check service history for timing chain replacement; listen for startup rattle.,1,1,"[{""video_id"": ""ADUK5PFB4k4"", ""title"": ""None"", ""channel"": ""None"", ""video_type_category"": ""list_format"", ""trim"": ""base""}]",youtube,high,Well-documented issue in earlier EA888 generations.,1,,"[""all_vw_golf_mk8""]",,,"{""base"": 1}",1,base,0,False,"{""from_llm_year_phrase"": ""pre-Mark 7"", ""from_llm_year_parsed"": [], ""from_transcript_context"": [], ""from_source_video_titles"": [], ""from_engine_production_windows"": [], ""from_model_scope_window"": [""2020-2025""], ""window_source"": ""model_window"", ""content_combine_rule"": ""no_content"", ""confidence"": ""low"", ""fallback_window"": ""2020-2025"", ""fallback_window_source"": ""model_window""}",
torsion_beam_ride_quality,Harsh ride with torsion beam rear suspension,Harsh ride,suspension,structural,medium,high,[],,,"On base models with torsion beam rear suspension, the rear of the car thumps and clatters heavily over transverse road ridges or repairs.",Torsion beam rear suspension design,Consider models with independent rear suspension if ride comfort is a priority.,"[""Excessive noise from rear over bumps"", ""Jarring impacts""]","Drive over uneven surfaces, speed bumps, and repaired road sections to assess rear suspension comfort.",1,1,"[{""video_id"": ""P9DleUljRjA"", ""title"": ""..."", ""channel"": ""..."", ""video_type_category"": ""..."", ""trim"": ""base""}]",youtube,high,,1,,"[""all_vw_golf_mk8""]","[""1.0_ETSI"", ""1.0_TSI"", ""1.4_EHYBRID"", ""1.5_ETSI"", ""1.5_TSI"", ""2.0_TDI"", ""2.0_TSI""]","[""system_component=suspension is not engine-scoped; cleared affected_engines (original preserved in affected_engines_original).""]","{""base"": 1}",1,base,0,False,"{""from_llm_year_phrase"": null, ""from_llm_year_parsed"": [], ""from_transcript_context"": [], ""from_source_video_titles"": [""2020""], ""from_engine_production_windows"": [""2020-2025""], ""from_model_scope_window"": [""2020-2025""], ""window_source"": ""engine"", ""content_combine_rule"": ""title_only"", ""confidence"": ""medium"", ""triangulated"": ""2020""}",2020
turbocharger_failure,Turbocharger failure,Turbo failure,engine,chronic_failure,high,high,"[""EA888 Gen 1"", ""EA888 Gen 2"", ""EA888 Gen 3""]","pre-Mark 7, early Mark 7 generation",,Loss of boost pressure and potential turbocharger seizure.,Turbocharger design or component wear,Turbocharger replacement,"[""Loss of power"", ""Whining or grinding noises from turbo"", ""Excessive smoke from exhaust""]","Check for turbo shaft play, oil leaks, and listen for unusual noises.",1,1,"[{""video_id"": ""ADUK5PFB4k4"", ""title"": ""None"", ""channel"": ""None"", ""video_type_category"": ""list_format"", ""trim"": ""base""}]",youtube,high,Merged 'turbo_failure_gen1_gen2' and 'early_mk7_turbo_failure' as same component failure across generations.,1,,"[""all_vw_golf_mk8""]",,,"{""base"": 1}",1,base,0,False,"{""from_llm_year_phrase"": ""pre-Mark 7, early Mark 7 generation"", ""from_llm_year_parsed"": [], ""from_transcript_context"": [], ""from_source_video_titles"": [], ""from_engine_production_windows"": [], ""from_model_scope_window"": [""2020-2025""], ""window_source"": ""model_window"", ""content_combine_rule"": ""no_content"", ""confidence"": ""low"", ""fallback_window"": ""2020-2025"", ""fallback_window_source"": ""model_window""}",
turbocharger_manifold_seal_failure,Turbocharger to manifold seal failure,Turbo Seal,engine,chronic_failure,high,medium,"[""2.0_TSI""]",2015 to 2017,,Turbo failure.,Weak turbo-to-manifold seal on specific turbo unit (06K 145 702N).,Replace turbocharger or repair seal.,"[""Loss of boost"", ""Unusual turbo noises"", ""Check engine light""]",Verify turbo model and check for boost leaks or fault codes related to turbo performance.,1,1,"[{""video_id"": ""5XND3jWg3sc"", ""title"": ""None"", ""channel"": ""None"", ""video_type_category"": ""None"", ""trim"": ""base""}]",youtube,medium,Specific to certain turbo units and model years.,1,,"[""all_vw_golf_mk8""]",,,"{""base"": 1}",1,base,0,False,"{""from_llm_year_phrase"": ""2015 to 2017"", ""from_llm_year_parsed"": [], ""from_transcript_context"": [], ""from_source_video_titles"": [""2020""], ""from_engine_production_windows"": [""2020-2025""], ""from_model_scope_window"": [""2020-2025""], ""window_source"": ""engine"", ""content_combine_rule"": ""title_only"", ""confidence"": ""medium"", ""triangulated"": ""2020""}",2020
washer_fluid_sensor_failure,Washer fluid sensor failure,Washer sensor fault,electrical,sensor_fault,low,medium,[],,,"Engine management light for washer fluid or sensor rattle, often due to incorrect fluid use.",Sensor failure or incorrect fluid,Replace sensor or use correct fluid,"[""Warning light"", ""Rattle from reservoir""]",Check washer fluid warning light and listen for reservoir rattle.,1,1,"[{""video_id"": ""5XND3jWg3sc"", ""title"": ""None"", ""channel"": ""None"", ""video_type_category"": ""None"", ""trim"": ""base""}]",youtube,medium,Often due to incorrect fluid.,1,,"[""all_vw_golf_mk8""]","[""all""]","[""system_component=electrical is not engine-scoped; cleared affected_engines (original preserved in affected_engines_original).""]","{""base"": 1}",1,base,0,False,"{""from_llm_year_phrase"": null, ""from_llm_year_parsed"": [], ""from_transcript_context"": [], ""from_source_video_titles"": [""2020""], ""from_engine_production_windows"": [], ""from_model_scope_window"": [""2020-2025""], ""window_source"": ""model_window"", ""content_combine_rule"": ""title_only"", ""confidence"": ""medium"", ""triangulated"": ""2020""}",2020
water_ingress_speaker_bracket,Water ingress from door speaker bracket,Door water leak,body,fluid_leak,medium,medium,[],,,Damp or discolored carpet in passenger footwell from a crack in the door speaker mounting bracket.,Cracked door speaker bracket,Seal or replace bracket,"[""Damp footwell carpet"", ""Discoloration""]",Check passenger footwell carpet for dampness and inspect door speaker brackets.,1,1,"[{""video_id"": ""5XND3jWg3sc"", ""title"": ""None"", ""channel"": ""None"", ""video_type_category"": ""None"", ""trim"": ""base""}]",youtube,medium,,1,,"[""all_vw_golf_mk8""]","[""all""]","[""system_component=body is not engine-scoped; cleared affected_engines (original preserved in affected_engines_original).""]","{""base"": 1}",1,base,0,False,"{""from_llm_year_phrase"": null, ""from_llm_year_parsed"": [], ""from_transcript_context"": [], ""from_source_video_titles"": [""2020""], ""from_engine_production_windows"": [], ""from_model_scope_window"": [""2020-2025""], ""window_source"": ""model_window"", ""content_combine_rule"": ""title_only"", ""confidence"": ""medium"", ""triangulated"": ""2020""}",2020
