engine_spec,reg_year,total_tests,pass_count,avg_failures,avg_mileage,fail_rate_pct
1.2_TDI,2009,1,1,0.0,40114.0,0.0
1.2_TDI,2010,7,6,0.2857142857142857,29553.0,14.3
1.2_TDI,2011,38,33,1.105263157894737,33887.81578947369,13.2
1.2_TDI,2012,1,0,2.0,40756.0,100.0
1.2_TSI,2004,1,1,1.0,69654.0,0.0
1.2_TSI,2007,1,1,2.0,52542.0,0.0
1.2_TSI,2008,2,2,1.5,58065.5,0.0
1.2_TSI,2009,20,19,0.75,37957.1,5.0
1.2_TSI,2010,1518,1387,0.5882740447957839,33335.22310756972,8.6
1.2_TSI,2011,3334,3041,0.640371925614877,29100.24616310563,8.8
1.2_TSI,2012,72,65,0.6527777777777778,26759.472222222223,9.7
1.2_TSI,2013,1,1,0.0,32200.0,0.0
1.4_TDI,1996,1,0,5.0,130476.0,100.0
1.4_TDI,1998,1,0,22.0,103936.0,100.0
1.4_TDI,1999,5,2,2.8,122169.4,60.0
1.4_TDI,2000,7,6,2.4285714285714284,128790.57142857143,14.3
1.4_TDI,2001,34,25,3.1176470588235294,108955.0,26.5
1.4_TDI,2002,32,23,2.0625,96428.40625,28.1
1.4_TDI,2003,37,27,2.27027027027027,90909.83783783784,27.0
1.4_TDI,2004,71,56,1.591549295774648,84583.38571428572,21.1
1.4_TDI,2005,38,31,1.2894736842105263,78042.73684210527,18.4
1.4_TDI,2006,55,44,1.4363636363636363,74037.60377358491,20.0
1.4_TDI,2007,56,46,1.0357142857142858,63622.67857142857,17.9
1.4_TDI,2008,97,80,1.1237113402061856,54906.28421052632,17.5
1.4_TDI,2009,151,133,0.7350993377483444,45146.50666666667,11.9
1.4_TDI,2010,92,90,0.2391304347826087,32568.923076923078,2.2
1.4_TDI,2011,103,100,0.39805825242718446,26677.679611650485,2.9
1.4_TDI,2012,5,4,0.6,28626.4,20.0
1.4_TSI,1991,1,1,0.0,100790.0,0.0
1.4_TSI,1995,5,4,1.8,80731.0,20.0
1.4_TSI,1996,79,53,3.6202531645569622,117447.57894736843,32.9
1.4_TSI,1997,69,48,4.043478260869565,108717.16176470589,30.4
1.4_TSI,1998,253,163,3.707509881422925,100558.496,35.6
1.4_TSI,1999,518,341,3.030888030888031,100598.65551181103,34.2
1.4_TSI,2000,2702,1867,2.727239082161362,101222.12397003746,30.9
1.4_TSI,2001,8625,6091,2.628753623188406,97649.2351767054,29.4
1.4_TSI,2002,11538,8266,2.395909169700121,93117.44431798284,28.4
1.4_TSI,2003,14179,10431,2.241554411453558,87765.55791574596,26.4
1.4_TSI,2004,11526,8522,1.99540170050321,82022.8449394843,26.1
1.4_TSI,2005,7900,6012,1.5555696202531646,75393.74029126213,23.9
1.4_TSI,2006,9859,7778,1.3344152550968658,67071.83873606709,21.1
1.4_TSI,2007,10286,8413,1.1439821116080109,59487.51197252208,18.2
1.4_TSI,2008,10001,8566,0.902009799020098,50383.42022403875,14.3
1.4_TSI,2009,22712,20330,0.7136755899964776,41210.636142014984,10.5
1.4_TSI,2010,13799,12710,0.5617798391187767,32224.860337645252,7.9
1.4_TSI,2011,13450,12481,0.5061710037174721,23968.67375093214,7.2
1.4_TSI,2012,349,332,0.3667621776504298,20508.4683908046,4.9
1.4_TSI,2013,6,5,0.3333333333333333,29025.166666666668,16.7
1.4_TSI,2014,1,1,0.0,3292.0,0.0
1.5_TDI,1983,1,1,0.0,11903.0,0.0
1.5_TSI,2002,4,2,2.0,122911.5,50.0
1.6_TDI,1985,1,1,4.0,121703.0,0.0
1.6_TDI,1986,4,3,2.0,111406.25,25.0
1.6_TDI,1987,3,2,3.6666666666666665,140453.33333333334,33.3
1.6_TDI,1988,9,5,4.0,129635.55555555556,44.4
1.6_TDI,1989,13,10,3.076923076923077,135527.46153846153,23.1
1.6_TDI,1990,7,5,3.2857142857142856,202895.2,28.6
1.6_TDI,1991,8,5,2.75,172350.5,37.5
1.6_TDI,1992,3,2,2.3333333333333335,114223.0,33.3
1.6_TDI,1995,1,1,0.0,101518.0,0.0
1.6_TDI,1996,2,1,3.0,191203.0,50.0
1.6_TDI,1998,4,2,3.75,90940.5,50.0
1.6_TDI,1999,9,7,3.7777777777777777,119146.44444444444,22.2
1.6_TDI,2000,34,25,2.3823529411764706,102703.51515151515,26.5
1.6_TDI,2001,71,48,3.2253521126760565,122121.47887323944,32.4
1.6_TDI,2002,135,98,2.0444444444444443,119475.32835820895,27.4
1.6_TDI,2003,99,76,1.9595959595959596,107124.26315789473,23.2
1.6_TDI,2004,215,160,1.869767441860465,102060.25592417062,25.6
1.6_TDI,2005,259,201,1.3706563706563706,98527.17441860466,22.4
1.6_TDI,2006,256,195,1.06640625,84927.8406374502,23.8
1.6_TDI,2007,177,148,1.1977401129943503,70622.10169491525,16.4
1.6_TDI,2008,204,165,1.0392156862745099,66130.77386934674,19.1
1.6_TDI,2009,7790,6946,0.7731707317073171,52811.993394638,10.8
1.6_TDI,2010,26688,23846,0.7884067745803357,50410.22200385502,10.6
1.6_TDI,2011,36008,32257,0.7676349700066651,42331.22066330088,10.4
1.6_TDI,2012,1136,1044,0.6214788732394366,37696.99646330681,8.1
1.6_TDI,2013,8,7,0.375,9098.125,12.5
1.6_TSI,1971,4,2,2.0,111092.25,50.0
1.6_TSI,1981,1,1,0.0,128649.0,0.0
1.6_TSI,1982,2,2,0.5,75576.5,0.0
1.6_TSI,1983,4,2,4.5,59281.75,50.0
1.6_TSI,1984,28,21,2.6785714285714284,98121.25925925926,25.0
1.6_TSI,1985,107,72,3.2336448598130842,102344.75238095238,32.7
1.6_TSI,1986,126,91,2.888888888888889,89979.12096774194,27.8
1.6_TSI,1987,196,132,3.510204081632653,98802.171875,32.7
1.6_TSI,1988,279,188,3.3297491039426523,112793.200729927,32.6
1.6_TSI,1989,509,343,3.045186640471513,109451.68588469185,32.6
1.6_TSI,1990,853,570,3.582649472450176,115757.39904988123,33.2
1.6_TSI,1991,941,636,3.5579171094580233,111780.50539956804,32.4
1.6_TSI,1992,30,17,3.4,98328.13793103448,43.3
1.6_TSI,1993,39,28,3.8461538461538463,107318.1282051282,28.2
1.6_TSI,1994,178,131,3.533707865168539,94207.16477272728,26.4
1.6_TSI,1995,732,487,3.4631147540983607,107866.29661016949,33.5
1.6_TSI,1996,831,545,3.7027677496991576,108379.62681159421,34.4
1.6_TSI,1997,1628,1083,3.4324324324324325,103192.49750933997,33.5
1.6_TSI,1998,2373,1597,3.1175726927939316,100209.86359761296,32.7
1.6_TSI,1999,2993,2054,2.7854994988306045,99459.49730458221,31.4
1.6_TSI,2000,8030,5782,2.577085927770859,100509.63599748269,28.0
1.6_TSI,2001,20525,14795,2.4033130328867234,98649.10173085459,27.9
1.6_TSI,2002,20289,15048,2.103405786386712,92104.8153218179,25.8
1.6_TSI,2003,19375,15176,1.798658064516129,87123.92870925684,21.7
1.6_TSI,2004,13221,10005,1.788820815369488,80976.42967436172,24.3
1.6_TSI,2005,12482,9861,1.4147572504406345,74786.9842181936,21.0
1.6_TSI,2006,15584,12742,1.184355749486653,65299.42120956764,18.2
1.6_TSI,2007,18891,15963,0.9700915780001059,56954.56512694687,15.5
1.6_TSI,2008,7393,6321,0.8773163803597999,49290.99604796947,14.5
1.6_TSI,2009,2569,2295,0.6539509536784741,43981.0948072384,10.7
1.6_TSI,2010,367,335,0.5504087193460491,47205.4301369863,8.7
1.6_TSI,2011,529,481,0.6729678638941399,38982.76190476191,9.1
1.6_TSI,2012,14,13,0.5714285714285714,34077.142857142855,7.1
1.6_TSI,2015,2,1,2.0,38542.0,50.0
1.8_TDI,1982,1,1,0.0,253567.0,0.0
1.8_TDI,1983,2,1,5.5,159556.0,50.0
1.8_TDI,1985,4,1,4.25,168008.33333333334,75.0
1.8_TDI,1988,3,3,1.3333333333333333,111166.33333333333,0.0
1.8_TDI,1989,5,4,2.2,129758.0,20.0
1.8_TDI,1990,2,2,1.5,166021.0,0.0
1.8_TDI,1991,7,5,3.142857142857143,109603.28571428571,28.6
1.8_TDI,1992,4,3,1.5,113101.66666666667,25.0
1.8_TDI,1994,2,1,1.5,31466.5,50.0
1.8_TDI,1995,4,3,4.25,141035.5,25.0
1.8_TDI,1996,16,10,3.5,146417.1875,37.5
1.8_TDI,1997,10,6,3.2,90716.7,40.0
1.8_TDI,1998,1,1,3.0,162150.0,0.0
1.8_TDI,2000,19,13,2.0526315789473686,113578.78947368421,31.6
1.8_TDI,2001,39,29,3.051282051282051,119343.0,25.6
1.8_TDI,2002,21,17,2.9047619047619047,111812.23809523809,19.0
1.8_TDI,2003,7,6,1.2857142857142858,102268.71428571429,14.3
1.8_TDI,2004,6,5,1.6666666666666667,110407.33333333333,16.7
1.8_TDI,2005,4,3,2.0,126263.0,25.0
1.8_TDI,2006,6,5,1.0,85269.83333333333,16.7
1.8_TDI,2007,4,3,3.0,88019.5,25.0
1.8_TDI,2008,2,1,0.5,112788.5,50.0
1.8_TDI,2009,1,1,0.0,39296.0,0.0
1.8_TSI,1966,1,1,8.0,170693.0,0.0
1.8_TSI,1971,44,29,3.477272727272727,119082.73809523809,34.1
1.8_TSI,1972,1,1,1.0,57023.0,0.0
1.8_TSI,1978,1,1,0.0,133833.0,0.0
1.8_TSI,1979,3,3,2.0,130135.0,0.0
1.8_TSI,1980,6,4,3.1666666666666665,158086.0,33.3
1.8_TSI,1981,7,6,0.8571428571428571,112500.57142857143,14.3
1.8_TSI,1982,62,45,2.693548387096774,128187.75862068965,27.4
1.8_TSI,1983,214,145,2.9485981308411215,126285.46153846153,32.2
1.8_TSI,1984,103,69,3.233009708737864,124849.70297029703,33.0
1.8_TSI,1985,326,220,3.2024539877300615,115295.60252365931,32.5
1.8_TSI,1986,471,334,3.290870488322718,122164.50862068965,29.1
1.8_TSI,1987,798,537,3.2481203007518795,130101.84732824427,32.7
1.8_TSI,1988,1213,813,3.448474855729596,129938.73591253154,33.0
1.8_TSI,1989,2161,1432,3.3757519666820914,128809.01694915254,33.7
1.8_TSI,1990,2942,2001,3.447654656696125,132772.92160943462,32.0
1.8_TSI,1991,3016,2062,3.2834880636604775,135860.49612141654,31.6
1.8_TSI,1992,1629,1130,3.1270718232044197,117259.86828963795,30.6
1.8_TSI,1993,1237,847,2.940986257073565,97889.15089722675,31.5
1.8_TSI,1994,1341,864,3.482475764354959,99160.85464231354,35.6
1.8_TSI,1995,1699,1149,3.5002942907592702,102748.3038438072,32.4
1.8_TSI,1996,3208,2190,3.4018079800498753,102157.66666666667,31.7
1.8_TSI,1997,1696,1161,3.3732311320754715,99853.87081339712,31.5
1.8_TSI,1998,958,647,3.453027139874739,106933.42315789474,32.5
1.8_TSI,1999,1728,1191,3.1597222222222223,118501.87771898884,31.1
1.8_TSI,2000,3458,2402,2.8736263736263736,120939.17949471211,30.5
1.8_TSI,2001,7580,5473,2.6151715039577836,115905.09572057059,27.8
1.8_TSI,2002,6064,4468,2.441787598944591,105814.09701616935,26.3
1.8_TSI,2003,2944,2271,1.9391983695652173,100048.50633778691,22.9
1.8_TSI,2004,235,184,1.6127659574468085,95259.1948051948,21.7
1.8_TSI,2005,7,6,1.2857142857142858,76988.28571428571,14.3
1.8_TSI,2006,3,3,1.0,59475.666666666664,0.0
1.8_TSI,2007,7,7,0.2857142857142857,50286.142857142855,0.0
1.8_TSI,2008,4,4,1.25,80036.25,0.0
1.8_TSI,2009,1,1,1.0,41907.0,0.0
1.8_TSI,2011,1,1,0.0,23994.0,0.0
1.9_TDI,1971,16,8,6.4375,156345.4375,50.0
1.9_TDI,1982,3,1,5.333333333333333,47360.0,66.7
1.9_TDI,1983,4,4,0.75,104493.75,0.0
1.9_TDI,1984,5,2,4.2,67367.4,60.0
1.9_TDI,1986,2,1,4.5,41386.5,50.0
1.9_TDI,1987,1,1,2.0,129875.0,0.0
1.9_TDI,1988,5,3,8.6,122824.4,40.0
1.9_TDI,1989,10,7,2.7,111918.3,30.0
1.9_TDI,1990,10,7,3.0,169869.0,30.0
1.9_TDI,1991,4,4,1.25,116360.25,0.0
1.9_TDI,1992,56,35,3.6785714285714284,136329.7142857143,37.5
1.9_TDI,1993,168,109,3.9583333333333335,134381.10303030303,35.1
1.9_TDI,1994,653,416,4.249617151607963,138619.9196290572,36.3
1.9_TDI,1995,1384,875,4.204479768786127,139394.20861678006,36.8
1.9_TDI,1996,2810,1766,4.249110320284697,147153.37246376812,37.2
1.9_TDI,1997,2405,1518,4.124324324324324,145929.88217905405,36.9
1.9_TDI,1998,1754,1139,3.952679589509692,150511.3652173913,35.1
1.9_TDI,1999,2492,1661,3.6219903691813804,145965.74949248883,33.3
1.9_TDI,2000,7934,5483,3.052810688177464,145371.9010695187,30.9
1.9_TDI,2001,27939,19585,2.8910483553455744,139668.6018541991,29.9
1.9_TDI,2002,48069,34411,2.6149077367950238,132564.3160085783,28.4
1.9_TDI,2003,37912,28328,2.2990346064570586,125139.61929609712,25.3
1.9_TDI,2004,20229,14897,2.1645162884967126,113484.28932387895,26.4
1.9_TDI,2005,17988,13596,1.7738492328218813,103733.70221847795,24.4
1.9_TDI,2006,16208,12854,1.4765547877591314,90385.34773137487,20.7
1.9_TDI,2007,26433,21873,1.1553361328642227,80633.83173682402,17.3
1.9_TDI,2008,33023,28024,1.0143839142415891,70644.7446100287,15.1
1.9_TDI,2009,5853,5039,0.9174782162993337,62008.489936349564,13.9
1.9_TDI,2010,1365,1214,0.7655677655677655,51073.386145910095,11.1
1.9_TDI,2011,1617,1447,0.6258503401360545,41615.996900185986,10.5
1.9_TDI,2012,59,53,0.6101694915254238,43878.42372881356,10.2
1.9_TSI,1992,1,1,0.0,50837.0,0.0
1.9_TSI,1993,1,0,16.0,160892.0,100.0
1.9_TSI,1994,9,7,3.6666666666666665,125876.33333333333,22.2
1.9_TSI,1995,19,13,3.526315789473684,135465.47368421053,31.6
1.9_TSI,1996,30,18,3.1666666666666665,150096.7931034483,40.0
1.9_TSI,1997,26,20,2.730769230769231,144945.72,23.1
1.9_TSI,1998,20,13,3.75,155667.8,35.0
1.9_TSI,1999,18,13,2.2222222222222223,147912.55555555556,27.8
1.9_TSI,2000,103,75,2.679611650485437,140499.94174757283,27.2
1.9_TSI,2001,228,160,2.9342105263157894,141950.88839285713,29.8
1.9_TSI,2002,571,414,2.497373029772329,133900.46276595743,27.5
1.9_TSI,2003,375,276,2.0453333333333332,122064.14864864865,26.4
1.9_TSI,2004,286,217,1.8391608391608392,114598.46785714285,24.1
1.9_TSI,2005,253,189,1.743083003952569,100414.95564516129,25.3
1.9_TSI,2006,207,165,1.6231884057971016,94736.0145631068,20.3
1.9_TSI,2007,208,176,1.0769230769230769,80411.49029126213,15.4
1.9_TSI,2008,265,227,0.7132075471698113,69998.78787878787,14.3
1.9_TSI,2009,43,40,0.6976744186046512,58609.3023255814,7.0
1.9_TSI,2010,20,20,0.7,52475.9,0.0
1.9_TSI,2011,44,37,0.7954545454545454,41016.65909090909,15.9
1.9_TSI,2012,2,1,0.5,16258.0,50.0
2.0_TDI,1994,1,0,11.0,154518.0,100.0
2.0_TDI,1996,7,5,2.142857142857143,121574.28571428571,28.6
2.0_TDI,1997,3,2,5.333333333333333,123643.0,33.3
2.0_TDI,1998,10,7,4.1,122054.1,30.0
2.0_TDI,1999,12,7,4.833333333333333,137932.66666666666,41.7
2.0_TDI,2000,26,19,2.8846153846153846,119669.11538461539,26.9
2.0_TDI,2001,49,37,2.693877551020408,126523.5,24.5
2.0_TDI,2002,157,109,2.5477707006369426,133845.22077922078,30.6
2.0_TDI,2003,78,58,2.141025641025641,130778.31168831169,25.6
2.0_TDI,2004,5598,4125,2.127009646302251,104155.74201119336,26.3
2.0_TDI,2005,7687,5716,1.8795368804475088,97780.41053599579,25.6
2.0_TDI,2006,11387,8766,1.678405198911039,90930.14636960767,23.0
2.0_TDI,2007,19136,15681,1.280988712374582,82791.97363425438,18.1
2.0_TDI,2008,16859,14157,1.1505427368171304,74369.92428136019,16.0
2.0_TDI,2009,21682,18980,0.9110321926021585,59961.51214979324,12.5
2.0_TDI,2010,15973,14281,0.8252050334940212,51564.32156145551,10.6
2.0_TDI,2011,14153,12828,0.6880520031088815,42333.300652204736,9.4
2.0_TDI,2012,628,575,0.5748407643312102,41601.94728434505,8.4
2.0_TDI,2013,2,2,0.0,7832.5,0.0
2.0_TDI,2014,2,2,0.0,21203.5,0.0
2.0_TSI,1971,10,6,4.6,155174.22222222222,40.0
2.0_TSI,1981,4,3,0.5,100039.25,25.0
2.0_TSI,1983,12,8,3.1666666666666665,128994.5,33.3
2.0_TSI,1984,1,1,3.0,171904.0,0.0
2.0_TSI,1986,1,1,0.0,131845.0,0.0
2.0_TSI,1987,4,3,1.25,144949.75,25.0
2.0_TSI,1988,6,5,3.0,165030.16666666666,16.7
2.0_TSI,1989,3,1,3.0,150506.33333333334,66.7
2.0_TSI,1990,9,9,1.6666666666666667,167327.44444444444,0.0
2.0_TSI,1991,14,10,2.642857142857143,136768.42857142858,28.6
2.0_TSI,1992,143,98,3.5734265734265733,116813.07692307692,31.5
2.0_TSI,1993,139,91,3.3956834532374103,119261.35507246378,34.5
2.0_TSI,1994,711,465,3.6526019690576654,115407.12857142858,34.6
2.0_TSI,1995,1631,1046,3.8779889638258735,121963.70051413882,35.9
2.0_TSI,1996,3262,2115,3.9055793991416308,125434.46271929824,35.2
2.0_TSI,1997,3913,2535,3.884743163812931,120517.2620292887,35.2
2.0_TSI,1998,1729,1152,3.6026604973973395,112049.45987111892,33.4
2.0_TSI,1999,1104,753,3.300724637681159,102844.65165441176,31.8
2.0_TSI,2000,3767,2560,2.9450491106981684,112796.60231556273,32.0
2.0_TSI,2001,10399,7294,2.6879507644965863,107186.19039284326,29.9
2.0_TSI,2002,7298,5246,2.413812003288572,101592.37147205313,28.1
2.0_TSI,2003,3036,2303,1.9538866930171277,98136.90863621207,24.1
2.0_TSI,2004,1864,1404,1.7837982832618027,84181.9623156745,24.7
2.0_TSI,2005,3004,2338,1.516977363515313,78670.00269450994,22.2
2.0_TSI,2006,2920,2351,1.4404109589041096,72809.36664369401,19.5
2.0_TSI,2007,4168,3494,1.0688579654510557,64703.8084643289,16.2
2.0_TSI,2008,3502,3036,0.924328954882924,56538.82719953996,13.3
2.0_TSI,2009,1464,1317,0.7950819672131147,45488.42630853994,10.0
2.0_TSI,2010,1959,1766,0.6115364982133742,37215.27740607308,9.9
2.0_TSI,2011,1764,1623,0.5357142857142857,29156.96422487223,8.0
2.0_TSI,2012,85,76,0.3058823529411765,23070.235294117647,10.6
2.0_TSI,2013,2,2,0.0,5977.0,0.0
2.0_TSI,2014,3,3,0.0,27.666666666666668,0.0
3.2_VR6,1990,1,1,0.0,146930.0,0.0
3.2_VR6,1991,1,1,1.0,130422.0,0.0
3.2_VR6,1999,1,1,0.0,49931.0,0.0
3.2_VR6,2002,9,7,1.1111111111111112,77526.77777777778,22.2
3.2_VR6,2003,489,371,1.9918200408997955,84394.34362139918,24.1
3.2_VR6,2004,88,64,1.9886363636363635,76264.29545454546,27.3
3.2_VR6,2005,55,38,1.8545454545454545,82284.66666666667,30.9
3.2_VR6,2006,575,446,1.4660869565217391,68656.28924162258,22.4
3.2_VR6,2007,341,280,1.1436950146627567,60730.66076696165,17.9
3.2_VR6,2008,341,290,0.844574780058651,52069.681415929204,15.0
3.2_VR6,2009,125,108,0.672,48087.35772357724,13.6
3.2_VR6,2010,1,1,0.0,27338.0,0.0
3.2_VR6,2011,1,1,2.0,48502.0,0.0
unknown,1984,1,1,0.0,78123.0,0.0
unknown,1991,2,2,0.0,136420.5,0.0
unknown,1992,1,1,0.0,169039.0,0.0
unknown,1995,5,3,3.8,80987.2,40.0
unknown,1998,2,2,2.0,122717.5,0.0
unknown,1999,3,3,3.3333333333333335,146929.0,0.0
unknown,2000,8,6,1.25,141849.125,25.0
unknown,2001,10,7,2.7,166564.0,30.0
unknown,2002,29,23,2.1724137931034484,118609.58620689655,20.7
unknown,2003,9,7,1.5555555555555556,144419.0,22.2
unknown,2004,50,40,1.8,98120.6530612245,20.0
unknown,2005,44,37,1.4545454545454546,94891.52272727272,15.9
unknown,2006,45,34,0.9555555555555556,78281.0731707317,24.4
unknown,2007,36,34,0.8888888888888888,80694.52777777778,5.6
unknown,2008,32,28,1.0,73188.03125,12.5
unknown,2009,30,28,0.5,69299.7,6.7
unknown,2010,31,27,0.5483870967741935,48379.032258064515,12.9
unknown,2011,37,35,0.6216216216216216,35553.72222222222,5.4
unknown,2012,3,2,0.6666666666666666,102287.0,33.3
unknown,2014,2,1,1.0,132497.0,50.0
unknown_1043cc,1981,2,1,4.0,127947.0,50.0
unknown_1043cc,1984,3,1,9.333333333333334,54307.666666666664,66.7
unknown_1043cc,1985,4,2,1.0,36441.0,50.0
unknown_1043cc,2004,3,3,0.0,89089.66666666667,0.0
unknown_1050cc,1984,1,1,1.0,78208.0,0.0
unknown_1084cc,2002,2,1,2.0,118707.0,50.0
unknown_1085cc,1983,1,1,1.0,58351.0,0.0
unknown_1093cc,1975,3,3,0.3333333333333333,80807.33333333333,0.0
unknown_1093cc,1976,2,2,4.5,54087.5,0.0
unknown_1093cc,1977,1,1,0.0,35956.0,0.0
unknown_1093cc,1978,10,7,2.1,71599.6,30.0
unknown_1093cc,1979,4,3,1.25,75089.0,25.0
unknown_1093cc,1980,6,6,0.6666666666666666,70938.0,0.0
unknown_1093cc,1981,17,11,3.2941176470588234,56814.529411764706,35.3
unknown_1093cc,1982,74,54,3.3783783783783785,73386.04166666667,27.0
unknown_1093cc,1983,129,89,2.6511627906976742,92063.73553719008,31.0
unknown_1093cc,1984,24,18,2.0,75323.83333333333,25.0
unknown_1093cc,1985,1,1,0.0,50147.0,0.0
unknown_1093cc,1997,1,1,0.0,164675.0,0.0
unknown_1093cc,2000,2,2,0.0,53834.0,0.0
unknown_1093cc,2002,2,2,2.5,152705.5,0.0
unknown_1093cc,2004,1,1,5.0,63739.0,0.0
unknown_1093cc,2005,2,2,0.5,68866.5,0.0
unknown_1093cc,2006,5,5,0.8,81442.6,0.0
unknown_1093cc,2009,2,1,1.0,53850.0,50.0
unknown_1093cc,2011,1,1,0.0,45983.0,0.0
unknown_1098cc,1983,2,2,1.0,68496.0,0.0
unknown_1100cc,1975,3,2,2.6666666666666665,122530.0,33.3
unknown_1100cc,1982,1,1,1.0,64969.0,0.0
unknown_1100cc,1983,2,1,7.5,195556.0,50.0
unknown_11283cc,2007,1,1,1.0,114807.0,0.0
unknown_1174cc,2002,1,1,1.0,96900.0,0.0
unknown_1192cc,1960,1,0,0.0,,100.0
unknown_1200cc,2010,3,2,1.0,21123.666666666668,33.3
unknown_1200cc,2011,1,1,0.0,42606.0,0.0
unknown_1223cc,2003,1,1,1.0,99936.0,0.0
unknown_1228cc,2009,1,1,0.0,32644.0,0.0
unknown_1263cc,1984,1,1,0.0,38100.0,0.0
unknown_1263cc,1988,2,1,1.5,5758.0,50.0
unknown_1263cc,1989,2,1,2.0,317427.0,50.0
unknown_1271cc,1991,1,1,0.0,55685.0,0.0
unknown_1272cc,1975,1,1,0.0,28763.0,0.0
unknown_1272cc,1978,2,2,0.5,41108.0,0.0
unknown_1272cc,1979,1,1,4.0,31909.0,0.0
unknown_1272cc,1980,4,3,2.0,54730.0,25.0
unknown_1272cc,1981,4,3,1.5,67312.5,25.0
unknown_1272cc,1982,8,6,1.625,99331.0,25.0
unknown_1272cc,1983,153,106,2.980392156862745,114902.2697368421,30.7
unknown_1272cc,1984,20,14,3.45,79163.6,30.0
unknown_1272cc,1985,113,79,2.9469026548672566,78448.34234234234,30.1
unknown_1272cc,1986,97,62,3.0103092783505154,95619.52577319587,36.1
unknown_1272cc,1987,78,55,2.8205128205128207,91138.62337662338,29.5
unknown_1272cc,1988,166,109,3.397590361445783,104540.86746987952,34.3
unknown_1272cc,1989,237,160,3.2869198312236287,100861.50854700855,32.5
unknown_1272cc,1990,378,248,3.6534391534391535,107135.85675675675,34.4
unknown_1272cc,1991,283,196,3.6784452296819787,106856.84532374101,30.7
unknown_1272cc,1992,2,1,3.5,172807.0,50.0
unknown_1272cc,1993,2,1,8.0,150376.0,50.0
unknown_1272cc,1995,3,2,3.6666666666666665,100532.66666666667,33.3
unknown_1272cc,1996,1,1,6.0,133210.0,0.0
unknown_1272cc,1998,1,1,1.0,61688.0,0.0
unknown_1272cc,2001,4,4,0.0,151204.75,0.0
unknown_1272cc,2002,8,7,1.375,100400.125,12.5
unknown_1272cc,2003,2,1,2.0,82089.5,50.0
unknown_1272cc,2004,15,11,1.8,82028.8,26.7
unknown_1272cc,2005,6,6,1.3333333333333333,82450.83333333333,0.0
unknown_1272cc,2006,9,8,0.5555555555555556,74043.77777777778,11.1
unknown_1272cc,2007,4,4,0.0,57162.5,0.0
unknown_1272cc,2008,2,2,1.0,74993.0,0.0
unknown_1272cc,2009,3,3,1.3333333333333333,46560.0,0.0
unknown_1272cc,2010,1,1,0.0,77681.0,0.0
unknown_1272cc,2011,4,3,1.75,54785.5,25.0
unknown_1275cc,1986,3,2,4.0,114635.33333333333,33.3
unknown_1275cc,1989,1,1,0.0,292765.0,0.0
unknown_1281cc,2003,1,1,2.0,156776.0,0.0
unknown_1283cc,2006,1,1,0.0,60697.0,0.0
unknown_1287cc,2001,2,1,1.5,156409.0,50.0
unknown_1288cc,1980,5,3,2.6,47934.4,40.0
unknown_1288cc,1981,7,6,1.2857142857142858,65197.0,14.3
unknown_1288cc,1982,19,13,4.315789473684211,83960.21052631579,31.6
unknown_1290cc,2001,2,1,4.5,118198.0,50.0
unknown_1292cc,1991,1,1,0.0,103175.0,0.0
unknown_1295cc,1981,2,1,1.5,52728.0,50.0
unknown_1297cc,1994,2,1,1.0,62617.0,50.0
unknown_1297cc,2001,1,1,2.0,93393.0,0.0
unknown_1298cc,1988,2,1,5.0,103011.5,50.0
unknown_1300cc,1979,1,1,0.0,160860.0,0.0
unknown_1300cc,1980,11,8,4.636363636363637,95095.7,27.3
unknown_1300cc,1981,2,2,1.0,43915.0,0.0
unknown_1300cc,1982,1,1,0.0,73020.0,0.0
unknown_1300cc,1983,1,1,0.0,168387.0,0.0
unknown_1300cc,1984,58,39,2.5,95617.63157894737,32.8
unknown_1300cc,1985,3,3,1.0,51538.0,0.0
unknown_1300cc,1987,2,2,0.0,67678.5,0.0
unknown_1300cc,1988,11,6,2.6363636363636362,102556.54545454546,45.5
unknown_1300cc,1989,5,4,2.6,102276.2,20.0
unknown_1300cc,1991,3,2,5.0,137331.66666666666,33.3
unknown_1300cc,1994,1,1,1.0,45434.0,0.0
unknown_1300cc,1995,1,1,0.0,84822.0,0.0
unknown_1300cc,1996,2,2,2.5,96246.0,0.0
unknown_1300cc,1997,2,1,5.0,191508.0,50.0
unknown_1300cc,1998,1,1,0.0,58967.0,0.0
unknown_1300cc,1999,3,2,1.3333333333333333,97113.33333333333,33.3
unknown_1301cc,1996,1,1,5.0,192706.0,0.0
unknown_1304cc,1999,2,1,1.0,91958.0,50.0
unknown_130cc,2002,1,1,0.0,71201.0,0.0
unknown_130cc,2003,1,1,1.0,42646.0,0.0
unknown_1315cc,2003,1,1,0.0,60748.0,0.0
unknown_1340cc,2002,1,1,1.0,78294.0,0.0
unknown_1360cc,2000,1,1,0.0,104957.0,0.0
unknown_1360cc,2002,3,2,2.6666666666666665,107225.0,33.3
unknown_1368cc,2009,2,2,1.0,45308.0,0.0
unknown_1370cc,2007,1,1,0.0,62877.0,0.0
unknown_1380cc,2007,1,1,0.0,33838.0,0.0
unknown_1381cc,1996,1,1,2.0,92730.0,0.0
unknown_1389cc,1995,1,1,0.0,70392.0,0.0
unknown_1389cc,1999,2,1,8.5,152911.5,50.0
unknown_1389cc,2011,2,1,0.5,26697.0,50.0
unknown_13905cc,2005,1,1,1.0,76434.0,0.0
unknown_1391cc,1971,1,1,1.0,139593.0,0.0
unknown_1391cc,1990,1,1,0.0,131566.0,0.0
unknown_1391cc,1992,183,127,3.1748633879781423,90574.74033149172,30.6
unknown_1391cc,1993,466,301,3.244635193133047,90168.32599118943,35.4
unknown_1391cc,1994,927,606,3.364617044228695,96750.08452250274,34.6
unknown_1391cc,1995,1390,904,3.7194244604316546,99888.18875192603,35.0
unknown_1391cc,1996,1825,1193,3.625753424657534,105353.05879090405,34.6
unknown_1391cc,1997,1576,1028,3.6446700507614214,103000.92944194996,34.8
unknown_1391cc,1998,150,96,3.7266666666666666,96004.67785234899,36.0
unknown_1391cc,1999,4,3,5.25,74662.0,25.0
unknown_1391cc,2000,7,4,2.7142857142857144,71845.33333333333,42.9
unknown_1391cc,2001,9,5,5.111111111111111,83676.125,44.4
unknown_1391cc,2002,4,3,1.0,93475.0,25.0
unknown_1391cc,2004,12,10,2.6666666666666665,84638.41666666667,16.7
unknown_1391cc,2005,4,3,1.75,87417.5,25.0
unknown_1391cc,2007,10,7,4.6,63978.1,30.0
unknown_1391cc,2008,3,3,0.3333333333333333,55170.333333333336,0.0
unknown_1391cc,2009,1,1,0.0,28743.0,0.0
unknown_1391cc,2010,3,3,0.3333333333333333,35362.666666666664,0.0
unknown_1391cc,2011,1,1,0.0,70326.0,0.0
unknown_1392cc,2000,1,1,2.0,100760.0,0.0
unknown_1392cc,2002,2,1,2.0,112495.5,50.0
unknown_1394cc,2010,3,2,2.0,56567.666666666664,33.3
unknown_1396cc,1998,1,1,4.0,109646.0,0.0
unknown_1396cc,2000,5,3,2.6,125165.6,40.0
unknown_1396cc,2001,9,7,2.4444444444444446,103230.66666666667,22.2
unknown_1396cc,2002,11,6,3.1818181818181817,116576.0,45.5
unknown_1396cc,2003,3,2,1.3333333333333333,118836.0,33.3
unknown_1396cc,2009,2,2,0.0,60960.0,0.0
unknown_1397cc,2002,2,1,3.5,120320.0,50.0
unknown_1397cc,2006,1,1,0.0,89383.0,0.0
unknown_1398cc,1994,2,1,1.0,72937.0,50.0
unknown_1398cc,1998,3,1,7.0,116878.0,66.7
unknown_1398cc,1999,6,4,4.166666666666667,106651.83333333333,33.3
unknown_1398cc,2001,23,18,2.217391304347826,85831.39130434782,21.7
unknown_1398cc,2003,3,2,2.0,101881.66666666667,33.3
unknown_1398cc,2006,4,3,1.0,72902.25,25.0
unknown_1398cc,2009,10,9,0.4,47047.5,10.0
unknown_1399cc,2000,4,2,3.0,142496.5,50.0
unknown_1399cc,2001,1,1,1.0,54165.0,0.0
unknown_1399cc,2002,4,3,3.25,98362.25,25.0
unknown_139cc,2005,2,1,4.0,90288.0,50.0
unknown_1400cc,1971,4,3,1.75,111216.0,25.0
unknown_1400cc,1992,1,1,6.0,72784.0,0.0
unknown_1400cc,1993,2,1,0.5,62101.5,50.0
unknown_1400cc,1994,1,1,3.0,110224.0,0.0
unknown_1400cc,1995,8,5,1.375,71320.25,37.5
unknown_1400cc,1996,7,4,4.285714285714286,103825.83333333333,42.9
unknown_1400cc,1997,7,4,4.714285714285714,82931.85714285714,42.9
unknown_1400cc,1998,2266,1440,3.30008826125331,105885.11136057477,36.5
unknown_1400cc,1999,4482,2840,3.311021865238733,102722.52122318576,36.6
unknown_1400cc,2000,4059,2674,2.895048041389505,101630.65814536341,34.1
unknown_1400cc,2001,163,104,2.871165644171779,94645.14285714286,36.2
unknown_1400cc,2002,46,29,2.739130434782609,96986.82608695653,37.0
unknown_1400cc,2003,20,14,2.85,84315.6,30.0
unknown_1400cc,2004,7,4,1.0,79421.0,42.9
unknown_1400cc,2005,229,176,1.3799126637554586,70459.84140969162,23.1
unknown_1400cc,2006,438,347,1.3538812785388128,67235.93333333333,20.8
unknown_1400cc,2007,4,3,0.75,53617.5,25.0
unknown_1400cc,2008,1,1,1.0,54475.0,0.0
unknown_1400cc,2009,154,139,0.8051948051948052,33627.76470588235,9.7
unknown_1400cc,2010,62,55,0.6129032258064516,28499.383333333335,11.3
unknown_1400cc,2011,2,2,0.0,15327.0,0.0
unknown_1417cc,2002,3,2,1.0,103822.0,33.3
unknown_1420cc,2010,1,1,0.0,13374.0,0.0
unknown_1422cc,2003,1,1,0.0,98309.0,0.0
unknown_1439cc,1982,1,1,4.0,83480.0,0.0
unknown_1440cc,1998,3,1,7.666666666666667,104254.66666666667,66.7
unknown_1448cc,2006,2,1,1.5,69212.0,50.0
unknown_1457cc,1976,1,0,5.0,190349.0,100.0
unknown_1457cc,1978,2,1,7.0,78292.0,50.0
unknown_1457cc,1979,4,2,1.5,178827.5,50.0
unknown_1457cc,1980,3,3,1.0,48318.333333333336,0.0
unknown_1457cc,1981,28,18,3.5357142857142856,81081.32142857143,35.7
unknown_1457cc,1982,110,73,2.9363636363636365,101339.94392523365,33.6
unknown_1457cc,1983,183,116,3.633879781420765,127037.02209944751,36.6
unknown_1457cc,1984,8,6,1.375,110321.5,25.0
unknown_1457cc,1985,2,1,3.5,74858.0,50.0
unknown_1457cc,1993,2,1,0.5,70002.5,50.0
unknown_1457cc,1999,1,1,0.0,101035.0,0.0
unknown_1457cc,2001,1,1,4.0,54089.0,0.0
unknown_1457cc,2007,2,1,0.5,43696.0,50.0
unknown_1457cc,2010,3,2,1.6666666666666667,35828.666666666664,33.3
unknown_1460cc,1978,9,7,1.5555555555555556,73081.22222222222,22.2
unknown_1460cc,1979,3,2,1.6666666666666667,44508.666666666664,33.3
unknown_1460cc,1980,4,4,1.25,57523.0,0.0
unknown_1471cc,1977,1,1,0.0,59402.0,0.0
unknown_1471cc,1979,2,2,1.0,52199.0,0.0
unknown_1471cc,2008,1,1,0.0,85825.0,0.0
unknown_1471cc,2009,2,1,1.5,92587.0,50.0
unknown_1471cc,2010,1,1,0.0,57429.0,0.0
unknown_1471cc,2011,2,2,0.0,25935.0,0.0
unknown_1477cc,2005,1,1,0.0,68116.0,0.0
unknown_1489cc,1975,1,1,0.0,34733.0,0.0
unknown_1500cc,1975,1,1,3.0,140632.0,0.0
unknown_1500cc,1981,2,1,1.5,128801.5,50.0
unknown_1500cc,1982,6,4,3.8333333333333335,115803.5,33.3
unknown_1500cc,1983,3,2,9.0,143115.33333333334,33.3
unknown_1500cc,1986,2,1,1.5,84343.0,50.0
unknown_1500cc,1998,1,1,2.0,133579.0,0.0
unknown_1500cc,1999,4,2,2.0,111833.0,50.0
unknown_1500cc,2002,5,4,0.6,72443.6,20.0
unknown_1545cc,1998,1,1,1.0,89842.0,0.0
unknown_1545cc,2001,1,1,1.0,57034.0,0.0
unknown_1545cc,2002,1,1,4.0,92568.0,0.0
unknown_1548cc,2001,1,1,0.0,134648.0,0.0
unknown_1556cc,2011,1,1,0.0,41416.0,0.0
unknown_1558cc,2000,2,1,0.5,62521.0,50.0
unknown_1558cc,2004,1,1,1.0,53570.0,0.0
unknown_1565cc,2001,1,1,0.0,38614.0,0.0
unknown_1566cc,2011,1,1,1.0,21911.0,0.0
unknown_1576cc,1983,3,1,5.0,316992.0,66.7
unknown_1576cc,1986,1,1,2.0,75013.0,0.0
unknown_1576cc,1989,4,2,6.0,180706.5,50.0
unknown_1577cc,1976,1,1,0.0,77260.0,0.0
unknown_1577cc,1982,1,1,0.0,111196.0,0.0
unknown_1578cc,2001,1,1,0.0,48360.0,0.0
unknown_1585cc,1991,1,1,0.0,119822.0,0.0
unknown_1585cc,2001,1,1,4.0,56171.0,0.0
unknown_1585cc,2007,1,1,0.0,41199.0,0.0
unknown_1586cc,2010,3,2,1.0,68077.66666666667,33.3
unknown_1587cc,2000,2,1,0.5,116028.0,50.0
unknown_1587cc,2001,4,2,3.5,139031.75,50.0
unknown_1588cc,1971,3,3,0.3333333333333333,124654.66666666667,0.0
unknown_1588cc,1976,2,2,0.0,53654.5,0.0
unknown_1588cc,1977,1,1,3.0,106321.0,0.0
unknown_1588cc,1979,15,10,0.8666666666666667,83868.06666666667,33.3
unknown_1588cc,1980,58,45,2.1724137931034484,96107.0,22.4
unknown_1588cc,1981,133,91,2.2857142857142856,109444.6746031746,31.6
unknown_1588cc,1982,176,118,2.596590909090909,128563.12865497076,33.0
unknown_1588cc,1983,34,23,2.8823529411764706,91302.90909090909,32.4
unknown_1588cc,1984,5,4,1.6,117942.0,20.0
unknown_1588cc,1985,43,27,4.4186046511627906,60995.53658536585,37.2
unknown_1588cc,1986,47,30,4.829787234042553,70905.39130434782,36.2
unknown_1588cc,1987,97,65,3.577319587628866,112828.59375,33.0
unknown_1588cc,1988,196,123,3.88265306122449,145262.64736842105,37.2
unknown_1588cc,1989,278,177,3.9964028776978417,138361.32481751824,36.3
unknown_1588cc,1990,131,87,3.7786259541984735,148012.46511627908,33.6
unknown_1588cc,1991,203,131,4.1330049261083746,158931.175,35.5
unknown_1588cc,1992,27,18,4.37037037037037,135758.25925925927,33.3
unknown_1588cc,1993,5,3,3.4,135957.4,40.0
unknown_1588cc,1996,1,0,12.0,159088.0,100.0
unknown_1588cc,1998,3,2,1.6666666666666667,138267.0,33.3
unknown_1588cc,1999,4,3,0.75,63938.75,25.0
unknown_1588cc,2000,2,1,8.5,178080.5,50.0
unknown_1588cc,2001,13,9,2.3076923076923075,128557.25,30.8
unknown_1588cc,2002,16,13,1.4375,139342.4375,18.8
unknown_1588cc,2003,15,11,1.8,119874.35714285714,26.7
unknown_1588cc,2004,32,23,1.90625,102136.21875,28.1
unknown_1588cc,2005,26,21,1.8846153846153846,99538.84615384616,19.2
unknown_1588cc,2006,22,20,0.6363636363636364,91168.18181818182,9.1
unknown_1588cc,2007,17,12,1.6470588235294117,87599.5,29.4
unknown_1588cc,2008,18,16,0.4444444444444444,65232.117647058825,11.1
unknown_1588cc,2009,13,13,0.7692307692307693,47706.769230769234,0.0
unknown_1588cc,2010,22,22,0.2727272727272727,49482.954545454544,0.0
unknown_1588cc,2011,19,18,0.631578947368421,45209.15789473684,5.3
unknown_1589cc,1990,2,1,5.0,194620.0,50.0
unknown_1589cc,1991,2,2,1.0,109309.5,0.0
unknown_1589cc,1996,1,1,4.0,176734.0,0.0
unknown_1589cc,2003,1,0,6.0,187054.0,100.0
unknown_1589cc,2010,2,2,0.0,49169.5,0.0
unknown_158cc,2002,2,1,1.0,85207.0,50.0
unknown_158cc,2003,2,2,1.5,62306.5,0.0
unknown_158cc,2005,2,1,1.5,114720.0,50.0
unknown_1590cc,1999,1,1,0.0,105499.0,0.0
unknown_1590cc,2000,91,64,2.1538461538461537,104371.9010989011,29.7
unknown_1590cc,2001,179,133,2.217877094972067,107288.38636363637,25.7
unknown_1590cc,2002,214,162,2.5046728971962615,99803.1308411215,24.3
unknown_1590cc,2003,124,106,1.4112903225806452,92029.09016393442,14.5
unknown_1590cc,2004,87,73,1.7701149425287357,80797.31034482758,16.1
unknown_1590cc,2005,44,39,1.5681818181818181,70940.86363636363,11.4
unknown_1590cc,2006,11,6,2.4545454545454546,87554.18181818182,45.5
unknown_1590cc,2007,9,7,0.6666666666666666,39779.77777777778,22.2
unknown_1590cc,2008,1,1,1.0,45589.0,0.0
unknown_1591cc,2000,1,1,0.0,111006.0,0.0
unknown_1591cc,2002,1,1,1.0,82622.0,0.0
unknown_1591cc,2011,1,1,0.0,29296.0,0.0
unknown_1593cc,1987,1,1,0.0,118663.0,0.0
unknown_1593cc,1991,2,1,4.0,120331.0,50.0
unknown_1593cc,1999,2,1,8.5,118058.0,50.0
unknown_1593cc,2000,4,4,1.0,81385.0,0.0
unknown_1593cc,2001,1,1,2.0,55586.0,0.0
unknown_1593cc,2002,1,1,2.0,103033.0,0.0
unknown_1594cc,1998,3,2,2.0,104658.33333333333,33.3
unknown_1594cc,1999,1,1,1.0,108483.0,0.0
unknown_1594cc,2000,8,5,3.0,105751.0,37.5
unknown_1594cc,2001,6,4,2.5,117724.5,33.3
unknown_1594cc,2002,1,1,2.0,48033.0,0.0
unknown_1594cc,2004,34,28,1.1470588235294117,82751.75757575757,17.6
unknown_1594cc,2005,22,15,1.5,75162.18181818182,31.8
unknown_1594cc,2006,20,15,0.75,73967.05,25.0
unknown_1594cc,2007,11,11,0.9090909090909091,42581.63636363636,0.0
unknown_1594cc,2009,148,134,0.6824324324324325,42976.54054054054,9.5
unknown_1594cc,2010,29,25,0.896551724137931,46017.96296296296,13.8
unknown_1594cc,2011,6,6,0.5,37014.166666666664,0.0
unknown_1596cc,1991,1,1,0.0,28969.0,0.0
unknown_1596cc,1998,2,1,2.5,113404.0,50.0
unknown_1596cc,1999,7,5,3.857142857142857,125717.0,28.6
unknown_1596cc,2000,9,7,2.3333333333333335,85290.77777777778,22.2
unknown_1596cc,2001,13,9,1.0,80818.58333333333,30.8
unknown_1596cc,2002,21,19,2.0952380952380953,84751.85714285714,9.5
unknown_1596cc,2003,5,5,2.2,92957.4,0.0
unknown_1596cc,2004,2,2,2.0,41188.0,0.0
unknown_1596cc,2005,1,1,0.0,63978.0,0.0
unknown_1596cc,2006,2,2,0.0,35389.5,0.0
unknown_1596cc,2007,2,2,0.5,40630.0,0.0
unknown_1596cc,2008,1,1,0.0,42164.0,0.0
unknown_1596cc,2009,2,1,0.5,51811.0,50.0
unknown_1596cc,2010,7,7,0.8571428571428571,48933.71428571428,0.0
unknown_1596cc,2011,24,23,0.9166666666666666,39515.708333333336,4.2
unknown_1597cc,1990,1,1,3.0,123199.0,0.0
unknown_1597cc,1994,2,1,1.5,,50.0
unknown_1597cc,1999,2,2,3.0,80120.5,0.0
unknown_1597cc,2000,1,1,6.0,45584.0,0.0
unknown_1597cc,2001,1,1,0.0,52395.0,0.0
unknown_1597cc,2002,3,2,1.3333333333333333,90190.0,33.3
unknown_1597cc,2003,1,1,0.0,93175.0,0.0
unknown_1597cc,2004,2,1,6.0,84665.5,50.0
unknown_1597cc,2007,2,2,0.5,62850.0,0.0
unknown_15998cc,2001,1,1,0.0,27676.0,0.0
unknown_15998cc,2002,1,1,1.0,97529.0,0.0
unknown_15998cc,2006,2,1,1.5,92283.5,50.0
unknown_1599cc,1998,1,1,0.0,123810.0,0.0
unknown_1599cc,1999,3,2,1.3333333333333333,97615.33333333333,33.3
unknown_1599cc,2000,2,1,1.5,91648.0,50.0
unknown_1599cc,2002,3,3,1.6666666666666667,82594.66666666667,0.0
unknown_1599cc,2005,2,2,0.0,44154.5,0.0
unknown_1599cc,2006,1,1,1.0,53544.0,0.0
unknown_1599cc,2007,1,1,0.0,32275.0,0.0
unknown_1599cc,2010,2,2,0.0,48619.5,0.0
unknown_159cc,2002,8,4,4.25,109314.125,50.0
unknown_16000cc,1999,4,3,1.75,67351.75,25.0
unknown_16000cc,2000,4,3,2.0,94390.0,25.0
unknown_1600cc,1971,1,1,0.0,85557.0,0.0
unknown_1600cc,1976,1,1,0.0,196114.0,0.0
unknown_1600cc,1979,2,2,0.5,94543.5,0.0
unknown_1600cc,1980,2,1,1.5,426073.0,50.0
unknown_1600cc,1981,6,4,2.8333333333333335,95917.2,33.3
unknown_1600cc,1982,17,12,2.6470588235294117,106581.05882352941,29.4
unknown_1600cc,1983,12,10,1.4166666666666667,83591.45454545454,16.7
unknown_1600cc,1984,42,30,2.9761904761904763,113076.63414634146,28.6
unknown_1600cc,1985,9,5,5.0,77992.33333333333,44.4
unknown_1600cc,1986,6,5,5.333333333333333,120113.83333333333,16.7
unknown_1600cc,1987,5,3,3.2,88176.8,40.0
unknown_1600cc,1988,2,2,1.0,122185.0,0.0
unknown_1600cc,1989,10,7,2.4,70658.5,30.0
unknown_1600cc,1990,11,7,3.727272727272727,161947.0,36.4
unknown_1600cc,1991,9,6,2.2222222222222223,151304.55555555556,33.3
unknown_1600cc,1992,1,1,4.0,185908.0,0.0
unknown_1600cc,1996,6,4,2.8333333333333335,172914.16666666666,33.3
unknown_1600cc,1997,4,2,4.25,121374.75,50.0
unknown_1600cc,1998,7681,5178,2.8715011066267415,108167.6775645268,32.6
unknown_1600cc,1999,13000,8784,2.8903846153846153,105038.28637323118,32.4
unknown_1600cc,2000,9448,6439,2.8035563082133783,106390.51029821926,31.8
unknown_1600cc,2001,268,203,2.388059701492537,97546.43984962406,24.3
unknown_1600cc,2002,137,99,1.6569343065693432,89031.74814814815,27.7
unknown_1600cc,2003,46,36,2.1739130434782608,87349.17391304347,21.7
unknown_1600cc,2004,8596,6400,1.7455793392275476,78748.2577996716,25.5
unknown_1600cc,2005,4644,3677,1.2812230835486649,67980.68658987177,20.8
unknown_1600cc,2006,2445,2068,0.9169734151329243,56596.64705882353,15.4
unknown_1600cc,2007,85,72,0.7764705882352941,50487.035294117646,15.3
unknown_1600cc,2008,4,3,1.5,58581.5,25.0
unknown_1600cc,2009,2392,2122,0.8532608695652174,58706.14749262537,11.3
unknown_1600cc,2010,2446,2176,0.794358135731807,54067.20859149112,11.0
unknown_1600cc,2011,28,27,0.42857142857142855,41024.28571428572,3.6
unknown_1600cc,2012,3,2,0.3333333333333333,29311.0,33.3
unknown_16090cc,1999,1,1,2.0,141592.0,0.0
unknown_1610cc,1985,1,1,2.0,60934.0,0.0
unknown_1610cc,1998,1,1,3.0,82370.0,0.0
unknown_1650cc,1999,2,1,1.0,87036.0,50.0
unknown_1650cc,2000,2,1,2.0,147487.0,50.0
unknown_1679cc,2000,2,1,8.0,89573.0,50.0
unknown_1695cc,2002,1,1,0.0,103644.0,0.0
unknown_1696cc,2011,1,1,0.0,18392.0,0.0
unknown_1698cc,2001,1,1,1.0,64922.0,0.0
unknown_1698cc,2004,3,1,1.6666666666666667,42968.5,66.7
unknown_1698cc,2006,1,1,2.0,78993.0,0.0
unknown_1698cc,2008,2,1,0.5,79564.0,50.0
unknown_1699cc,2000,3,2,3.0,112673.66666666667,33.3
unknown_16cc,2010,2,1,1.5,78695.5,50.0
unknown_1700cc,1981,1,1,6.0,72339.0,0.0
unknown_1700cc,1986,3,2,4.0,76547.0,33.3
unknown_1700cc,1999,2,1,6.5,77488.0,50.0
unknown_1710cc,2000,2,2,2.0,117355.0,0.0
unknown_1718cc,1989,1,1,0.0,125518.0,0.0
unknown_1718cc,1990,2,1,5.5,78797.0,50.0
unknown_1718cc,1994,2,1,9.5,153528.5,50.0
unknown_1731cc,2003,1,1,0.0,75501.0,0.0
unknown_1735cc,1999,2,1,1.0,126769.5,50.0
unknown_1738cc,1989,16,12,3.25,154364.5625,25.0
unknown_1738cc,1990,7,6,0.2857142857142857,168491.2857142857,14.3
unknown_1738cc,1991,3,2,2.6666666666666665,213296.66666666666,33.3
unknown_1738cc,1992,1,1,0.0,79474.0,0.0
unknown_1740cc,1999,1,1,0.0,109175.0,0.0
unknown_1743cc,2001,2,2,1.5,135124.0,0.0
unknown_1750cc,1983,1,1,0.0,164290.0,0.0
unknown_1750cc,2000,2,1,7.0,122662.0,50.0
unknown_1751cc,2001,1,1,0.0,84177.0,0.0
unknown_1751cc,2002,1,1,0.0,131654.0,0.0
unknown_1758cc,1990,2,1,4.5,150723.0,50.0
unknown_17600cc,1999,2,1,11.0,130789.0,50.0
unknown_1760cc,1982,8,6,1.375,127544.25,25.0
unknown_1760cc,1983,33,24,2.4545454545454546,137442.5483870968,27.3
unknown_1760cc,1984,5,4,2.4,108530.8,20.0
unknown_1760cc,1985,5,4,1.6,131756.0,20.0
unknown_1760cc,1986,4,3,2.25,161802.25,25.0
unknown_1760cc,1987,1,1,0.0,139188.0,0.0
unknown_1760cc,1988,3,2,5.0,271092.3333333333,33.3
unknown_1760cc,1989,4,3,1.0,186041.5,25.0
unknown_1761cc,1990,1,1,0.0,46845.0,0.0
unknown_1761cc,1994,2,1,8.0,143106.0,50.0
unknown_1762cc,1990,1,1,0.0,110933.0,0.0
unknown_1763cc,1971,2,1,0.5,224604.0,50.0
unknown_1763cc,1983,4,3,5.75,72661.0,25.0
unknown_1763cc,1989,12,10,0.75,128815.5,16.7
unknown_1763cc,1990,12,11,0.6666666666666666,115787.81818181818,8.3
unknown_1763cc,1991,3,2,2.3333333333333335,131535.66666666666,33.3
unknown_1763cc,2001,2,1,3.0,135929.5,50.0
unknown_1765cc,1999,2,1,2.0,75983.0,50.0
unknown_1778cc,1990,1,1,2.0,135455.0,0.0
unknown_1779cc,1990,1,1,2.0,308339.0,0.0
unknown_1780cc,1971,3,2,3.3333333333333335,121481.33333333333,33.3
unknown_1780cc,1982,68,50,2.338235294117647,129265.35820895522,26.5
unknown_1780cc,1983,767,549,2.727509778357236,135676.4966622163,28.4
unknown_1780cc,1984,149,102,3.2013422818791946,117126.73648648648,31.5
unknown_1780cc,1985,4,3,2.5,130561.5,25.0
unknown_1780cc,1987,4,2,5.25,72093.33333333333,50.0
unknown_1780cc,1988,2,2,4.5,141690.5,0.0
unknown_1780cc,1989,8,5,1.375,136220.5,37.5
unknown_1780cc,1990,3,2,2.3333333333333335,233745.66666666666,33.3
unknown_1780cc,1992,2,1,2.5,92533.0,50.0
unknown_1780cc,1994,1,1,0.0,223991.0,0.0
unknown_1780cc,1996,2,1,1.0,85234.5,50.0
unknown_1780cc,1998,1,1,0.0,111241.0,0.0
unknown_1780cc,1999,8,5,2.125,113675.125,37.5
unknown_1780cc,2000,4,3,1.5,107464.75,25.0
unknown_1780cc,2001,5,4,0.6,103199.0,20.0
unknown_1780cc,2002,2,2,2.5,64768.0,0.0
unknown_1782cc,1990,1,1,0.0,134434.0,0.0
unknown_1782cc,1992,2,1,2.5,76018.0,50.0
unknown_1782cc,2001,1,1,1.0,95908.0,0.0
unknown_1783cc,1990,1,1,0.0,160206.0,0.0
unknown_1783cc,2000,1,1,2.0,162509.0,0.0
unknown_1783cc,2001,1,1,3.0,67354.0,0.0
unknown_1784cc,1984,1,1,1.0,2478.0,0.0
unknown_1784cc,1989,2,1,6.0,100550.0,50.0
unknown_1784cc,1999,2,1,9.0,171855.0,50.0
unknown_1784cc,2000,2,1,1.5,119417.0,50.0
unknown_1785cc,1983,1,1,0.0,155813.0,0.0
unknown_1785cc,2000,2,1,3.0,115503.0,50.0
unknown_1786cc,2002,2,1,8.0,110972.0,50.0
unknown_1786cc,2007,2,1,0.5,40111.0,50.0
unknown_1787cc,1988,1,1,4.0,100587.0,0.0
unknown_1787cc,1990,4,3,2.5,198188.25,25.0
unknown_1787cc,1996,1,1,5.0,94839.0,0.0
unknown_1787cc,1998,2,1,2.5,153111.0,50.0
unknown_1787cc,1999,1,1,4.0,139645.0,0.0
unknown_1787cc,2001,2,2,0.0,97783.0,0.0
unknown_1788cc,1983,2,1,5.5,168688.0,50.0
unknown_1788cc,1989,2,1,2.5,247584.0,50.0
unknown_1789cc,1995,1,1,0.0,138489.0,0.0
unknown_1789cc,2001,1,1,1.0,87755.0,0.0
unknown_178cc,1990,2,1,4.0,61775.0,50.0
unknown_1790cc,1980,1,1,1.0,50681.0,0.0
unknown_1790cc,1984,2,2,2.5,98470.5,0.0
unknown_1790cc,1990,1,1,1.0,74457.0,0.0
unknown_1790cc,2001,2,2,1.0,147546.5,0.0
unknown_1791cc,1996,2,1,1.0,102137.0,50.0
unknown_1791cc,1998,1,1,0.0,136973.0,0.0
unknown_1791cc,2001,2,1,6.0,69914.0,50.0
unknown_1792cc,1992,1,1,2.0,72448.0,0.0
unknown_1792cc,1997,2,2,3.0,89303.5,0.0
unknown_1792cc,2001,1,1,1.0,116354.0,0.0
unknown_1793cc,1996,1,1,0.0,64587.0,0.0
unknown_1793cc,2001,1,1,1.0,55922.0,0.0
unknown_1794cc,2000,2,1,6.5,108360.0,50.0
unknown_1795cc,1983,1,1,0.0,112086.0,0.0
unknown_1795cc,1990,1,1,0.0,56235.0,0.0
unknown_1796cc,1983,2,1,6.5,69256.5,50.0
unknown_1796cc,1988,2,1,3.5,140521.0,50.0
unknown_1796cc,1989,1,1,0.0,121280.0,0.0
unknown_1796cc,1991,1,1,5.0,220259.0,0.0
unknown_1796cc,1999,2,1,1.5,77150.0,50.0
unknown_1796cc,2000,5,4,1.0,97452.4,20.0
unknown_1796cc,2001,5,3,2.0,92516.25,40.0
unknown_1796cc,2002,1,1,1.0,96487.0,0.0
unknown_1797cc,1983,1,1,4.0,142385.0,0.0
unknown_1797cc,1999,2,2,1.5,121164.0,0.0
unknown_1797cc,2000,2,1,4.0,72552.0,50.0
unknown_1797cc,2002,2,1,0.5,70773.0,50.0
unknown_1797cc,2006,1,1,1.0,30899.0,0.0
unknown_1799cc,1999,1,1,4.0,142029.0,0.0
unknown_1799cc,2000,3,2,2.3333333333333335,111995.0,33.3
unknown_1800cc,1971,3,2,2.3333333333333335,166361.66666666666,33.3
unknown_1800cc,1981,10,9,2.5,78792.6,10.0
unknown_1800cc,1982,10,8,0.8,135748.9,20.0
unknown_1800cc,1983,71,53,3.028169014084507,151961.3142857143,25.4
unknown_1800cc,1984,54,40,3.111111111111111,109517.42592592593,25.9
unknown_1800cc,1985,10,7,2.2,141757.3,30.0
unknown_1800cc,1986,17,11,3.764705882352941,122101.5294117647,35.3
unknown_1800cc,1987,8,5,5.125,149196.0,37.5
unknown_1800cc,1988,32,21,2.78125,133987.35714285713,34.4
unknown_1800cc,1989,41,31,2.4878048780487805,138961.24390243902,24.4
unknown_1800cc,1990,53,39,3.0377358490566038,142640.3962264151,26.4
unknown_1800cc,1991,37,26,3.27027027027027,160996.5588235294,29.7
unknown_1800cc,1992,11,7,3.4545454545454546,125025.09090909091,36.4
unknown_1800cc,1993,6,4,5.333333333333333,128000.33333333333,33.3
unknown_1800cc,1994,34,21,3.9705882352941178,109544.12121212122,38.2
unknown_1800cc,1995,13,8,2.5384615384615383,96902.25,38.5
unknown_1800cc,1996,20,11,3.95,106427.9,45.0
unknown_1800cc,1997,15,10,4.0,100837.53333333334,33.3
unknown_1800cc,1998,2395,1544,3.3937369519832985,127005.8593220339,35.5
unknown_1800cc,1999,9999,6620,3.2853285328532853,127892.74551898734,33.8
unknown_1800cc,2000,4612,3221,2.8540763226366,128681.46741277156,30.2
unknown_1800cc,2001,80,60,3.1,108502.2,25.0
unknown_1800cc,2002,57,40,2.0701754385964914,106735.83636363636,29.8
unknown_1800cc,2003,10,7,1.7,113995.4,30.0
unknown_1800cc,2004,4,3,2.5,116402.0,25.0
unknown_1800cc,2005,2,1,0.5,80857.0,50.0
unknown_1800cc,2006,1,1,0.0,70926.0,0.0
unknown_1800cc,2009,3,2,4.333333333333333,90590.33333333333,33.3
unknown_1800cc,2011,1,1,0.0,17146.0,0.0
unknown_1802cc,1999,2,1,1.5,120061.5,50.0
unknown_1803cc,1982,2,1,8.5,29720.5,50.0
unknown_1806cc,2002,2,1,1.5,77536.0,50.0
unknown_1806cc,2009,1,1,2.0,54487.0,0.0
unknown_1820cc,2001,2,1,6.5,142932.5,50.0
unknown_1825cc,2001,2,1,5.5,197480.0,50.0
unknown_1826cc,2003,2,1,3.0,122778.0,50.0
unknown_1830cc,2002,1,1,2.0,108367.0,0.0
unknown_1845cc,2001,1,1,0.0,134192.0,0.0
unknown_1846cc,2002,6,3,2.1666666666666665,134037.66666666666,50.0
unknown_1846cc,2005,1,1,0.0,50622.0,0.0
unknown_1847cc,1982,1,1,2.0,169557.0,0.0
unknown_1850cc,2001,2,1,3.0,90579.5,50.0
unknown_1860cc,2000,2,1,2.5,93928.0,50.0
unknown_1860cc,2001,1,1,0.0,108332.0,0.0
unknown_1865cc,1998,1,1,2.0,869563.0,0.0
unknown_1868cc,1999,2,1,4.0,156992.0,50.0
unknown_1868cc,2002,2,1,6.0,136387.0,50.0
unknown_1868cc,2005,1,1,2.0,121862.0,0.0
unknown_1868cc,2006,1,1,1.0,117734.0,0.0
unknown_1869cc,1999,1,1,0.0,109531.0,0.0
unknown_1869cc,2002,4,3,0.75,89607.0,25.0
unknown_1869cc,2003,2,1,6.0,100665.5,50.0
unknown_186cc,2001,1,1,2.0,76779.0,0.0
unknown_186cc,2002,5,4,1.6,115980.2,20.0
unknown_186cc,2003,2,2,0.0,68796.0,0.0
unknown_1870cc,1983,5,4,2.4,291683.2,20.0
unknown_1870cc,1984,2,1,1.5,131164.0,50.0
unknown_1870cc,1985,1,1,0.0,130281.0,0.0
unknown_1870cc,1986,1,1,0.0,79986.0,0.0
unknown_1870cc,1988,1,1,0.0,108156.0,0.0
unknown_1870cc,2000,1,1,0.0,147301.0,0.0
unknown_1870cc,2002,1,1,2.0,139549.0,0.0
unknown_1870cc,2004,1,1,0.0,62605.0,0.0
unknown_1871cc,2002,2,1,6.5,133820.0,50.0
unknown_1874cc,1997,1,1,0.0,137581.0,0.0
unknown_1874cc,2001,1,1,1.0,58753.0,0.0
unknown_1876cc,2001,2,1,7.0,112617.5,50.0
unknown_1876cc,2002,4,3,2.5,152199.5,25.0
unknown_1880cc,1990,1,1,0.0,156083.0,0.0
unknown_1881cc,1991,2,1,1.0,184024.0,50.0
unknown_1886cc,2001,2,1,3.0,87701.0,50.0
unknown_1889cc,1983,1,1,0.0,8422.0,0.0
unknown_1890cc,1971,1,0,9.0,93515.0,100.0
unknown_1890cc,1996,1,0,12.0,9471.0,100.0
unknown_1890cc,1999,2,2,3.0,172814.0,0.0
unknown_1890cc,2000,1,1,2.0,116776.0,0.0
unknown_1890cc,2001,1,1,4.0,153661.0,0.0
unknown_1890cc,2002,5,4,4.6,153942.6,20.0
unknown_1890cc,2003,1,1,0.0,114592.0,0.0
unknown_1890cc,2007,1,1,5.0,85551.0,0.0
unknown_1891cc,1988,1,1,3.0,93056.0,0.0
unknown_1891cc,1994,3,2,3.0,116066.66666666667,33.3
unknown_1891cc,1999,1,1,0.0,125704.0,0.0
unknown_1891cc,2000,2,1,8.5,72183.0,50.0
unknown_1891cc,2001,2,2,1.5,130594.0,0.0
unknown_1891cc,2002,5,4,3.6,139518.6,20.0
unknown_1892cc,1995,2,1,5.0,138934.0,50.0
unknown_1892cc,2002,1,1,2.0,128450.0,0.0
unknown_1893cc,1982,1,1,2.0,75739.0,0.0
unknown_1893cc,1988,1,1,1.0,157667.0,0.0
unknown_1893cc,2000,1,1,0.0,148642.0,0.0
unknown_1893cc,2001,4,3,2.0,109368.75,25.0
unknown_1894cc,1983,1,1,0.0,2495.0,0.0
unknown_1894cc,2000,27,21,2.814814814814815,86102.96296296296,22.2
unknown_1894cc,2001,62,45,2.870967741935484,98946.93548387097,27.4
unknown_1894cc,2002,23,16,2.9130434782608696,88848.91304347826,30.4
unknown_1894cc,2003,3,2,0.3333333333333333,121721.0,33.3
unknown_1895cc,1983,2,1,5.5,120341.0,50.0
unknown_1895cc,1996,2,1,5.0,99940.0,50.0
unknown_1895cc,1998,2,1,0.5,122803.0,50.0
unknown_1895cc,1999,2,1,3.5,99791.0,50.0
unknown_1895cc,2000,3,3,2.0,162530.66666666666,0.0
unknown_1895cc,2001,4,4,2.0,96900.5,0.0
unknown_1895cc,2002,23,16,3.260869565217391,121860.23809523809,30.4
unknown_1895cc,2003,5,4,3.2,144655.0,20.0
unknown_1895cc,2006,1,1,0.0,65692.0,0.0
unknown_1895cc,2008,1,1,2.0,63174.0,0.0
unknown_1897cc,1998,1,1,0.0,152131.0,0.0
unknown_1897cc,1999,5,2,5.6,111674.8,60.0
unknown_1897cc,2001,4,2,2.25,106848.25,50.0
unknown_1897cc,2002,6,4,2.5,178355.83333333334,33.3
unknown_1897cc,2003,1,1,2.0,71905.0,0.0
unknown_1897cc,2007,2,1,1.5,75518.0,50.0
unknown_1898cc,1993,1,1,7.0,162608.0,0.0
unknown_1898cc,1998,3,2,6.666666666666667,85896.0,33.3
unknown_1898cc,1999,13,10,1.6923076923076923,154051.92307692306,23.1
unknown_1898cc,2000,21,16,2.857142857142857,145134.0,23.8
unknown_1898cc,2001,22,16,3.6363636363636362,132131.68181818182,27.3
unknown_1898cc,2002,53,38,2.150943396226415,120622.2641509434,28.3
unknown_1898cc,2003,88,66,1.9545454545454546,115730.56976744186,25.0
unknown_1898cc,2004,57,43,2.1403508771929824,133788.0701754386,24.6
unknown_1898cc,2005,38,31,2.0789473684210527,107964.47368421052,18.4
unknown_1898cc,2008,3,3,0.3333333333333333,68791.66666666667,0.0
unknown_1898cc,2009,1,1,4.0,62377.0,0.0
unknown_1899cc,1979,1,1,3.0,62281.0,0.0
unknown_1899cc,1997,2,1,1.5,260075.0,50.0
unknown_1899cc,1999,1,1,3.0,154827.0,0.0
unknown_1899cc,2000,2,2,0.0,135894.5,0.0
unknown_1899cc,2001,7,5,4.0,171452.7142857143,28.6
unknown_1899cc,2002,9,6,3.4444444444444446,161794.44444444444,33.3
unknown_1899cc,2004,1,1,0.0,90400.0,0.0
unknown_189cc,2002,1,1,0.0,162156.0,0.0
unknown_189cc,2006,1,1,0.0,83453.0,0.0
unknown_1900cc,1900,1,1,1.0,111453.0,0.0
unknown_1900cc,1971,3,2,3.3333333333333335,159009.33333333334,33.3
unknown_1900cc,1979,1,1,0.0,42462.0,0.0
unknown_1900cc,1981,2,1,3.0,133935.0,50.0
unknown_1900cc,1983,10,8,6.0,120620.0,20.0
unknown_1900cc,1988,4,3,4.0,92997.75,25.0
unknown_1900cc,1989,3,2,4.666666666666667,110770.33333333333,33.3
unknown_1900cc,1990,5,4,3.4,154988.0,20.0
unknown_1900cc,1991,5,3,3.8,201226.2,40.0
unknown_1900cc,1993,1,0,7.0,181582.0,100.0
unknown_1900cc,1994,3,2,1.0,191858.0,33.3
unknown_1900cc,1995,4,3,5.25,87416.5,25.0
unknown_1900cc,1996,11,7,6.818181818181818,210450.0909090909,36.4
unknown_1900cc,1997,21,12,5.571428571428571,165591.0,42.9
unknown_1900cc,1998,5310,3513,3.53879472693032,154667.36585831584,33.8
unknown_1900cc,1999,9520,6347,3.4967436974789914,152903.24107142858,33.3
unknown_1900cc,2000,8585,5854,3.1412929528246942,150276.54605418138,31.8
unknown_1900cc,2001,341,242,2.5454545454545454,130352.2802359882,29.0
unknown_1900cc,2002,324,246,2.3981481481481484,129905.71913580247,24.1
unknown_1900cc,2003,104,79,2.894230769230769,119751.94174757281,24.0
unknown_1900cc,2004,3714,2778,1.9542272482498653,111100.73476605005,25.2
unknown_1900cc,2005,7765,5955,1.5869929169349646,97251.35659519168,23.3
unknown_1900cc,2006,7363,5898,1.4056770338177373,89875.2877144818,19.9
unknown_1900cc,2007,798,660,1.2092731829573935,85776.17258883249,17.3
unknown_1900cc,2008,10,9,1.4,73051.0,10.0
unknown_1900cc,2009,4,2,0.75,63886.333333333336,50.0
unknown_1900cc,2011,2,2,1.0,47279.5,0.0
unknown_1901cc,1990,2,1,1.0,79472.0,50.0
unknown_1901cc,2001,1,1,0.0,132463.0,0.0
unknown_1902cc,2001,1,1,0.0,90358.0,0.0
unknown_1904cc,1995,2,1,0.0,130903.0,50.0
unknown_1904cc,1999,1,1,4.0,154291.0,0.0
unknown_1905cc,1998,1,1,0.0,125787.0,0.0
unknown_1905cc,1999,2,1,9.5,101366.5,50.0
unknown_1905cc,2003,2,1,5.0,186351.0,50.0
unknown_1906cc,2002,1,1,2.0,112445.0,0.0
unknown_1907cc,1997,1,1,4.0,193283.0,0.0
unknown_1907cc,2001,1,1,3.0,150461.0,0.0
unknown_1908cc,2005,1,1,0.0,102841.0,0.0
unknown_190cc,2002,3,2,1.6666666666666667,122919.66666666667,33.3
unknown_1910cc,1999,1,1,2.0,98881.0,0.0
unknown_1910cc,2006,2,1,3.5,75721.0,50.0
unknown_192cc,2002,1,1,0.0,118913.0,0.0
unknown_1940cc,1999,2,1,1.5,170898.0,50.0
unknown_1942cc,2006,1,1,0.0,69901.0,0.0
unknown_1948cc,1997,1,1,0.0,149325.0,0.0
unknown_1948cc,1998,1,1,2.0,130360.0,0.0
unknown_1948cc,1999,1,1,0.0,107155.0,0.0
unknown_1948cc,2000,1,1,0.0,121585.0,0.0
unknown_1948cc,2004,1,1,2.0,103316.0,0.0
unknown_1948cc,2005,1,1,1.0,63286.0,0.0
unknown_1948cc,2007,1,1,1.0,59334.0,0.0
unknown_1950cc,1998,2,1,0.0,71667.0,50.0
unknown_1954cc,2002,2,2,0.0,65068.5,0.0
unknown_1954cc,2003,3,3,0.6666666666666666,103918.66666666667,0.0
unknown_1956cc,2007,2,1,4.0,104433.0,50.0
unknown_1957cc,1994,2,1,6.5,112065.0,50.0
unknown_1958cc,2001,5,4,1.2,82715.4,20.0
unknown_1958cc,2002,3,2,1.6666666666666667,94371.66666666667,33.3
unknown_1958cc,2011,1,1,1.0,59311.0,0.0
unknown_1959cc,2001,1,1,2.0,154375.0,0.0
unknown_195cc,2002,1,1,0.0,107004.0,0.0
unknown_1960cc,2004,2,1,2.5,71279.0,50.0
unknown_1960cc,2005,5,4,1.2,93671.4,20.0
unknown_1961cc,2010,1,1,0.0,71340.0,0.0
unknown_1963cc,2004,1,1,1.0,67768.0,0.0
unknown_1965cc,2005,1,1,3.0,90726.0,0.0
unknown_1969cc,2004,4,3,1.25,107488.75,25.0
unknown_1969cc,2005,3,2,3.3333333333333335,119201.66666666667,33.3
unknown_1969cc,2006,1,1,0.0,105335.0,0.0
unknown_196cc,2002,1,1,2.0,81471.0,0.0
unknown_1978cc,2004,1,1,3.0,110753.0,0.0
unknown_1979cc,2000,1,1,0.0,158005.0,0.0
unknown_1980cc,1983,1,1,0.0,146870.0,0.0
unknown_1980cc,1995,15,11,2.533333333333333,120972.28571428571,26.7
unknown_1980cc,1996,11,7,2.3636363636363638,99112.45454545454,36.4
unknown_1980cc,1997,6,4,2.1666666666666665,92440.16666666667,33.3
unknown_1980cc,1998,4,2,3.0,81638.0,50.0
unknown_1980cc,1999,3,2,3.3333333333333335,54965.666666666664,33.3
unknown_1980cc,2000,2,1,2.5,112824.5,50.0
unknown_1980cc,2002,3,2,1.0,103166.0,33.3
unknown_1980cc,2003,2,2,1.0,69763.0,0.0
unknown_1980cc,2004,6,4,0.8333333333333334,76210.5,33.3
unknown_1980cc,2005,6,4,1.1666666666666667,69431.16666666667,33.3
unknown_1980cc,2006,7,5,1.4285714285714286,61465.142857142855,28.6
unknown_1980cc,2008,1,1,0.0,23477.0,0.0
unknown_1981cc,1982,1,1,0.0,266.0,0.0
unknown_1981cc,1989,2,2,0.5,186007.0,0.0
unknown_1981cc,1997,2,2,2.5,118622.5,0.0
unknown_1981cc,2001,2,2,1.0,85463.5,0.0
unknown_1981cc,2002,1,1,2.0,71506.0,0.0
unknown_1982cc,2006,1,1,1.0,102753.0,0.0
unknown_1983cc,1997,1,1,3.0,214409.0,0.0
unknown_1983cc,2008,2,1,2.5,31139.0,50.0
unknown_1985cc,1983,2,1,2.5,128289.0,50.0
unknown_1985cc,1990,2,2,1.0,163092.0,0.0
unknown_1985cc,1995,1,1,7.0,93289.0,0.0
unknown_1985cc,2001,1,1,0.0,120921.0,0.0
unknown_1985cc,2004,1,1,1.0,33858.0,0.0
unknown_1985cc,2006,1,1,2.0,6407.0,0.0
unknown_1986cc,1995,1,1,1.0,154412.0,0.0
unknown_1986cc,1997,2,1,3.0,145757.0,50.0
unknown_1986cc,1998,4,2,5.75,157182.0,50.0
unknown_1986cc,2000,5,3,3.6,162564.0,40.0
unknown_1986cc,2001,16,10,3.4375,136998.875,37.5
unknown_1986cc,2002,12,8,2.25,116401.18181818182,33.3
unknown_1986cc,2004,3,2,5.0,94834.33333333333,33.3
unknown_1986cc,2005,14,11,2.2142857142857144,98528.42857142857,21.4
unknown_1986cc,2006,3,2,3.0,77402.0,33.3
unknown_1986cc,2007,1,1,0.0,48368.0,0.0
unknown_1986cc,2008,2,2,0.0,76263.5,0.0
unknown_1986cc,2009,2,1,2.0,46511.0,50.0
unknown_1987cc,2000,2,1,3.0,138387.0,50.0
unknown_1987cc,2001,1,1,2.0,82937.0,0.0
unknown_1988cc,1995,3,2,5.0,98408.0,33.3
unknown_1988cc,1997,1,1,0.0,135345.0,0.0
unknown_1988cc,2002,2,1,3.0,90992.0,50.0
unknown_1988cc,2005,2,1,7.5,82091.0,50.0
unknown_1988cc,2008,1,1,1.0,71845.0,0.0
unknown_1988cc,2010,1,1,0.0,26296.0,0.0
unknown_1989cc,1999,1,1,0.0,116957.0,0.0
unknown_1989cc,2000,1,1,1.0,111612.0,0.0
unknown_1989cc,2002,2,1,3.0,94665.5,50.0
unknown_1989cc,2003,1,1,1.0,56511.0,0.0
unknown_1989cc,2004,1,1,1.0,63984.0,0.0
unknown_1989cc,2006,7,5,1.2857142857142858,71831.5,28.6
unknown_1989cc,2009,1,1,0.0,46320.0,0.0
unknown_198cc,2000,1,1,1.0,100456.0,0.0
unknown_198cc,2001,3,2,1.6666666666666667,108000.66666666667,33.3
unknown_198cc,2002,1,1,0.0,77775.0,0.0
unknown_198cc,2006,1,1,0.0,70037.0,0.0
unknown_198cc,2007,1,1,1.0,73744.0,0.0
unknown_1990cc,1998,2,2,3.0,148648.0,0.0
unknown_1990cc,1999,4,3,0.5,120955.0,25.0
unknown_1990cc,2000,3,3,2.6666666666666665,145923.33333333334,0.0
unknown_1995cc,1988,1,1,0.0,125567.0,0.0
unknown_1995cc,1999,2,1,1.5,70424.0,50.0
unknown_1995cc,2000,5,3,3.2,116710.4,40.0
unknown_1995cc,2002,5,4,3.4,52803.6,20.0
unknown_1995cc,2005,2,2,0.5,70545.0,0.0
unknown_1995cc,2008,1,1,0.0,20755.0,0.0
unknown_1995cc,2012,1,1,0.0,20984.0,0.0
unknown_1996cc,1989,1,1,3.0,99632.0,0.0
unknown_1996cc,1999,2,1,0.5,125493.0,50.0
unknown_1996cc,2001,4,2,5.75,162358.5,50.0
unknown_1996cc,2002,5,3,2.2,100962.4,40.0
unknown_1996cc,2004,2,2,0.0,129263.0,0.0
unknown_1996cc,2005,7,5,1.8571428571428572,110174.0,28.6
unknown_1996cc,2006,5,3,2.2,104398.4,40.0
unknown_1996cc,2009,3,2,3.6666666666666665,39187.0,33.3
unknown_1997cc,1999,1,1,2.0,87676.0,0.0
unknown_1997cc,2000,1,1,2.0,153441.0,0.0
unknown_1997cc,2004,2,1,5.0,262654.5,50.0
unknown_1998cc,1979,2,1,1.0,42501.5,50.0
unknown_1998cc,1981,1,1,2.0,114597.0,0.0
unknown_1998cc,1982,2,1,2.5,122476.0,50.0
unknown_1998cc,1983,2,2,1.5,85713.5,0.0
unknown_1998cc,1985,1,1,3.0,0.0,0.0
unknown_1998cc,1987,1,1,1.0,130037.0,0.0
unknown_1998cc,1989,2,1,8.5,177547.0,50.0
unknown_1998cc,1990,2,1,5.5,136881.0,50.0
unknown_1998cc,1991,3,2,5.0,166999.33333333334,33.3
unknown_1998cc,1995,3,2,2.3333333333333335,54779.0,33.3
unknown_1998cc,1996,2,1,5.5,172618.0,50.0
unknown_1998cc,1997,4,2,3.75,139426.0,50.0
unknown_1998cc,1998,1,1,0.0,81222.0,0.0
unknown_1998cc,1999,6,4,2.3333333333333335,116244.33333333333,33.3
unknown_1998cc,2000,11,7,3.090909090909091,85942.63636363637,36.4
unknown_1998cc,2001,17,13,2.764705882352941,129389.88235294117,23.5
unknown_1998cc,2002,4,3,1.5,72797.75,25.0
unknown_1998cc,2004,6,4,2.6666666666666665,115400.33333333333,33.3
unknown_1998cc,2005,13,10,2.6153846153846154,119088.84615384616,23.1
unknown_1998cc,2006,8,8,1.125,84660.875,0.0
unknown_1998cc,2007,7,6,1.1428571428571428,67949.28571428571,14.3
unknown_1998cc,2008,1,1,0.0,17259.0,0.0
unknown_1998cc,2009,1,1,1.0,61840.0,0.0
unknown_1998cc,2010,3,3,1.3333333333333333,63471.333333333336,0.0
unknown_1999cc,1990,1,1,0.0,92436.0,0.0
unknown_1999cc,1995,1,0,0.0,,100.0
unknown_1999cc,1999,1,1,0.0,104632.0,0.0
unknown_1999cc,2000,6,4,3.6666666666666665,198489.66666666666,33.3
unknown_1999cc,2001,7,4,5.285714285714286,114014.85714285714,42.9
unknown_1999cc,2002,2,1,5.0,157802.0,50.0
unknown_1999cc,2003,5,3,3.0,109280.8,40.0
unknown_1999cc,2004,4,2,2.5,103767.75,50.0
unknown_1999cc,2005,1,1,1.0,101307.0,0.0
unknown_1999cc,2006,2,2,0.0,30657.0,0.0
unknown_1999cc,2007,1,1,7.0,28741.0,0.0
unknown_1999cc,2009,1,1,2.0,66860.0,0.0
unknown_1cc,2010,1,1,2.0,28130.0,0.0
unknown_20000cc,2004,1,1,3.0,124433.0,0.0
unknown_2000cc,1971,2,1,5.0,113161.0,50.0
unknown_2000cc,1982,3,2,4.333333333333333,106727.0,33.3
unknown_2000cc,1983,7,5,2.4285714285714284,123292.28571428571,28.6
unknown_2000cc,1984,2,2,3.5,189258.0,0.0
unknown_2000cc,1988,2,1,4.0,66410.0,50.0
unknown_2000cc,1989,9,7,2.0,131827.88888888888,22.2
unknown_2000cc,1990,5,3,1.0,134706.6,40.0
unknown_2000cc,1991,2,2,2.0,156911.5,0.0
unknown_2000cc,1993,2,1,0.5,90869.5,50.0
unknown_2000cc,1994,3,3,1.6666666666666667,110937.33333333333,0.0
unknown_2000cc,1995,2,2,2.0,98852.5,0.0
unknown_2000cc,1996,20,14,4.4,111289.55,30.0
unknown_2000cc,1997,24,16,3.375,110986.29166666667,33.3
unknown_2000cc,1998,16,10,3.9375,90856.4375,37.5
unknown_2000cc,1999,3022,1943,3.3209794837855724,122272.86126005361,35.7
unknown_2000cc,2000,6132,4110,3.0198956294846706,119251.90845886443,33.0
unknown_2000cc,2001,124,87,2.379032258064516,105559.89430894308,29.8
unknown_2000cc,2002,13,10,1.4615384615384615,117991.76923076923,23.1
unknown_2000cc,2003,24,18,1.625,102440.29166666667,25.0
unknown_2000cc,2004,15983,11725,2.14615528999562,108631.18518987342,26.6
unknown_2000cc,2005,23611,17810,1.8363898183050273,97118.26409609712,24.6
unknown_2000cc,2006,13359,10394,1.589714799011902,87187.87321819142,22.2
unknown_2000cc,2007,2878,2387,1.11952744961779,69993.51050420168,17.1
unknown_2000cc,2008,782,667,1.010230179028133,66756.43918053777,14.7
unknown_2000cc,2009,1091,966,0.7314390467461045,47213.56481481482,11.5
unknown_2000cc,2010,460,418,0.6652173913043479,38775.26754385965,9.1
unknown_2000cc,2011,15,13,0.5333333333333333,47493.13333333333,13.3
unknown_2000cc,2012,1,1,0.0,45786.0,0.0
unknown_2003cc,2005,77,61,1.3766233766233766,93025.36,20.8
unknown_2003cc,2006,56,44,1.5178571428571428,80334.33928571429,21.4
unknown_2003cc,2007,24,22,1.3333333333333333,96798.29166666667,8.3
unknown_2003cc,2008,11,11,0.5454545454545454,59549.545454545456,0.0
unknown_2003cc,2009,24,24,0.5833333333333334,43364.708333333336,0.0
unknown_2003cc,2010,4,4,0.75,62981.5,0.0
unknown_2003cc,2011,2,2,0.0,30016.5,0.0
unknown_2008cc,1983,2,1,1.5,207316.5,50.0
unknown_200cc,2004,3,2,1.3333333333333333,118018.0,33.3
unknown_200cc,2006,2,1,3.5,65199.0,50.0
unknown_2050cc,1988,1,0,3.0,185682.0,100.0
unknown_2100cc,1983,1,1,3.0,245990.0,0.0
unknown_2189cc,2006,1,1,0.0,54641.0,0.0
unknown_2200cc,2001,2,1,6.0,57708.0,50.0
unknown_2295cc,1999,1,1,0.0,106371.0,0.0
unknown_2298cc,2002,1,1,0.0,101447.0,0.0
unknown_2299cc,1999,1,1,4.0,72552.0,0.0
unknown_2300cc,1999,880,611,2.8420454545454548,110979.15898617511,30.6
unknown_2300cc,2000,770,527,2.7766233766233768,115982.77320954906,31.6
unknown_2300cc,2001,46,34,2.9347826086956523,100878.2,26.1
unknown_2300cc,2002,29,22,1.9655172413793103,89284.82142857143,24.1
unknown_2300cc,2003,5,4,0.0,69219.75,20.0
unknown_230cc,1999,2,2,0.0,57390.0,0.0
unknown_2322cc,2000,2,1,1.5,93415.5,50.0
unknown_2324cc,1971,2,1,3.0,49742.5,50.0
unknown_2324cc,1998,29,19,2.103448275862069,113868.31034482758,34.5
unknown_2324cc,1999,158,116,2.1772151898734178,106749.5541401274,26.6
unknown_2324cc,2000,753,528,2.5750332005312084,106020.9986522911,29.9
unknown_2324cc,2001,2260,1647,2.458849557522124,106440.47828034035,27.1
unknown_2324cc,2002,2439,1801,2.2296022960229602,99063.99129353234,26.2
unknown_2324cc,2003,1226,923,2.0889070146818924,93826.99013157895,24.7
unknown_2324cc,2004,87,61,2.367816091954023,86311.96511627907,29.9
unknown_2324cc,2005,2,1,2.5,59456.0,50.0
unknown_2324cc,2006,3,2,2.3333333333333335,80446.0,33.3
unknown_2324cc,2007,3,3,0.3333333333333333,72805.33333333333,0.0
unknown_2325cc,2000,1,1,4.0,85389.0,0.0
unknown_2325cc,2001,3,2,4.666666666666667,126349.33333333333,33.3
unknown_2325cc,2002,2,1,2.0,142329.0,50.0
unknown_2327cc,2000,2,1,3.5,53402.0,50.0
unknown_2328cc,2000,1,1,4.0,58639.0,0.0
unknown_2329cc,2000,2,1,5.5,136514.0,50.0
unknown_2329cc,2002,1,1,1.0,106360.0,0.0
unknown_2334cc,1999,2,1,4.0,135377.0,50.0
unknown_2334cc,2001,2,2,0.0,106905.0,0.0
unknown_2334cc,2002,1,1,0.0,40573.0,0.0
unknown_2334cc,2003,2,1,2.5,60310.0,50.0
unknown_2342cc,1999,2,1,1.0,141554.5,50.0
unknown_2342cc,2000,1,1,0.0,95935.0,0.0
unknown_2342cc,2001,5,4,1.4,101274.6,20.0
unknown_2344cc,2001,3,1,5.0,118621.0,66.7
unknown_2344cc,2002,1,1,5.0,88232.0,0.0
unknown_2345cc,2001,2,1,9.5,144182.5,50.0
unknown_2370cc,1994,4,3,5.5,215300.75,25.0
unknown_2370cc,1995,4,2,3.25,306663.75,50.0
unknown_2370cc,1996,5,3,6.8,153239.0,40.0
unknown_2390cc,2011,1,1,0.0,25097.0,0.0
unknown_2424cc,2002,2,1,7.0,173528.5,50.0
unknown_2460cc,2007,1,1,0.0,108368.0,0.0
unknown_2495cc,2008,1,1,0.0,12464.0,0.0
unknown_2500cc,1998,1,1,0.0,4354.0,0.0
unknown_2500cc,1999,2,1,6.0,143313.0,50.0
unknown_2500cc,2006,1,1,0.0,41852.0,0.0
unknown_2500cc,2007,2,1,1.5,81630.0,50.0
unknown_2500cc,2008,1,1,0.0,62180.0,0.0
unknown_2500cc,2009,1,1,0.0,37452.0,0.0
unknown_2500cc,2010,3,3,1.6666666666666667,41252.333333333336,0.0
unknown_2500cc,2012,1,1,0.0,25373.0,0.0
unknown_2689cc,1990,2,1,2.5,342947.5,50.0
unknown_2698cc,1990,1,1,1.0,183965.0,0.0
unknown_2702cc,2001,1,1,0.0,64138.0,0.0
unknown_2729cc,1995,1,1,0.0,119072.0,0.0
unknown_2772cc,1995,1,1,1.0,138039.0,0.0
unknown_2779cc,1990,2,1,0.5,179625.0,50.0
unknown_2790cc,1996,5,3,5.4,140778.6,40.0
unknown_2790cc,1997,1,1,0.0,56414.0,0.0
unknown_2791cc,1996,2,1,6.5,130714.5,50.0
unknown_2791cc,2000,1,1,3.0,147816.0,0.0
unknown_2792cc,1971,4,3,5.0,103376.0,25.0
unknown_2792cc,1976,1,1,3.0,,0.0
unknown_2792cc,1985,2,2,0.5,113745.5,0.0
unknown_2792cc,1986,4,4,0.75,76837.25,0.0
unknown_2792cc,1987,2,2,1.0,118955.5,0.0
unknown_2792cc,1988,2,2,0.0,148476.0,0.0
unknown_2792cc,1989,7,6,2.142857142857143,140459.57142857142,14.3
unknown_2792cc,1990,22,18,2.5,133983.86363636365,18.2
unknown_2792cc,1991,19,13,3.210526315789474,122048.57894736843,31.6
unknown_2792cc,1992,89,64,3.303370786516854,123465.24137931035,28.1
unknown_2792cc,1993,92,64,3.4239130434782608,122896.93406593407,30.4
unknown_2792cc,1994,155,107,3.3870967741935485,118636.4705882353,31.0
unknown_2792cc,1995,409,261,4.215158924205379,123613.39185750636,36.2
unknown_2792cc,1996,737,529,3.4138398914518318,119908.88858321871,28.2
unknown_2792cc,1997,1062,739,3.659133709981168,115543.83396946565,30.4
unknown_2792cc,1998,115,80,3.2869565217391306,116739.12280701754,30.4
unknown_2792cc,2000,889,614,2.9437570303712035,111090.98529411765,30.9
unknown_2792cc,2001,1881,1316,2.75544922913344,104045.32794830372,30.0
unknown_2792cc,2002,1249,902,2.489991993594876,99200.6293592863,27.8
unknown_2792cc,2003,936,698,2.246794871794872,95120.50922909881,25.4
unknown_2792cc,2004,75,56,1.7733333333333334,89883.04054054055,25.3
unknown_2792cc,2007,2,1,0.5,61668.0,50.0
unknown_2793cc,1988,1,1,2.0,,0.0
unknown_2793cc,1990,3,2,0.3333333333333333,150508.0,33.3
unknown_2793cc,1991,1,0,16.0,120008.0,100.0
unknown_2793cc,1996,1,1,5.0,153850.0,0.0
unknown_2793cc,1997,5,3,3.4,173748.4,40.0
unknown_2793cc,2000,2,1,4.0,137831.0,50.0
unknown_2793cc,2001,1,1,3.0,96581.0,0.0
unknown_2794cc,1996,2,1,7.0,179509.0,50.0
unknown_2796cc,1995,2,1,4.5,185411.0,50.0
unknown_2797cc,1990,1,1,1.0,107649.0,0.0
unknown_2797cc,1997,2,1,2.0,159463.0,50.0
unknown_2797cc,2000,1,1,0.0,89044.0,0.0
unknown_2798cc,1989,1,1,0.0,113991.0,0.0
unknown_2798cc,1990,2,2,1.5,93952.5,0.0
unknown_2798cc,1991,2,1,8.5,86525.0,50.0
unknown_2798cc,2000,4,2,2.75,102464.0,50.0
unknown_2798cc,2001,3,3,0.0,95347.66666666667,0.0
unknown_2799cc,1991,1,1,1.0,129489.0,0.0
unknown_2799cc,1994,2,1,11.0,96706.0,50.0
unknown_2800cc,1983,4,3,4.5,138386.75,25.0
unknown_2800cc,1986,2,1,10.5,60457.0,50.0
unknown_2800cc,1989,5,4,4.0,121399.4,20.0
unknown_2800cc,1990,11,7,6.363636363636363,141012.81818181818,36.4
unknown_2800cc,1991,10,8,3.4,119813.11111111111,20.0
unknown_2800cc,1992,2,1,2.5,154124.5,50.0
unknown_2800cc,1994,3,2,6.666666666666667,113764.33333333333,33.3
unknown_2800cc,1995,2,2,1.0,70796.0,0.0
unknown_2800cc,1996,2,2,1.5,59946.0,0.0
unknown_2800cc,1997,12,9,2.5833333333333335,105171.91666666667,25.0
unknown_2800cc,1998,9,4,4.666666666666667,89353.88888888889,55.6
unknown_2800cc,1999,15,10,3.466666666666667,118899.6,33.3
unknown_2800cc,2000,464,312,3.0969827586206895,109829.51868131869,32.8
unknown_2800cc,2001,21,19,1.7142857142857142,98122.14285714286,9.5
unknown_2800cc,2002,1,1,2.0,103214.0,0.0
unknown_2800cc,2003,2,1,2.5,83967.5,50.0
unknown_2861cc,1989,1,1,3.0,134069.0,0.0
unknown_2861cc,1990,4,3,1.75,106770.75,25.0
unknown_2861cc,1992,1,1,2.0,105967.0,0.0
unknown_2861cc,1995,1,1,0.0,122762.0,0.0
unknown_2861cc,1996,1,1,0.0,166752.0,0.0
unknown_2861cc,1997,1,1,0.0,165506.0,0.0
unknown_2862cc,1997,1,1,0.0,129638.0,0.0
unknown_2877cc,1989,1,1,0.0,187874.0,0.0
unknown_2892cc,1996,1,1,0.0,94572.0,0.0
unknown_2895cc,1991,1,1,4.0,70275.0,0.0
unknown_2896cc,1998,2,1,3.0,39746.0,50.0
unknown_2896cc,2001,2,1,8.5,172956.0,50.0
unknown_2900cc,1988,4,3,2.5,93247.25,25.0
unknown_2900cc,1989,2,1,7.0,174115.0,50.0
unknown_2900cc,1990,3,2,1.6666666666666667,166587.66666666666,33.3
unknown_2900cc,1991,2,2,0.5,154117.0,0.0
unknown_2900cc,1999,2,1,2.0,185738.0,50.0
unknown_2968cc,2010,1,1,0.0,32641.0,0.0
unknown_2999cc,1991,1,1,4.0,98063.0,0.0
unknown_2999cc,1999,2,1,3.0,115021.0,50.0
unknown_3000cc,1998,2,1,0.5,116138.5,50.0
unknown_3168cc,1995,1,1,0.0,180291.0,0.0
unknown_3180cc,2003,6,4,1.1666666666666667,46202.0,33.3
unknown_3180cc,2004,1,1,0.0,77080.0,0.0
unknown_3190cc,2006,1,1,1.0,50558.0,0.0
unknown_3195cc,1997,1,1,4.0,135357.0,0.0
unknown_3200cc,1989,4,3,2.25,101673.0,25.0
unknown_3200cc,2002,16,12,2.3125,92938.6875,25.0
unknown_3200cc,2003,1558,1169,2.105905006418485,81349.1215255333,25.0
unknown_3200cc,2004,298,234,1.7583892617449663,78106.72972972973,21.5
unknown_3200cc,2005,326,253,1.4079754601226995,73766.80185758515,22.4
unknown_3200cc,2006,1869,1466,1.4237560192616372,70182.51029252437,21.6
unknown_3200cc,2007,1339,1135,0.9432412247946228,60155.88997739262,15.2
unknown_3200cc,2008,1294,1110,0.8578052550231839,54283.81903276131,14.2
unknown_3200cc,2009,372,330,0.739247311827957,44427.035135135135,11.3
unknown_3200cc,2010,1,1,3.0,59918.0,0.0
unknown_3597cc,1990,2,2,0.0,189463.0,0.0
unknown_3647cc,2005,1,1,0.0,37967.0,0.0
unknown_4139cc,2000,1,1,0.0,19184.0,0.0
unknown_4595cc,2003,2,1,2.5,114666.5,50.0
unknown_4cc,1995,1,0,6.0,104321.0,100.0
unknown_4cc,2002,1,1,0.0,101520.0,0.0
unknown_4cc,2004,1,1,0.0,83965.0,0.0
unknown_4cc,2009,1,1,0.0,50333.0,0.0
unknown_598cc,2002,2,1,2.0,139186.5,50.0
unknown_781cc,2001,1,1,2.0,96248.0,0.0
unknown_896cc,2001,1,1,2.0,107908.0,0.0
unknown_896cc,2003,2,1,2.5,123606.0,50.0
unknown_965cc,1991,1,1,0.0,118554.0,0.0
unknown_9cc,2009,1,1,0.0,66933.0,0.0
